  aes.cpp
E:\VS_Projects\TCPAES\aes-static\aes.cpp(17,95): warning C4267: 'argument': conversion from 'size_t' to 'int', possible loss of data
E:\VS_Projects\TCPAES\aes-static\aes.cpp(30,97): warning C4267: 'argument': conversion from 'size_t' to 'int', possible loss of data
libcrypto.lib(libcrypto-1_1-x64.dll) : warning LNK4006: __NULL_IMPORT_DESCRIPTOR already defined in libssl.lib(libssl-1_1-x64.dll); second definition ignored
libssl_static.lib(bio_ssl.obj) : warning LNK4006: BIO_f_ssl already defined in libssl.lib(libssl-1_1-x64.dll); second definition ignored
libssl_static.lib(bio_ssl.obj) : warning LNK4006: BIO_new_ssl already defined in libssl.lib(libssl-1_1-x64.dll); second definition ignored
libssl_static.lib(bio_ssl.obj) : warning LNK4006: BIO_new_ssl_connect already defined in libssl.lib(libssl-1_1-x64.dll); second definition ignored
libssl_static.lib(bio_ssl.obj) : warning LNK4006: BIO_new_buffer_ssl_connect already defined in libssl.lib(libssl-1_1-x64.dll); second definition ignored
libssl_static.lib(bio_ssl.obj) : warning LNK4006: BIO_ssl_copy_session_id already defined in libssl.lib(libssl-1_1-x64.dll); second definition ignored
libssl_static.lib(bio_ssl.obj) : warning LNK4006: BIO_ssl_shutdown already defined in libssl.lib(libssl-1_1-x64.dll); second definition ignored
libssl_static.lib(d1_lib.obj) : warning LNK4006: DTLS_get_data_mtu already defined in libssl.lib(libssl-1_1-x64.dll); second definition ignored
libssl_static.lib(d1_lib.obj) : warning LNK4006: DTLSv1_listen already defined in libssl.lib(libssl-1_1-x64.dll); second definition ignored
libssl_static.lib(d1_lib.obj) : warning LNK4006: DTLS_set_timer_cb already defined in libssl.lib(libssl-1_1-x64.dll); second definition ignored
libssl_static.lib(d1_srtp.obj) : warning LNK4006: SSL_CTX_set_tlsext_use_srtp already defined in libssl.lib(libssl-1_1-x64.dll); second definition ignored
libssl_static.lib(d1_srtp.obj) : warning LNK4006: SSL_set_tlsext_use_srtp already defined in libssl.lib(libssl-1_1-x64.dll); second definition ignored
libssl_static.lib(d1_srtp.obj) : warning LNK4006: SSL_get_srtp_profiles already defined in libssl.lib(libssl-1_1-x64.dll); second definition ignored
libssl_static.lib(d1_srtp.obj) : warning LNK4006: SSL_get_selected_srtp_profile already defined in libssl.lib(libssl-1_1-x64.dll); second definition ignored
libssl_static.lib(methods.obj) : warning LNK4006: TLS_method already defined in libssl.lib(libssl-1_1-x64.dll); second definition ignored
libssl_static.lib(methods.obj) : warning LNK4006: TLS_server_method already defined in libssl.lib(libssl-1_1-x64.dll); second definition ignored
libssl_static.lib(methods.obj) : warning LNK4006: TLS_client_method already defined in libssl.lib(libssl-1_1-x64.dll); second definition ignored
libssl_static.lib(methods.obj) : warning LNK4006: TLSv1_method already defined in libssl.lib(libssl-1_1-x64.dll); second definition ignored
libssl_static.lib(methods.obj) : warning LNK4006: TLSv1_server_method already defined in libssl.lib(libssl-1_1-x64.dll); second definition ignored
libssl_static.lib(methods.obj) : warning LNK4006: TLSv1_client_method already defined in libssl.lib(libssl-1_1-x64.dll); second definition ignored
libssl_static.lib(methods.obj) : warning LNK4006: TLSv1_1_method already defined in libssl.lib(libssl-1_1-x64.dll); second definition ignored
libssl_static.lib(methods.obj) : warning LNK4006: TLSv1_1_server_method already defined in libssl.lib(libssl-1_1-x64.dll); second definition ignored
libssl_static.lib(methods.obj) : warning LNK4006: TLSv1_1_client_method already defined in libssl.lib(libssl-1_1-x64.dll); second definition ignored
libssl_static.lib(methods.obj) : warning LNK4006: TLSv1_2_method already defined in libssl.lib(libssl-1_1-x64.dll); second definition ignored
libssl_static.lib(methods.obj) : warning LNK4006: TLSv1_2_server_method already defined in libssl.lib(libssl-1_1-x64.dll); second definition ignored
libssl_static.lib(methods.obj) : warning LNK4006: TLSv1_2_client_method already defined in libssl.lib(libssl-1_1-x64.dll); second definition ignored
libssl_static.lib(methods.obj) : warning LNK4006: DTLSv1_method already defined in libssl.lib(libssl-1_1-x64.dll); second definition ignored
libssl_static.lib(methods.obj) : warning LNK4006: DTLSv1_server_method already defined in libssl.lib(libssl-1_1-x64.dll); second definition ignored
libssl_static.lib(methods.obj) : warning LNK4006: DTLSv1_client_method already defined in libssl.lib(libssl-1_1-x64.dll); second definition ignored
libssl_static.lib(methods.obj) : warning LNK4006: DTLSv1_2_method already defined in libssl.lib(libssl-1_1-x64.dll); second definition ignored
libssl_static.lib(methods.obj) : warning LNK4006: DTLSv1_2_server_method already defined in libssl.lib(libssl-1_1-x64.dll); second definition ignored
libssl_static.lib(methods.obj) : warning LNK4006: DTLSv1_2_client_method already defined in libssl.lib(libssl-1_1-x64.dll); second definition ignored
libssl_static.lib(methods.obj) : warning LNK4006: DTLS_method already defined in libssl.lib(libssl-1_1-x64.dll); second definition ignored
libssl_static.lib(methods.obj) : warning LNK4006: DTLS_server_method already defined in libssl.lib(libssl-1_1-x64.dll); second definition ignored
libssl_static.lib(methods.obj) : warning LNK4006: DTLS_client_method already defined in libssl.lib(libssl-1_1-x64.dll); second definition ignored
libssl_static.lib(rec_layer_s3.obj) : warning LNK4006: SSL_rstate_string already defined in libssl.lib(libssl-1_1-x64.dll); second definition ignored
libssl_static.lib(rec_layer_s3.obj) : warning LNK4006: SSL_rstate_string_long already defined in libssl.lib(libssl-1_1-x64.dll); second definition ignored
libssl_static.lib(rec_layer_s3.obj) : warning LNK4006: SSL_CTX_set_default_read_buffer_len already defined in libssl.lib(libssl-1_1-x64.dll); second definition ignored
libssl_static.lib(rec_layer_s3.obj) : warning LNK4006: SSL_set_default_read_buffer_len already defined in libssl.lib(libssl-1_1-x64.dll); second definition ignored
libssl_static.lib(ssl_asn1.obj) : warning LNK4006: i2d_SSL_SESSION already defined in libssl.lib(libssl-1_1-x64.dll); second definition ignored
libssl_static.lib(ssl_asn1.obj) : warning LNK4006: d2i_SSL_SESSION already defined in libssl.lib(libssl-1_1-x64.dll); second definition ignored
libssl_static.lib(ssl_cert.obj) : warning LNK4006: SSL_load_client_CA_file already defined in libssl.lib(libssl-1_1-x64.dll); second definition ignored
libssl_static.lib(ssl_cert.obj) : warning LNK4006: SSL_add_file_cert_subjects_to_stack already defined in libssl.lib(libssl-1_1-x64.dll); second definition ignored
libssl_static.lib(ssl_cert.obj) : warning LNK4006: SSL_add_dir_cert_subjects_to_stack already defined in libssl.lib(libssl-1_1-x64.dll); second definition ignored
libssl_static.lib(ssl_cert.obj) : warning LNK4006: SSL_set0_CA_list already defined in libssl.lib(libssl-1_1-x64.dll); second definition ignored
libssl_static.lib(ssl_cert.obj) : warning LNK4006: SSL_CTX_set0_CA_list already defined in libssl.lib(libssl-1_1-x64.dll); second definition ignored
libssl_static.lib(ssl_cert.obj) : warning LNK4006: SSL_get0_CA_list already defined in libssl.lib(libssl-1_1-x64.dll); second definition ignored
libssl_static.lib(ssl_cert.obj) : warning LNK4006: SSL_CTX_get0_CA_list already defined in libssl.lib(libssl-1_1-x64.dll); second definition ignored
libssl_static.lib(ssl_cert.obj) : warning LNK4006: SSL_add1_to_CA_list already defined in libssl.lib(libssl-1_1-x64.dll); second definition ignored
libssl_static.lib(ssl_cert.obj) : warning LNK4006: SSL_CTX_add1_to_CA_list already defined in libssl.lib(libssl-1_1-x64.dll); second definition ignored
libssl_static.lib(ssl_cert.obj) : warning LNK4006: SSL_get0_peer_CA_list already defined in libssl.lib(libssl-1_1-x64.dll); second definition ignored
libssl_static.lib(ssl_cert.obj) : warning LNK4006: SSL_set_client_CA_list already defined in libssl.lib(libssl-1_1-x64.dll); second definition ignored
libssl_static.lib(ssl_cert.obj) : warning LNK4006: SSL_CTX_set_client_CA_list already defined in libssl.lib(libssl-1_1-x64.dll); second definition ignored
libssl_static.lib(ssl_cert.obj) : warning LNK4006: SSL_get_client_CA_list already defined in libssl.lib(libssl-1_1-x64.dll); second definition ignored
libssl_static.lib(ssl_cert.obj) : warning LNK4006: SSL_CTX_get_client_CA_list already defined in libssl.lib(libssl-1_1-x64.dll); second definition ignored
libssl_static.lib(ssl_cert.obj) : warning LNK4006: SSL_add_client_CA already defined in libssl.lib(libssl-1_1-x64.dll); second definition ignored
libssl_static.lib(ssl_cert.obj) : warning LNK4006: SSL_CTX_add_client_CA already defined in libssl.lib(libssl-1_1-x64.dll); second definition ignored
libssl_static.lib(ssl_cert.obj) : warning LNK4006: SSL_dup_CA_list already defined in libssl.lib(libssl-1_1-x64.dll); second definition ignored
libssl_static.lib(ssl_cert.obj) : warning LNK4006: SSL_get_ex_data_X509_STORE_CTX_idx already defined in libssl.lib(libssl-1_1-x64.dll); second definition ignored
libssl_static.lib(ssl_ciph.obj) : warning LNK4006: SSL_CIPHER_get_bits already defined in libssl.lib(libssl-1_1-x64.dll); second definition ignored
libssl_static.lib(ssl_ciph.obj) : warning LNK4006: SSL_CIPHER_get_version already defined in libssl.lib(libssl-1_1-x64.dll); second definition ignored
libssl_static.lib(ssl_ciph.obj) : warning LNK4006: SSL_CIPHER_get_name already defined in libssl.lib(libssl-1_1-x64.dll); second definition ignored
libssl_static.lib(ssl_ciph.obj) : warning LNK4006: SSL_CIPHER_standard_name already defined in libssl.lib(libssl-1_1-x64.dll); second definition ignored
libssl_static.lib(ssl_ciph.obj) : warning LNK4006: OPENSSL_cipher_name already defined in libssl.lib(libssl-1_1-x64.dll); second definition ignored
libssl_static.lib(ssl_ciph.obj) : warning LNK4006: SSL_CIPHER_get_id already defined in libssl.lib(libssl-1_1-x64.dll); second definition ignored
libssl_static.lib(ssl_ciph.obj) : warning LNK4006: SSL_CIPHER_get_protocol_id already defined in libssl.lib(libssl-1_1-x64.dll); second definition ignored
libssl_static.lib(ssl_ciph.obj) : warning LNK4006: SSL_CIPHER_get_kx_nid already defined in libssl.lib(libssl-1_1-x64.dll); second definition ignored
libssl_static.lib(ssl_ciph.obj) : warning LNK4006: SSL_CIPHER_get_auth_nid already defined in libssl.lib(libssl-1_1-x64.dll); second definition ignored
libssl_static.lib(ssl_ciph.obj) : warning LNK4006: SSL_CIPHER_get_handshake_digest already defined in libssl.lib(libssl-1_1-x64.dll); second definition ignored
libssl_static.lib(ssl_ciph.obj) : warning LNK4006: SSL_CIPHER_is_aead already defined in libssl.lib(libssl-1_1-x64.dll); second definition ignored
libssl_static.lib(ssl_ciph.obj) : warning LNK4006: SSL_CTX_set_ciphersuites already defined in libssl.lib(libssl-1_1-x64.dll); second definition ignored
libssl_static.lib(ssl_ciph.obj) : warning LNK4006: SSL_set_ciphersuites already defined in libssl.lib(libssl-1_1-x64.dll); second definition ignored
libssl_static.lib(ssl_ciph.obj) : warning LNK4006: SSL_CIPHER_description already defined in libssl.lib(libssl-1_1-x64.dll); second definition ignored
libssl_static.lib(ssl_ciph.obj) : warning LNK4006: SSL_COMP_get_name already defined in libssl.lib(libssl-1_1-x64.dll); second definition ignored
libssl_static.lib(ssl_ciph.obj) : warning LNK4006: SSL_COMP_get0_name already defined in libssl.lib(libssl-1_1-x64.dll); second definition ignored
libssl_static.lib(ssl_ciph.obj) : warning LNK4006: SSL_COMP_get_id already defined in libssl.lib(libssl-1_1-x64.dll); second definition ignored
libssl_static.lib(ssl_ciph.obj) : warning LNK4006: SSL_COMP_get_compression_methods already defined in libssl.lib(libssl-1_1-x64.dll); second definition ignored
libssl_static.lib(ssl_ciph.obj) : warning LNK4006: SSL_COMP_set0_compression_methods already defined in libssl.lib(libssl-1_1-x64.dll); second definition ignored
libssl_static.lib(ssl_ciph.obj) : warning LNK4006: SSL_COMP_add_compression_method already defined in libssl.lib(libssl-1_1-x64.dll); second definition ignored
libssl_static.lib(ssl_ciph.obj) : warning LNK4006: SSL_CIPHER_find already defined in libssl.lib(libssl-1_1-x64.dll); second definition ignored
libssl_static.lib(ssl_ciph.obj) : warning LNK4006: SSL_CIPHER_get_cipher_nid already defined in libssl.lib(libssl-1_1-x64.dll); second definition ignored
libssl_static.lib(ssl_ciph.obj) : warning LNK4006: SSL_CIPHER_get_digest_nid already defined in libssl.lib(libssl-1_1-x64.dll); second definition ignored
libssl_static.lib(ssl_conf.obj) : warning LNK4006: SSL_CONF_CTX_new already defined in libssl.lib(libssl-1_1-x64.dll); second definition ignored
libssl_static.lib(ssl_conf.obj) : warning LNK4006: SSL_CONF_CTX_finish already defined in libssl.lib(libssl-1_1-x64.dll); second definition ignored
libssl_static.lib(ssl_conf.obj) : warning LNK4006: SSL_CONF_CTX_free already defined in libssl.lib(libssl-1_1-x64.dll); second definition ignored
libssl_static.lib(ssl_conf.obj) : warning LNK4006: SSL_CONF_CTX_set_flags already defined in libssl.lib(libssl-1_1-x64.dll); second definition ignored
libssl_static.lib(ssl_conf.obj) : warning LNK4006: SSL_CONF_CTX_clear_flags already defined in libssl.lib(libssl-1_1-x64.dll); second definition ignored
libssl_static.lib(ssl_conf.obj) : warning LNK4006: SSL_CONF_CTX_set1_prefix already defined in libssl.lib(libssl-1_1-x64.dll); second definition ignored
libssl_static.lib(ssl_conf.obj) : warning LNK4006: SSL_CONF_CTX_set_ssl already defined in libssl.lib(libssl-1_1-x64.dll); second definition ignored
libssl_static.lib(ssl_conf.obj) : warning LNK4006: SSL_CONF_CTX_set_ssl_ctx already defined in libssl.lib(libssl-1_1-x64.dll); second definition ignored
libssl_static.lib(ssl_conf.obj) : warning LNK4006: SSL_CONF_cmd already defined in libssl.lib(libssl-1_1-x64.dll); second definition ignored
libssl_static.lib(ssl_conf.obj) : warning LNK4006: SSL_CONF_cmd_argv already defined in libssl.lib(libssl-1_1-x64.dll); second definition ignored
libssl_static.lib(ssl_conf.obj) : warning LNK4006: SSL_CONF_cmd_value_type already defined in libssl.lib(libssl-1_1-x64.dll); second definition ignored
libssl_static.lib(ssl_err.obj) : warning LNK4006: ERR_load_SSL_strings already defined in libssl.lib(libssl-1_1-x64.dll); second definition ignored
libssl_static.lib(ssl_init.obj) : warning LNK4006: OPENSSL_init_ssl already defined in libssl.lib(libssl-1_1-x64.dll); second definition ignored
libssl_static.lib(ssl_lib.obj) : warning LNK4006: SSL_CTX_get_options already defined in libssl.lib(libssl-1_1-x64.dll); second definition ignored
libssl_static.lib(ssl_lib.obj) : warning LNK4006: SSL_get_options already defined in libssl.lib(libssl-1_1-x64.dll); second definition ignored
libssl_static.lib(ssl_lib.obj) : warning LNK4006: SSL_CTX_clear_options already defined in libssl.lib(libssl-1_1-x64.dll); second definition ignored
libssl_static.lib(ssl_lib.obj) : warning LNK4006: SSL_clear_options already defined in libssl.lib(libssl-1_1-x64.dll); second definition ignored
libssl_static.lib(ssl_lib.obj) : warning LNK4006: SSL_CTX_set_options already defined in libssl.lib(libssl-1_1-x64.dll); second definition ignored
libssl_static.lib(ssl_lib.obj) : warning LNK4006: SSL_set_options already defined in libssl.lib(libssl-1_1-x64.dll); second definition ignored
libssl_static.lib(ssl_lib.obj) : warning LNK4006: SSL_CTX_set_msg_callback already defined in libssl.lib(libssl-1_1-x64.dll); second definition ignored
libssl_static.lib(ssl_lib.obj) : warning LNK4006: SSL_set_msg_callback already defined in libssl.lib(libssl-1_1-x64.dll); second definition ignored
libssl_static.lib(ssl_lib.obj) : warning LNK4006: SSL_CTX_sessions already defined in libssl.lib(libssl-1_1-x64.dll); second definition ignored
libssl_static.lib(ssl_lib.obj) : warning LNK4006: SSL_CTX_set_next_protos_advertised_cb already defined in libssl.lib(libssl-1_1-x64.dll); second definition ignored
libssl_static.lib(ssl_lib.obj) : warning LNK4006: SSL_CTX_set_next_proto_select_cb already defined in libssl.lib(libssl-1_1-x64.dll); second definition ignored
libssl_static.lib(ssl_lib.obj) : warning LNK4006: SSL_get0_next_proto_negotiated already defined in libssl.lib(libssl-1_1-x64.dll); second definition ignored
libssl_static.lib(ssl_lib.obj) : warning LNK4006: SSL_select_next_proto already defined in libssl.lib(libssl-1_1-x64.dll); second definition ignored
libssl_static.lib(ssl_lib.obj) : warning LNK4006: SSL_CTX_set_alpn_protos already defined in libssl.lib(libssl-1_1-x64.dll); second definition ignored
libssl_static.lib(ssl_lib.obj) : warning LNK4006: SSL_set_alpn_protos already defined in libssl.lib(libssl-1_1-x64.dll); second definition ignored
libssl_static.lib(ssl_lib.obj) : warning LNK4006: SSL_CTX_set_alpn_select_cb already defined in libssl.lib(libssl-1_1-x64.dll); second definition ignored
libssl_static.lib(ssl_lib.obj) : warning LNK4006: SSL_get0_alpn_selected already defined in libssl.lib(libssl-1_1-x64.dll); second definition ignored
libssl_static.lib(ssl_lib.obj) : warning LNK4006: SSL_CTX_set_psk_client_callback already defined in libssl.lib(libssl-1_1-x64.dll); second definition ignored
libssl_static.lib(ssl_lib.obj) : warning LNK4006: SSL_set_psk_client_callback already defined in libssl.lib(libssl-1_1-x64.dll); second definition ignored
libssl_static.lib(ssl_lib.obj) : warning LNK4006: SSL_CTX_set_psk_server_callback already defined in libssl.lib(libssl-1_1-x64.dll); second definition ignored
libssl_static.lib(ssl_lib.obj) : warning LNK4006: SSL_set_psk_server_callback already defined in libssl.lib(libssl-1_1-x64.dll); second definition ignored
libssl_static.lib(ssl_lib.obj) : warning LNK4006: SSL_CTX_use_psk_identity_hint already defined in libssl.lib(libssl-1_1-x64.dll); second definition ignored
libssl_static.lib(ssl_lib.obj) : warning LNK4006: SSL_use_psk_identity_hint already defined in libssl.lib(libssl-1_1-x64.dll); second definition ignored
libssl_static.lib(ssl_lib.obj) : warning LNK4006: SSL_get_psk_identity_hint already defined in libssl.lib(libssl-1_1-x64.dll); second definition ignored
libssl_static.lib(ssl_lib.obj) : warning LNK4006: SSL_get_psk_identity already defined in libssl.lib(libssl-1_1-x64.dll); second definition ignored
libssl_static.lib(ssl_lib.obj) : warning LNK4006: SSL_set_psk_find_session_callback already defined in libssl.lib(libssl-1_1-x64.dll); second definition ignored
libssl_static.lib(ssl_lib.obj) : warning LNK4006: SSL_CTX_set_psk_find_session_callback already defined in libssl.lib(libssl-1_1-x64.dll); second definition ignored
libssl_static.lib(ssl_lib.obj) : warning LNK4006: SSL_set_psk_use_session_callback already defined in libssl.lib(libssl-1_1-x64.dll); second definition ignored
libssl_static.lib(ssl_lib.obj) : warning LNK4006: SSL_CTX_set_psk_use_session_callback already defined in libssl.lib(libssl-1_1-x64.dll); second definition ignored
libssl_static.lib(ssl_lib.obj) : warning LNK4006: SSL_CTX_set_keylog_callback already defined in libssl.lib(libssl-1_1-x64.dll); second definition ignored
libssl_static.lib(ssl_lib.obj) : warning LNK4006: SSL_CTX_get_keylog_callback already defined in libssl.lib(libssl-1_1-x64.dll); second definition ignored
libssl_static.lib(ssl_lib.obj) : warning LNK4006: SSL_CTX_set_max_early_data already defined in libssl.lib(libssl-1_1-x64.dll); second definition ignored
libssl_static.lib(ssl_lib.obj) : warning LNK4006: SSL_CTX_get_max_early_data already defined in libssl.lib(libssl-1_1-x64.dll); second definition ignored
libssl_static.lib(ssl_lib.obj) : warning LNK4006: SSL_set_max_early_data already defined in libssl.lib(libssl-1_1-x64.dll); second definition ignored
libssl_static.lib(ssl_lib.obj) : warning LNK4006: SSL_get_max_early_data already defined in libssl.lib(libssl-1_1-x64.dll); second definition ignored
libssl_static.lib(ssl_lib.obj) : warning LNK4006: SSL_CTX_set_recv_max_early_data already defined in libssl.lib(libssl-1_1-x64.dll); second definition ignored
libssl_static.lib(ssl_lib.obj) : warning LNK4006: SSL_CTX_get_recv_max_early_data already defined in libssl.lib(libssl-1_1-x64.dll); second definition ignored
libssl_static.lib(ssl_lib.obj) : warning LNK4006: SSL_set_recv_max_early_data already defined in libssl.lib(libssl-1_1-x64.dll); second definition ignored
libssl_static.lib(ssl_lib.obj) : warning LNK4006: SSL_get_recv_max_early_data already defined in libssl.lib(libssl-1_1-x64.dll); second definition ignored
libssl_static.lib(ssl_lib.obj) : warning LNK4006: SSL_get_servername already defined in libssl.lib(libssl-1_1-x64.dll); second definition ignored
libssl_static.lib(ssl_lib.obj) : warning LNK4006: SSL_get_servername_type already defined in libssl.lib(libssl-1_1-x64.dll); second definition ignored
libssl_static.lib(ssl_lib.obj) : warning LNK4006: SSL_export_keying_material already defined in libssl.lib(libssl-1_1-x64.dll); second definition ignored
libssl_static.lib(ssl_lib.obj) : warning LNK4006: SSL_export_keying_material_early already defined in libssl.lib(libssl-1_1-x64.dll); second definition ignored
libssl_static.lib(ssl_lib.obj) : warning LNK4006: SSL_set_debug already defined in libssl.lib(libssl-1_1-x64.dll); second definition ignored
libssl_static.lib(ssl_lib.obj) : warning LNK4006: SSL_get_finished already defined in libssl.lib(libssl-1_1-x64.dll); second definition ignored
libssl_static.lib(ssl_lib.obj) : warning LNK4006: SSL_get_peer_finished already defined in libssl.lib(libssl-1_1-x64.dll); second definition ignored
libssl_static.lib(ssl_lib.obj) : warning LNK4006: SSL_CTX_set_cipher_list already defined in libssl.lib(libssl-1_1-x64.dll); second definition ignored
libssl_static.lib(ssl_lib.obj) : warning LNK4006: SSL_CTX_new already defined in libssl.lib(libssl-1_1-x64.dll); second definition ignored
libssl_static.lib(ssl_lib.obj) : warning LNK4006: SSL_CTX_up_ref already defined in libssl.lib(libssl-1_1-x64.dll); second definition ignored
libssl_static.lib(ssl_lib.obj) : warning LNK4006: SSL_CTX_free already defined in libssl.lib(libssl-1_1-x64.dll); second definition ignored
libssl_static.lib(ssl_lib.obj) : warning LNK4006: SSL_CTX_get_cert_store already defined in libssl.lib(libssl-1_1-x64.dll); second definition ignored
libssl_static.lib(ssl_lib.obj) : warning LNK4006: SSL_CTX_set_cert_store already defined in libssl.lib(libssl-1_1-x64.dll); second definition ignored
libssl_static.lib(ssl_lib.obj) : warning LNK4006: SSL_CTX_set1_cert_store already defined in libssl.lib(libssl-1_1-x64.dll); second definition ignored
libssl_static.lib(ssl_lib.obj) : warning LNK4006: SSL_want already defined in libssl.lib(libssl-1_1-x64.dll); second definition ignored
libssl_static.lib(ssl_lib.obj) : warning LNK4006: SSL_clear already defined in libssl.lib(libssl-1_1-x64.dll); second definition ignored
libssl_static.lib(ssl_lib.obj) : warning LNK4006: SSL_get_current_cipher already defined in libssl.lib(libssl-1_1-x64.dll); second definition ignored
libssl_static.lib(ssl_lib.obj) : warning LNK4006: SSL_get_pending_cipher already defined in libssl.lib(libssl-1_1-x64.dll); second definition ignored
libssl_static.lib(ssl_lib.obj) : warning LNK4006: SSL_get_fd already defined in libssl.lib(libssl-1_1-x64.dll); second definition ignored
libssl_static.lib(ssl_lib.obj) : warning LNK4006: SSL_get_rfd already defined in libssl.lib(libssl-1_1-x64.dll); second definition ignored
libssl_static.lib(ssl_lib.obj) : warning LNK4006: SSL_get_wfd already defined in libssl.lib(libssl-1_1-x64.dll); second definition ignored
libssl_static.lib(ssl_lib.obj) : warning LNK4006: SSL_get_cipher_list already defined in libssl.lib(libssl-1_1-x64.dll); second definition ignored
libssl_static.lib(ssl_lib.obj) : warning LNK4006: SSL_get_shared_ciphers already defined in libssl.lib(libssl-1_1-x64.dll); second definition ignored
libssl_static.lib(ssl_lib.obj) : warning LNK4006: SSL_get_read_ahead already defined in libssl.lib(libssl-1_1-x64.dll); second definition ignored
libssl_static.lib(ssl_lib.obj) : warning LNK4006: SSL_pending already defined in libssl.lib(libssl-1_1-x64.dll); second definition ignored
libssl_static.lib(ssl_lib.obj) : warning LNK4006: SSL_has_pending already defined in libssl.lib(libssl-1_1-x64.dll); second definition ignored
libssl_static.lib(ssl_lib.obj) : warning LNK4006: SSL_set_fd already defined in libssl.lib(libssl-1_1-x64.dll); second definition ignored
libssl_static.lib(ssl_lib.obj) : warning LNK4006: SSL_set_rfd already defined in libssl.lib(libssl-1_1-x64.dll); second definition ignored
libssl_static.lib(ssl_lib.obj) : warning LNK4006: SSL_set_wfd already defined in libssl.lib(libssl-1_1-x64.dll); second definition ignored
libssl_static.lib(ssl_lib.obj) : warning LNK4006: SSL_set0_rbio already defined in libssl.lib(libssl-1_1-x64.dll); second definition ignored
libssl_static.lib(ssl_lib.obj) : warning LNK4006: SSL_set0_wbio already defined in libssl.lib(libssl-1_1-x64.dll); second definition ignored
libssl_static.lib(ssl_lib.obj) : warning LNK4006: SSL_set_bio already defined in libssl.lib(libssl-1_1-x64.dll); second definition ignored
libssl_static.lib(ssl_lib.obj) : warning LNK4006: SSL_get_rbio already defined in libssl.lib(libssl-1_1-x64.dll); second definition ignored
libssl_static.lib(ssl_lib.obj) : warning LNK4006: SSL_get_wbio already defined in libssl.lib(libssl-1_1-x64.dll); second definition ignored
libssl_static.lib(ssl_lib.obj) : warning LNK4006: SSL_set_cipher_list already defined in libssl.lib(libssl-1_1-x64.dll); second definition ignored
libssl_static.lib(ssl_lib.obj) : warning LNK4006: SSL_set_read_ahead already defined in libssl.lib(libssl-1_1-x64.dll); second definition ignored
libssl_static.lib(ssl_lib.obj) : warning LNK4006: SSL_get_verify_mode already defined in libssl.lib(libssl-1_1-x64.dll); second definition ignored
libssl_static.lib(ssl_lib.obj) : warning LNK4006: SSL_get_verify_depth already defined in libssl.lib(libssl-1_1-x64.dll); second definition ignored
libssl_static.lib(ssl_lib.obj) : warning LNK4006: SSL_get_verify_callback already defined in libssl.lib(libssl-1_1-x64.dll); second definition ignored
libssl_static.lib(ssl_lib.obj) : warning LNK4006: SSL_set_verify already defined in libssl.lib(libssl-1_1-x64.dll); second definition ignored
libssl_static.lib(ssl_lib.obj) : warning LNK4006: SSL_set_verify_depth already defined in libssl.lib(libssl-1_1-x64.dll); second definition ignored
libssl_static.lib(ssl_lib.obj) : warning LNK4006: SSL_set_cert_cb already defined in libssl.lib(libssl-1_1-x64.dll); second definition ignored
libssl_static.lib(ssl_lib.obj) : warning LNK4006: SSL_copy_session_id already defined in libssl.lib(libssl-1_1-x64.dll); second definition ignored
libssl_static.lib(ssl_lib.obj) : warning LNK4006: SSL_CTX_set_generate_session_id already defined in libssl.lib(libssl-1_1-x64.dll); second definition ignored
libssl_static.lib(ssl_lib.obj) : warning LNK4006: SSL_set_generate_session_id already defined in libssl.lib(libssl-1_1-x64.dll); second definition ignored
libssl_static.lib(ssl_lib.obj) : warning LNK4006: SSL_has_matching_session_id already defined in libssl.lib(libssl-1_1-x64.dll); second definition ignored
libssl_static.lib(ssl_lib.obj) : warning LNK4006: SSL_get_peer_certificate already defined in libssl.lib(libssl-1_1-x64.dll); second definition ignored
libssl_static.lib(ssl_lib.obj) : warning LNK4006: SSL_get_peer_cert_chain already defined in libssl.lib(libssl-1_1-x64.dll); second definition ignored
libssl_static.lib(ssl_lib.obj) : warning LNK4006: SSL_CTX_get_verify_mode already defined in libssl.lib(libssl-1_1-x64.dll); second definition ignored
libssl_static.lib(ssl_lib.obj) : warning LNK4006: SSL_CTX_get_verify_depth already defined in libssl.lib(libssl-1_1-x64.dll); second definition ignored
libssl_static.lib(ssl_lib.obj) : warning LNK4006: SSL_CTX_get_verify_callback already defined in libssl.lib(libssl-1_1-x64.dll); second definition ignored
libssl_static.lib(ssl_lib.obj) : warning LNK4006: SSL_CTX_set_verify already defined in libssl.lib(libssl-1_1-x64.dll); second definition ignored
libssl_static.lib(ssl_lib.obj) : warning LNK4006: SSL_CTX_set_verify_depth already defined in libssl.lib(libssl-1_1-x64.dll); second definition ignored
libssl_static.lib(ssl_lib.obj) : warning LNK4006: SSL_CTX_set_cert_verify_callback already defined in libssl.lib(libssl-1_1-x64.dll); second definition ignored
libssl_static.lib(ssl_lib.obj) : warning LNK4006: SSL_CTX_set_cert_cb already defined in libssl.lib(libssl-1_1-x64.dll); second definition ignored
libssl_static.lib(ssl_lib.obj) : warning LNK4006: SSL_CTX_set_default_passwd_cb already defined in libssl.lib(libssl-1_1-x64.dll); second definition ignored
libssl_static.lib(ssl_lib.obj) : warning LNK4006: SSL_CTX_set_default_passwd_cb_userdata already defined in libssl.lib(libssl-1_1-x64.dll); second definition ignored
libssl_static.lib(ssl_lib.obj) : warning LNK4006: SSL_CTX_get_default_passwd_cb already defined in libssl.lib(libssl-1_1-x64.dll); second definition ignored
libssl_static.lib(ssl_lib.obj) : warning LNK4006: SSL_CTX_get_default_passwd_cb_userdata already defined in libssl.lib(libssl-1_1-x64.dll); second definition ignored
libssl_static.lib(ssl_lib.obj) : warning LNK4006: SSL_set_default_passwd_cb already defined in libssl.lib(libssl-1_1-x64.dll); second definition ignored
libssl_static.lib(ssl_lib.obj) : warning LNK4006: SSL_set_default_passwd_cb_userdata already defined in libssl.lib(libssl-1_1-x64.dll); second definition ignored
libssl_static.lib(ssl_lib.obj) : warning LNK4006: SSL_get_default_passwd_cb already defined in libssl.lib(libssl-1_1-x64.dll); second definition ignored
libssl_static.lib(ssl_lib.obj) : warning LNK4006: SSL_get_default_passwd_cb_userdata already defined in libssl.lib(libssl-1_1-x64.dll); second definition ignored
libssl_static.lib(ssl_lib.obj) : warning LNK4006: SSL_CTX_check_private_key already defined in libssl.lib(libssl-1_1-x64.dll); second definition ignored
libssl_static.lib(ssl_lib.obj) : warning LNK4006: SSL_check_private_key already defined in libssl.lib(libssl-1_1-x64.dll); second definition ignored
libssl_static.lib(ssl_lib.obj) : warning LNK4006: SSL_CTX_set_session_id_context already defined in libssl.lib(libssl-1_1-x64.dll); second definition ignored
libssl_static.lib(ssl_lib.obj) : warning LNK4006: SSL_new already defined in libssl.lib(libssl-1_1-x64.dll); second definition ignored
libssl_static.lib(ssl_lib.obj) : warning LNK4006: SSL_up_ref already defined in libssl.lib(libssl-1_1-x64.dll); second definition ignored
libssl_static.lib(ssl_lib.obj) : warning LNK4006: SSL_is_dtls already defined in libssl.lib(libssl-1_1-x64.dll); second definition ignored
libssl_static.lib(ssl_lib.obj) : warning LNK4006: SSL_set_session_id_context already defined in libssl.lib(libssl-1_1-x64.dll); second definition ignored
libssl_static.lib(ssl_lib.obj) : warning LNK4006: SSL_CTX_set_purpose already defined in libssl.lib(libssl-1_1-x64.dll); second definition ignored
libssl_static.lib(ssl_lib.obj) : warning LNK4006: SSL_set_purpose already defined in libssl.lib(libssl-1_1-x64.dll); second definition ignored
libssl_static.lib(ssl_lib.obj) : warning LNK4006: SSL_CTX_set_trust already defined in libssl.lib(libssl-1_1-x64.dll); second definition ignored
libssl_static.lib(ssl_lib.obj) : warning LNK4006: SSL_set_trust already defined in libssl.lib(libssl-1_1-x64.dll); second definition ignored
libssl_static.lib(ssl_lib.obj) : warning LNK4006: SSL_set1_host already defined in libssl.lib(libssl-1_1-x64.dll); second definition ignored
libssl_static.lib(ssl_lib.obj) : warning LNK4006: SSL_add1_host already defined in libssl.lib(libssl-1_1-x64.dll); second definition ignored
libssl_static.lib(ssl_lib.obj) : warning LNK4006: SSL_get0_peername already defined in libssl.lib(libssl-1_1-x64.dll); second definition ignored
libssl_static.lib(ssl_lib.obj) : warning LNK4006: SSL_set_hostflags already defined in libssl.lib(libssl-1_1-x64.dll); second definition ignored
libssl_static.lib(ssl_lib.obj) : warning LNK4006: SSL_CTX_dane_enable already defined in libssl.lib(libssl-1_1-x64.dll); second definition ignored
libssl_static.lib(ssl_lib.obj) : warning LNK4006: SSL_CTX_dane_mtype_set already defined in libssl.lib(libssl-1_1-x64.dll); second definition ignored
libssl_static.lib(ssl_lib.obj) : warning LNK4006: SSL_dane_enable already defined in libssl.lib(libssl-1_1-x64.dll); second definition ignored
libssl_static.lib(ssl_lib.obj) : warning LNK4006: SSL_dane_tlsa_add already defined in libssl.lib(libssl-1_1-x64.dll); second definition ignored
libssl_static.lib(ssl_lib.obj) : warning LNK4006: SSL_get0_dane_authority already defined in libssl.lib(libssl-1_1-x64.dll); second definition ignored
libssl_static.lib(ssl_lib.obj) : warning LNK4006: SSL_get0_dane_tlsa already defined in libssl.lib(libssl-1_1-x64.dll); second definition ignored
libssl_static.lib(ssl_lib.obj) : warning LNK4006: SSL_get0_dane already defined in libssl.lib(libssl-1_1-x64.dll); second definition ignored
libssl_static.lib(ssl_lib.obj) : warning LNK4006: SSL_CTX_dane_set_flags already defined in libssl.lib(libssl-1_1-x64.dll); second definition ignored
libssl_static.lib(ssl_lib.obj) : warning LNK4006: SSL_CTX_dane_clear_flags already defined in libssl.lib(libssl-1_1-x64.dll); second definition ignored
libssl_static.lib(ssl_lib.obj) : warning LNK4006: SSL_dane_set_flags already defined in libssl.lib(libssl-1_1-x64.dll); second definition ignored
libssl_static.lib(ssl_lib.obj) : warning LNK4006: SSL_dane_clear_flags already defined in libssl.lib(libssl-1_1-x64.dll); second definition ignored
libssl_static.lib(ssl_lib.obj) : warning LNK4006: SSL_CTX_set1_param already defined in libssl.lib(libssl-1_1-x64.dll); second definition ignored
libssl_static.lib(ssl_lib.obj) : warning LNK4006: SSL_set1_param already defined in libssl.lib(libssl-1_1-x64.dll); second definition ignored
libssl_static.lib(ssl_lib.obj) : warning LNK4006: SSL_CTX_get0_param already defined in libssl.lib(libssl-1_1-x64.dll); second definition ignored
libssl_static.lib(ssl_lib.obj) : warning LNK4006: SSL_get0_param already defined in libssl.lib(libssl-1_1-x64.dll); second definition ignored
libssl_static.lib(ssl_lib.obj) : warning LNK4006: SSL_CTX_set_client_hello_cb already defined in libssl.lib(libssl-1_1-x64.dll); second definition ignored
libssl_static.lib(ssl_lib.obj) : warning LNK4006: SSL_client_hello_isv2 already defined in libssl.lib(libssl-1_1-x64.dll); second definition ignored
libssl_static.lib(ssl_lib.obj) : warning LNK4006: SSL_client_hello_get0_legacy_version already defined in libssl.lib(libssl-1_1-x64.dll); second definition ignored
libssl_static.lib(ssl_lib.obj) : warning LNK4006: SSL_client_hello_get0_random already defined in libssl.lib(libssl-1_1-x64.dll); second definition ignored
libssl_static.lib(ssl_lib.obj) : warning LNK4006: SSL_client_hello_get0_session_id already defined in libssl.lib(libssl-1_1-x64.dll); second definition ignored
libssl_static.lib(ssl_lib.obj) : warning LNK4006: SSL_client_hello_get0_ciphers already defined in libssl.lib(libssl-1_1-x64.dll); second definition ignored
libssl_static.lib(ssl_lib.obj) : warning LNK4006: SSL_client_hello_get0_compression_methods already defined in libssl.lib(libssl-1_1-x64.dll); second definition ignored
libssl_static.lib(ssl_lib.obj) : warning LNK4006: SSL_client_hello_get1_extensions_present already defined in libssl.lib(libssl-1_1-x64.dll); second definition ignored
libssl_static.lib(ssl_lib.obj) : warning LNK4006: SSL_client_hello_get0_ext already defined in libssl.lib(libssl-1_1-x64.dll); second definition ignored
libssl_static.lib(ssl_lib.obj) : warning LNK4006: SSL_certs_clear already defined in libssl.lib(libssl-1_1-x64.dll); second definition ignored
libssl_static.lib(ssl_lib.obj) : warning LNK4006: SSL_free already defined in libssl.lib(libssl-1_1-x64.dll); second definition ignored
libssl_static.lib(ssl_lib.obj) : warning LNK4006: SSL_waiting_for_async already defined in libssl.lib(libssl-1_1-x64.dll); second definition ignored
libssl_static.lib(ssl_lib.obj) : warning LNK4006: SSL_get_all_async_fds already defined in libssl.lib(libssl-1_1-x64.dll); second definition ignored
libssl_static.lib(ssl_lib.obj) : warning LNK4006: SSL_get_changed_async_fds already defined in libssl.lib(libssl-1_1-x64.dll); second definition ignored
libssl_static.lib(ssl_lib.obj) : warning LNK4006: SSL_accept already defined in libssl.lib(libssl-1_1-x64.dll); second definition ignored
libssl_static.lib(ssl_lib.obj) : warning LNK4006: SSL_stateless already defined in libssl.lib(libssl-1_1-x64.dll); second definition ignored
libssl_static.lib(ssl_lib.obj) : warning LNK4006: SSL_connect already defined in libssl.lib(libssl-1_1-x64.dll); second definition ignored
libssl_static.lib(ssl_lib.obj) : warning LNK4006: SSL_read already defined in libssl.lib(libssl-1_1-x64.dll); second definition ignored
libssl_static.lib(ssl_lib.obj) : warning LNK4006: SSL_read_ex already defined in libssl.lib(libssl-1_1-x64.dll); second definition ignored
libssl_static.lib(ssl_lib.obj) : warning LNK4006: SSL_read_early_data already defined in libssl.lib(libssl-1_1-x64.dll); second definition ignored
libssl_static.lib(ssl_lib.obj) : warning LNK4006: SSL_peek already defined in libssl.lib(libssl-1_1-x64.dll); second definition ignored
libssl_static.lib(ssl_lib.obj) : warning LNK4006: SSL_peek_ex already defined in libssl.lib(libssl-1_1-x64.dll); second definition ignored
libssl_static.lib(ssl_lib.obj) : warning LNK4006: SSL_write already defined in libssl.lib(libssl-1_1-x64.dll); second definition ignored
libssl_static.lib(ssl_lib.obj) : warning LNK4006: SSL_write_ex already defined in libssl.lib(libssl-1_1-x64.dll); second definition ignored
libssl_static.lib(ssl_lib.obj) : warning LNK4006: SSL_write_early_data already defined in libssl.lib(libssl-1_1-x64.dll); second definition ignored
libssl_static.lib(ssl_lib.obj) : warning LNK4006: SSL_ctrl already defined in libssl.lib(libssl-1_1-x64.dll); second definition ignored
libssl_static.lib(ssl_lib.obj) : warning LNK4006: SSL_callback_ctrl already defined in libssl.lib(libssl-1_1-x64.dll); second definition ignored
libssl_static.lib(ssl_lib.obj) : warning LNK4006: SSL_CTX_ctrl already defined in libssl.lib(libssl-1_1-x64.dll); second definition ignored
libssl_static.lib(ssl_lib.obj) : warning LNK4006: SSL_CTX_callback_ctrl already defined in libssl.lib(libssl-1_1-x64.dll); second definition ignored
libssl_static.lib(ssl_lib.obj) : warning LNK4006: SSL_get_early_data_status already defined in libssl.lib(libssl-1_1-x64.dll); second definition ignored
libssl_static.lib(ssl_lib.obj) : warning LNK4006: SSL_get_error already defined in libssl.lib(libssl-1_1-x64.dll); second definition ignored
libssl_static.lib(ssl_lib.obj) : warning LNK4006: SSL_get_version already defined in libssl.lib(libssl-1_1-x64.dll); second definition ignored
libssl_static.lib(ssl_lib.obj) : warning LNK4006: SSL_CTX_set_ssl_version already defined in libssl.lib(libssl-1_1-x64.dll); second definition ignored
libssl_static.lib(ssl_lib.obj) : warning LNK4006: SSL_get_ciphers already defined in libssl.lib(libssl-1_1-x64.dll); second definition ignored
libssl_static.lib(ssl_lib.obj) : warning LNK4006: SSL_CTX_get_ciphers already defined in libssl.lib(libssl-1_1-x64.dll); second definition ignored
libssl_static.lib(ssl_lib.obj) : warning LNK4006: SSL_get_client_ciphers already defined in libssl.lib(libssl-1_1-x64.dll); second definition ignored
libssl_static.lib(ssl_lib.obj) : warning LNK4006: SSL_get1_supported_ciphers already defined in libssl.lib(libssl-1_1-x64.dll); second definition ignored
libssl_static.lib(ssl_lib.obj) : warning LNK4006: SSL_do_handshake already defined in libssl.lib(libssl-1_1-x64.dll); second definition ignored
libssl_static.lib(ssl_lib.obj) : warning LNK4006: SSL_key_update already defined in libssl.lib(libssl-1_1-x64.dll); second definition ignored
libssl_static.lib(ssl_lib.obj) : warning LNK4006: SSL_get_key_update_type already defined in libssl.lib(libssl-1_1-x64.dll); second definition ignored
libssl_static.lib(ssl_lib.obj) : warning LNK4006: SSL_renegotiate already defined in libssl.lib(libssl-1_1-x64.dll); second definition ignored
libssl_static.lib(ssl_lib.obj) : warning LNK4006: SSL_renegotiate_abbreviated already defined in libssl.lib(libssl-1_1-x64.dll); second definition ignored
libssl_static.lib(ssl_lib.obj) : warning LNK4006: SSL_renegotiate_pending already defined in libssl.lib(libssl-1_1-x64.dll); second definition ignored
libssl_static.lib(ssl_lib.obj) : warning LNK4006: SSL_shutdown already defined in libssl.lib(libssl-1_1-x64.dll); second definition ignored
libssl_static.lib(ssl_lib.obj) : warning LNK4006: SSL_verify_client_post_handshake already defined in libssl.lib(libssl-1_1-x64.dll); second definition ignored
libssl_static.lib(ssl_lib.obj) : warning LNK4006: SSL_CTX_set_post_handshake_auth already defined in libssl.lib(libssl-1_1-x64.dll); second definition ignored
libssl_static.lib(ssl_lib.obj) : warning LNK4006: SSL_set_post_handshake_auth already defined in libssl.lib(libssl-1_1-x64.dll); second definition ignored
libssl_static.lib(ssl_lib.obj) : warning LNK4006: SSL_CTX_get_ssl_method already defined in libssl.lib(libssl-1_1-x64.dll); second definition ignored
libssl_static.lib(ssl_lib.obj) : warning LNK4006: SSL_get_ssl_method already defined in libssl.lib(libssl-1_1-x64.dll); second definition ignored
libssl_static.lib(ssl_lib.obj) : warning LNK4006: SSL_set_ssl_method already defined in libssl.lib(libssl-1_1-x64.dll); second definition ignored
libssl_static.lib(ssl_lib.obj) : warning LNK4006: SSL_set_connect_state already defined in libssl.lib(libssl-1_1-x64.dll); second definition ignored
libssl_static.lib(ssl_lib.obj) : warning LNK4006: SSL_set_accept_state already defined in libssl.lib(libssl-1_1-x64.dll); second definition ignored
libssl_static.lib(ssl_lib.obj) : warning LNK4006: SSL_get_default_timeout already defined in libssl.lib(libssl-1_1-x64.dll); second definition ignored
libssl_static.lib(ssl_lib.obj) : warning LNK4006: SSL_dup already defined in libssl.lib(libssl-1_1-x64.dll); second definition ignored
libssl_static.lib(ssl_lib.obj) : warning LNK4006: SSL_get_certificate already defined in libssl.lib(libssl-1_1-x64.dll); second definition ignored
libssl_static.lib(ssl_lib.obj) : warning LNK4006: SSL_get_privatekey already defined in libssl.lib(libssl-1_1-x64.dll); second definition ignored
libssl_static.lib(ssl_lib.obj) : warning LNK4006: SSL_CTX_get0_certificate already defined in libssl.lib(libssl-1_1-x64.dll); second definition ignored
libssl_static.lib(ssl_lib.obj) : warning LNK4006: SSL_CTX_get0_privatekey already defined in libssl.lib(libssl-1_1-x64.dll); second definition ignored
libssl_static.lib(ssl_lib.obj) : warning LNK4006: SSL_CTX_set_quiet_shutdown already defined in libssl.lib(libssl-1_1-x64.dll); second definition ignored
libssl_static.lib(ssl_lib.obj) : warning LNK4006: SSL_CTX_get_quiet_shutdown already defined in libssl.lib(libssl-1_1-x64.dll); second definition ignored
libssl_static.lib(ssl_lib.obj) : warning LNK4006: SSL_set_quiet_shutdown already defined in libssl.lib(libssl-1_1-x64.dll); second definition ignored
libssl_static.lib(ssl_lib.obj) : warning LNK4006: SSL_get_quiet_shutdown already defined in libssl.lib(libssl-1_1-x64.dll); second definition ignored
libssl_static.lib(ssl_lib.obj) : warning LNK4006: SSL_set_shutdown already defined in libssl.lib(libssl-1_1-x64.dll); second definition ignored
libssl_static.lib(ssl_lib.obj) : warning LNK4006: SSL_get_shutdown already defined in libssl.lib(libssl-1_1-x64.dll); second definition ignored
libssl_static.lib(ssl_lib.obj) : warning LNK4006: SSL_version already defined in libssl.lib(libssl-1_1-x64.dll); second definition ignored
libssl_static.lib(ssl_lib.obj) : warning LNK4006: SSL_client_version already defined in libssl.lib(libssl-1_1-x64.dll); second definition ignored
libssl_static.lib(ssl_lib.obj) : warning LNK4006: SSL_CTX_set_default_verify_paths already defined in libssl.lib(libssl-1_1-x64.dll); second definition ignored
libssl_static.lib(ssl_lib.obj) : warning LNK4006: SSL_CTX_set_default_verify_dir already defined in libssl.lib(libssl-1_1-x64.dll); second definition ignored
libssl_static.lib(ssl_lib.obj) : warning LNK4006: SSL_CTX_set_default_verify_file already defined in libssl.lib(libssl-1_1-x64.dll); second definition ignored
libssl_static.lib(ssl_lib.obj) : warning LNK4006: SSL_CTX_load_verify_locations already defined in libssl.lib(libssl-1_1-x64.dll); second definition ignored
libssl_static.lib(ssl_lib.obj) : warning LNK4006: SSL_get_SSL_CTX already defined in libssl.lib(libssl-1_1-x64.dll); second definition ignored
libssl_static.lib(ssl_lib.obj) : warning LNK4006: SSL_set_SSL_CTX already defined in libssl.lib(libssl-1_1-x64.dll); second definition ignored
libssl_static.lib(ssl_lib.obj) : warning LNK4006: SSL_set_info_callback already defined in libssl.lib(libssl-1_1-x64.dll); second definition ignored
libssl_static.lib(ssl_lib.obj) : warning LNK4006: SSL_get_info_callback already defined in libssl.lib(libssl-1_1-x64.dll); second definition ignored
libssl_static.lib(ssl_lib.obj) : warning LNK4006: SSL_set_verify_result already defined in libssl.lib(libssl-1_1-x64.dll); second definition ignored
libssl_static.lib(ssl_lib.obj) : warning LNK4006: SSL_get_verify_result already defined in libssl.lib(libssl-1_1-x64.dll); second definition ignored
libssl_static.lib(ssl_lib.obj) : warning LNK4006: SSL_get0_verified_chain already defined in libssl.lib(libssl-1_1-x64.dll); second definition ignored
libssl_static.lib(ssl_lib.obj) : warning LNK4006: SSL_get_client_random already defined in libssl.lib(libssl-1_1-x64.dll); second definition ignored
libssl_static.lib(ssl_lib.obj) : warning LNK4006: SSL_get_server_random already defined in libssl.lib(libssl-1_1-x64.dll); second definition ignored
libssl_static.lib(ssl_lib.obj) : warning LNK4006: SSL_SESSION_get_master_key already defined in libssl.lib(libssl-1_1-x64.dll); second definition ignored
libssl_static.lib(ssl_lib.obj) : warning LNK4006: SSL_SESSION_set1_master_key already defined in libssl.lib(libssl-1_1-x64.dll); second definition ignored
libssl_static.lib(ssl_lib.obj) : warning LNK4006: SSL_set_ex_data already defined in libssl.lib(libssl-1_1-x64.dll); second definition ignored
libssl_static.lib(ssl_lib.obj) : warning LNK4006: SSL_get_ex_data already defined in libssl.lib(libssl-1_1-x64.dll); second definition ignored
libssl_static.lib(ssl_lib.obj) : warning LNK4006: SSL_CTX_set_ex_data already defined in libssl.lib(libssl-1_1-x64.dll); second definition ignored
libssl_static.lib(ssl_lib.obj) : warning LNK4006: SSL_CTX_get_ex_data already defined in libssl.lib(libssl-1_1-x64.dll); second definition ignored
libssl_static.lib(ssl_lib.obj) : warning LNK4006: SSL_CTX_set_tmp_dh_callback already defined in libssl.lib(libssl-1_1-x64.dll); second definition ignored
libssl_static.lib(ssl_lib.obj) : warning LNK4006: SSL_set_tmp_dh_callback already defined in libssl.lib(libssl-1_1-x64.dll); second definition ignored
libssl_static.lib(ssl_lib.obj) : warning LNK4006: SSL_get_current_compression already defined in libssl.lib(libssl-1_1-x64.dll); second definition ignored
libssl_static.lib(ssl_lib.obj) : warning LNK4006: SSL_get_current_expansion already defined in libssl.lib(libssl-1_1-x64.dll); second definition ignored
libssl_static.lib(ssl_lib.obj) : warning LNK4006: SSL_bytes_to_cipher_list already defined in libssl.lib(libssl-1_1-x64.dll); second definition ignored
libssl_static.lib(ssl_lib.obj) : warning LNK4006: SSL_CTX_set_not_resumable_session_callback already defined in libssl.lib(libssl-1_1-x64.dll); second definition ignored
libssl_static.lib(ssl_lib.obj) : warning LNK4006: SSL_set_not_resumable_session_callback already defined in libssl.lib(libssl-1_1-x64.dll); second definition ignored
libssl_static.lib(ssl_lib.obj) : warning LNK4006: SSL_CTX_set_record_padding_callback already defined in libssl.lib(libssl-1_1-x64.dll); second definition ignored
libssl_static.lib(ssl_lib.obj) : warning LNK4006: SSL_CTX_set_record_padding_callback_arg already defined in libssl.lib(libssl-1_1-x64.dll); second definition ignored
libssl_static.lib(ssl_lib.obj) : warning LNK4006: SSL_CTX_get_record_padding_callback_arg already defined in libssl.lib(libssl-1_1-x64.dll); second definition ignored
libssl_static.lib(ssl_lib.obj) : warning LNK4006: SSL_CTX_set_block_padding already defined in libssl.lib(libssl-1_1-x64.dll); second definition ignored
libssl_static.lib(ssl_lib.obj) : warning LNK4006: SSL_set_record_padding_callback already defined in libssl.lib(libssl-1_1-x64.dll); second definition ignored
libssl_static.lib(ssl_lib.obj) : warning LNK4006: SSL_set_record_padding_callback_arg already defined in libssl.lib(libssl-1_1-x64.dll); second definition ignored
libssl_static.lib(ssl_lib.obj) : warning LNK4006: SSL_get_record_padding_callback_arg already defined in libssl.lib(libssl-1_1-x64.dll); second definition ignored
libssl_static.lib(ssl_lib.obj) : warning LNK4006: SSL_set_block_padding already defined in libssl.lib(libssl-1_1-x64.dll); second definition ignored
libssl_static.lib(ssl_lib.obj) : warning LNK4006: SSL_set_num_tickets already defined in libssl.lib(libssl-1_1-x64.dll); second definition ignored
libssl_static.lib(ssl_lib.obj) : warning LNK4006: SSL_get_num_tickets already defined in libssl.lib(libssl-1_1-x64.dll); second definition ignored
libssl_static.lib(ssl_lib.obj) : warning LNK4006: SSL_CTX_set_num_tickets already defined in libssl.lib(libssl-1_1-x64.dll); second definition ignored
libssl_static.lib(ssl_lib.obj) : warning LNK4006: SSL_CTX_get_num_tickets already defined in libssl.lib(libssl-1_1-x64.dll); second definition ignored
libssl_static.lib(ssl_lib.obj) : warning LNK4006: SSL_session_reused already defined in libssl.lib(libssl-1_1-x64.dll); second definition ignored
libssl_static.lib(ssl_lib.obj) : warning LNK4006: SSL_is_server already defined in libssl.lib(libssl-1_1-x64.dll); second definition ignored
libssl_static.lib(ssl_lib.obj) : warning LNK4006: SSL_set_ct_validation_callback already defined in libssl.lib(libssl-1_1-x64.dll); second definition ignored
libssl_static.lib(ssl_lib.obj) : warning LNK4006: SSL_CTX_set_ct_validation_callback already defined in libssl.lib(libssl-1_1-x64.dll); second definition ignored
libssl_static.lib(ssl_lib.obj) : warning LNK4006: SSL_enable_ct already defined in libssl.lib(libssl-1_1-x64.dll); second definition ignored
libssl_static.lib(ssl_lib.obj) : warning LNK4006: SSL_CTX_enable_ct already defined in libssl.lib(libssl-1_1-x64.dll); second definition ignored
libssl_static.lib(ssl_lib.obj) : warning LNK4006: SSL_ct_is_enabled already defined in libssl.lib(libssl-1_1-x64.dll); second definition ignored
libssl_static.lib(ssl_lib.obj) : warning LNK4006: SSL_CTX_ct_is_enabled already defined in libssl.lib(libssl-1_1-x64.dll); second definition ignored
libssl_static.lib(ssl_lib.obj) : warning LNK4006: SSL_get0_peer_scts already defined in libssl.lib(libssl-1_1-x64.dll); second definition ignored
libssl_static.lib(ssl_lib.obj) : warning LNK4006: SSL_CTX_set_default_ctlog_list_file already defined in libssl.lib(libssl-1_1-x64.dll); second definition ignored
libssl_static.lib(ssl_lib.obj) : warning LNK4006: SSL_CTX_set_ctlog_list_file already defined in libssl.lib(libssl-1_1-x64.dll); second definition ignored
libssl_static.lib(ssl_lib.obj) : warning LNK4006: SSL_CTX_set0_ctlog_store already defined in libssl.lib(libssl-1_1-x64.dll); second definition ignored
libssl_static.lib(ssl_lib.obj) : warning LNK4006: SSL_CTX_get0_ctlog_store already defined in libssl.lib(libssl-1_1-x64.dll); second definition ignored
libssl_static.lib(ssl_lib.obj) : warning LNK4006: SSL_set_security_level already defined in libssl.lib(libssl-1_1-x64.dll); second definition ignored
libssl_static.lib(ssl_lib.obj) : warning LNK4006: SSL_get_security_level already defined in libssl.lib(libssl-1_1-x64.dll); second definition ignored
libssl_static.lib(ssl_lib.obj) : warning LNK4006: SSL_set_security_callback already defined in libssl.lib(libssl-1_1-x64.dll); second definition ignored
libssl_static.lib(ssl_lib.obj) : warning LNK4006: SSL_get_security_callback already defined in libssl.lib(libssl-1_1-x64.dll); second definition ignored
libssl_static.lib(ssl_lib.obj) : warning LNK4006: SSL_set0_security_ex_data already defined in libssl.lib(libssl-1_1-x64.dll); second definition ignored
libssl_static.lib(ssl_lib.obj) : warning LNK4006: SSL_get0_security_ex_data already defined in libssl.lib(libssl-1_1-x64.dll); second definition ignored
libssl_static.lib(ssl_lib.obj) : warning LNK4006: SSL_CTX_set_security_level already defined in libssl.lib(libssl-1_1-x64.dll); second definition ignored
libssl_static.lib(ssl_lib.obj) : warning LNK4006: SSL_CTX_get_security_level already defined in libssl.lib(libssl-1_1-x64.dll); second definition ignored
libssl_static.lib(ssl_lib.obj) : warning LNK4006: SSL_CTX_set_security_callback already defined in libssl.lib(libssl-1_1-x64.dll); second definition ignored
libssl_static.lib(ssl_lib.obj) : warning LNK4006: SSL_CTX_get_security_callback already defined in libssl.lib(libssl-1_1-x64.dll); second definition ignored
libssl_static.lib(ssl_lib.obj) : warning LNK4006: SSL_CTX_set0_security_ex_data already defined in libssl.lib(libssl-1_1-x64.dll); second definition ignored
libssl_static.lib(ssl_lib.obj) : warning LNK4006: SSL_CTX_get0_security_ex_data already defined in libssl.lib(libssl-1_1-x64.dll); second definition ignored
libssl_static.lib(ssl_lib.obj) : warning LNK4006: SSL_free_buffers already defined in libssl.lib(libssl-1_1-x64.dll); second definition ignored
libssl_static.lib(ssl_lib.obj) : warning LNK4006: SSL_alloc_buffers already defined in libssl.lib(libssl-1_1-x64.dll); second definition ignored
libssl_static.lib(ssl_lib.obj) : warning LNK4006: SSL_CTX_set_session_ticket_cb already defined in libssl.lib(libssl-1_1-x64.dll); second definition ignored
libssl_static.lib(ssl_lib.obj) : warning LNK4006: SSL_CTX_set_allow_early_data_cb already defined in libssl.lib(libssl-1_1-x64.dll); second definition ignored
libssl_static.lib(ssl_lib.obj) : warning LNK4006: SSL_set_allow_early_data_cb already defined in libssl.lib(libssl-1_1-x64.dll); second definition ignored
libssl_static.lib(ssl_mcnf.obj) : warning LNK4006: SSL_add_ssl_module already defined in libssl.lib(libssl-1_1-x64.dll); second definition ignored
libssl_static.lib(ssl_mcnf.obj) : warning LNK4006: SSL_config already defined in libssl.lib(libssl-1_1-x64.dll); second definition ignored
libssl_static.lib(ssl_mcnf.obj) : warning LNK4006: SSL_CTX_config already defined in libssl.lib(libssl-1_1-x64.dll); second definition ignored
libssl_static.lib(ssl_rsa.obj) : warning LNK4006: SSL_use_RSAPrivateKey already defined in libssl.lib(libssl-1_1-x64.dll); second definition ignored
libssl_static.lib(ssl_rsa.obj) : warning LNK4006: SSL_use_RSAPrivateKey_ASN1 already defined in libssl.lib(libssl-1_1-x64.dll); second definition ignored
libssl_static.lib(ssl_rsa.obj) : warning LNK4006: SSL_use_PrivateKey already defined in libssl.lib(libssl-1_1-x64.dll); second definition ignored
libssl_static.lib(ssl_rsa.obj) : warning LNK4006: SSL_use_PrivateKey_ASN1 already defined in libssl.lib(libssl-1_1-x64.dll); second definition ignored
libssl_static.lib(ssl_rsa.obj) : warning LNK4006: SSL_use_certificate already defined in libssl.lib(libssl-1_1-x64.dll); second definition ignored
libssl_static.lib(ssl_rsa.obj) : warning LNK4006: SSL_use_certificate_ASN1 already defined in libssl.lib(libssl-1_1-x64.dll); second definition ignored
libssl_static.lib(ssl_rsa.obj) : warning LNK4006: SSL_use_cert_and_key already defined in libssl.lib(libssl-1_1-x64.dll); second definition ignored
libssl_static.lib(ssl_rsa.obj) : warning LNK4006: SSL_CTX_use_serverinfo already defined in libssl.lib(libssl-1_1-x64.dll); second definition ignored
libssl_static.lib(ssl_rsa.obj) : warning LNK4006: SSL_CTX_use_serverinfo_ex already defined in libssl.lib(libssl-1_1-x64.dll); second definition ignored
libssl_static.lib(ssl_rsa.obj) : warning LNK4006: SSL_CTX_use_serverinfo_file already defined in libssl.lib(libssl-1_1-x64.dll); second definition ignored
libssl_static.lib(ssl_rsa.obj) : warning LNK4006: SSL_use_RSAPrivateKey_file already defined in libssl.lib(libssl-1_1-x64.dll); second definition ignored
libssl_static.lib(ssl_rsa.obj) : warning LNK4006: SSL_use_PrivateKey_file already defined in libssl.lib(libssl-1_1-x64.dll); second definition ignored
libssl_static.lib(ssl_rsa.obj) : warning LNK4006: SSL_use_certificate_file already defined in libssl.lib(libssl-1_1-x64.dll); second definition ignored
libssl_static.lib(ssl_rsa.obj) : warning LNK4006: SSL_CTX_use_RSAPrivateKey_file already defined in libssl.lib(libssl-1_1-x64.dll); second definition ignored
libssl_static.lib(ssl_rsa.obj) : warning LNK4006: SSL_CTX_use_PrivateKey_file already defined in libssl.lib(libssl-1_1-x64.dll); second definition ignored
libssl_static.lib(ssl_rsa.obj) : warning LNK4006: SSL_CTX_use_certificate_file already defined in libssl.lib(libssl-1_1-x64.dll); second definition ignored
libssl_static.lib(ssl_rsa.obj) : warning LNK4006: SSL_CTX_use_certificate_chain_file already defined in libssl.lib(libssl-1_1-x64.dll); second definition ignored
libssl_static.lib(ssl_rsa.obj) : warning LNK4006: SSL_use_certificate_chain_file already defined in libssl.lib(libssl-1_1-x64.dll); second definition ignored
libssl_static.lib(ssl_rsa.obj) : warning LNK4006: SSL_CTX_use_RSAPrivateKey already defined in libssl.lib(libssl-1_1-x64.dll); second definition ignored
libssl_static.lib(ssl_rsa.obj) : warning LNK4006: SSL_CTX_use_RSAPrivateKey_ASN1 already defined in libssl.lib(libssl-1_1-x64.dll); second definition ignored
libssl_static.lib(ssl_rsa.obj) : warning LNK4006: SSL_CTX_use_PrivateKey already defined in libssl.lib(libssl-1_1-x64.dll); second definition ignored
libssl_static.lib(ssl_rsa.obj) : warning LNK4006: SSL_CTX_use_PrivateKey_ASN1 already defined in libssl.lib(libssl-1_1-x64.dll); second definition ignored
libssl_static.lib(ssl_rsa.obj) : warning LNK4006: SSL_CTX_use_certificate already defined in libssl.lib(libssl-1_1-x64.dll); second definition ignored
libssl_static.lib(ssl_rsa.obj) : warning LNK4006: SSL_CTX_use_certificate_ASN1 already defined in libssl.lib(libssl-1_1-x64.dll); second definition ignored
libssl_static.lib(ssl_rsa.obj) : warning LNK4006: SSL_CTX_use_cert_and_key already defined in libssl.lib(libssl-1_1-x64.dll); second definition ignored
libssl_static.lib(ssl_sess.obj) : warning LNK4006: SSL_CTX_sess_set_new_cb already defined in libssl.lib(libssl-1_1-x64.dll); second definition ignored
libssl_static.lib(ssl_sess.obj) : warning LNK4006: SSL_CTX_sess_get_new_cb already defined in libssl.lib(libssl-1_1-x64.dll); second definition ignored
libssl_static.lib(ssl_sess.obj) : warning LNK4006: SSL_CTX_sess_set_remove_cb already defined in libssl.lib(libssl-1_1-x64.dll); second definition ignored
libssl_static.lib(ssl_sess.obj) : warning LNK4006: SSL_CTX_sess_get_remove_cb already defined in libssl.lib(libssl-1_1-x64.dll); second definition ignored
libssl_static.lib(ssl_sess.obj) : warning LNK4006: SSL_CTX_sess_set_get_cb already defined in libssl.lib(libssl-1_1-x64.dll); second definition ignored
libssl_static.lib(ssl_sess.obj) : warning LNK4006: SSL_CTX_sess_get_get_cb already defined in libssl.lib(libssl-1_1-x64.dll); second definition ignored
libssl_static.lib(ssl_sess.obj) : warning LNK4006: SSL_CTX_set_info_callback already defined in libssl.lib(libssl-1_1-x64.dll); second definition ignored
libssl_static.lib(ssl_sess.obj) : warning LNK4006: SSL_CTX_get_info_callback already defined in libssl.lib(libssl-1_1-x64.dll); second definition ignored
libssl_static.lib(ssl_sess.obj) : warning LNK4006: SSL_CTX_set_client_cert_cb already defined in libssl.lib(libssl-1_1-x64.dll); second definition ignored
libssl_static.lib(ssl_sess.obj) : warning LNK4006: SSL_CTX_get_client_cert_cb already defined in libssl.lib(libssl-1_1-x64.dll); second definition ignored
libssl_static.lib(ssl_sess.obj) : warning LNK4006: SSL_CTX_set_client_cert_engine already defined in libssl.lib(libssl-1_1-x64.dll); second definition ignored
libssl_static.lib(ssl_sess.obj) : warning LNK4006: SSL_CTX_set_cookie_generate_cb already defined in libssl.lib(libssl-1_1-x64.dll); second definition ignored
libssl_static.lib(ssl_sess.obj) : warning LNK4006: SSL_CTX_set_cookie_verify_cb already defined in libssl.lib(libssl-1_1-x64.dll); second definition ignored
libssl_static.lib(ssl_sess.obj) : warning LNK4006: SSL_CTX_set_stateless_cookie_generate_cb already defined in libssl.lib(libssl-1_1-x64.dll); second definition ignored
libssl_static.lib(ssl_sess.obj) : warning LNK4006: SSL_CTX_set_stateless_cookie_verify_cb already defined in libssl.lib(libssl-1_1-x64.dll); second definition ignored
libssl_static.lib(ssl_sess.obj) : warning LNK4006: PEM_read_bio_SSL_SESSION already defined in libssl.lib(libssl-1_1-x64.dll); second definition ignored
libssl_static.lib(ssl_sess.obj) : warning LNK4006: PEM_read_SSL_SESSION already defined in libssl.lib(libssl-1_1-x64.dll); second definition ignored
libssl_static.lib(ssl_sess.obj) : warning LNK4006: PEM_write_bio_SSL_SESSION already defined in libssl.lib(libssl-1_1-x64.dll); second definition ignored
libssl_static.lib(ssl_sess.obj) : warning LNK4006: PEM_write_SSL_SESSION already defined in libssl.lib(libssl-1_1-x64.dll); second definition ignored
libssl_static.lib(ssl_sess.obj) : warning LNK4006: SSL_CTX_set_timeout already defined in libssl.lib(libssl-1_1-x64.dll); second definition ignored
libssl_static.lib(ssl_sess.obj) : warning LNK4006: SSL_CTX_get_timeout already defined in libssl.lib(libssl-1_1-x64.dll); second definition ignored
libssl_static.lib(ssl_sess.obj) : warning LNK4006: SSL_CTX_flush_sessions already defined in libssl.lib(libssl-1_1-x64.dll); second definition ignored
libssl_static.lib(ssl_sess.obj) : warning LNK4006: SSL_SESSION_get_time already defined in libssl.lib(libssl-1_1-x64.dll); second definition ignored
libssl_static.lib(ssl_sess.obj) : warning LNK4006: SSL_SESSION_set_time already defined in libssl.lib(libssl-1_1-x64.dll); second definition ignored
libssl_static.lib(ssl_sess.obj) : warning LNK4006: SSL_SESSION_get_timeout already defined in libssl.lib(libssl-1_1-x64.dll); second definition ignored
libssl_static.lib(ssl_sess.obj) : warning LNK4006: SSL_SESSION_set_timeout already defined in libssl.lib(libssl-1_1-x64.dll); second definition ignored
libssl_static.lib(ssl_sess.obj) : warning LNK4006: SSL_SESSION_get_protocol_version already defined in libssl.lib(libssl-1_1-x64.dll); second definition ignored
libssl_static.lib(ssl_sess.obj) : warning LNK4006: SSL_SESSION_set_protocol_version already defined in libssl.lib(libssl-1_1-x64.dll); second definition ignored
libssl_static.lib(ssl_sess.obj) : warning LNK4006: SSL_SESSION_get0_hostname already defined in libssl.lib(libssl-1_1-x64.dll); second definition ignored
libssl_static.lib(ssl_sess.obj) : warning LNK4006: SSL_SESSION_set1_hostname already defined in libssl.lib(libssl-1_1-x64.dll); second definition ignored
libssl_static.lib(ssl_sess.obj) : warning LNK4006: SSL_SESSION_get0_alpn_selected already defined in libssl.lib(libssl-1_1-x64.dll); second definition ignored
libssl_static.lib(ssl_sess.obj) : warning LNK4006: SSL_SESSION_set1_alpn_selected already defined in libssl.lib(libssl-1_1-x64.dll); second definition ignored
libssl_static.lib(ssl_sess.obj) : warning LNK4006: SSL_SESSION_get0_cipher already defined in libssl.lib(libssl-1_1-x64.dll); second definition ignored
libssl_static.lib(ssl_sess.obj) : warning LNK4006: SSL_SESSION_set_cipher already defined in libssl.lib(libssl-1_1-x64.dll); second definition ignored
libssl_static.lib(ssl_sess.obj) : warning LNK4006: SSL_SESSION_has_ticket already defined in libssl.lib(libssl-1_1-x64.dll); second definition ignored
libssl_static.lib(ssl_sess.obj) : warning LNK4006: SSL_SESSION_get_ticket_lifetime_hint already defined in libssl.lib(libssl-1_1-x64.dll); second definition ignored
libssl_static.lib(ssl_sess.obj) : warning LNK4006: SSL_SESSION_get0_ticket already defined in libssl.lib(libssl-1_1-x64.dll); second definition ignored
libssl_static.lib(ssl_sess.obj) : warning LNK4006: SSL_SESSION_get_max_early_data already defined in libssl.lib(libssl-1_1-x64.dll); second definition ignored
libssl_static.lib(ssl_sess.obj) : warning LNK4006: SSL_SESSION_set_max_early_data already defined in libssl.lib(libssl-1_1-x64.dll); second definition ignored
libssl_static.lib(ssl_sess.obj) : warning LNK4006: SSL_SESSION_get0_peer already defined in libssl.lib(libssl-1_1-x64.dll); second definition ignored
libssl_static.lib(ssl_sess.obj) : warning LNK4006: SSL_SESSION_set1_id_context already defined in libssl.lib(libssl-1_1-x64.dll); second definition ignored
libssl_static.lib(ssl_sess.obj) : warning LNK4006: SSL_SESSION_set1_id already defined in libssl.lib(libssl-1_1-x64.dll); second definition ignored
libssl_static.lib(ssl_sess.obj) : warning LNK4006: SSL_SESSION_is_resumable already defined in libssl.lib(libssl-1_1-x64.dll); second definition ignored
libssl_static.lib(ssl_sess.obj) : warning LNK4006: SSL_SESSION_new already defined in libssl.lib(libssl-1_1-x64.dll); second definition ignored
libssl_static.lib(ssl_sess.obj) : warning LNK4006: SSL_SESSION_dup already defined in libssl.lib(libssl-1_1-x64.dll); second definition ignored
libssl_static.lib(ssl_sess.obj) : warning LNK4006: SSL_SESSION_get_id already defined in libssl.lib(libssl-1_1-x64.dll); second definition ignored
libssl_static.lib(ssl_sess.obj) : warning LNK4006: SSL_SESSION_get0_id_context already defined in libssl.lib(libssl-1_1-x64.dll); second definition ignored
libssl_static.lib(ssl_sess.obj) : warning LNK4006: SSL_SESSION_get_compress_id already defined in libssl.lib(libssl-1_1-x64.dll); second definition ignored
libssl_static.lib(ssl_sess.obj) : warning LNK4006: SSL_SESSION_up_ref already defined in libssl.lib(libssl-1_1-x64.dll); second definition ignored
libssl_static.lib(ssl_sess.obj) : warning LNK4006: SSL_SESSION_free already defined in libssl.lib(libssl-1_1-x64.dll); second definition ignored
libssl_static.lib(ssl_sess.obj) : warning LNK4006: SSL_set_session already defined in libssl.lib(libssl-1_1-x64.dll); second definition ignored
libssl_static.lib(ssl_sess.obj) : warning LNK4006: SSL_CTX_add_session already defined in libssl.lib(libssl-1_1-x64.dll); second definition ignored
libssl_static.lib(ssl_sess.obj) : warning LNK4006: SSL_CTX_remove_session already defined in libssl.lib(libssl-1_1-x64.dll); second definition ignored
libssl_static.lib(ssl_sess.obj) : warning LNK4006: SSL_get_session already defined in libssl.lib(libssl-1_1-x64.dll); second definition ignored
libssl_static.lib(ssl_sess.obj) : warning LNK4006: SSL_get1_session already defined in libssl.lib(libssl-1_1-x64.dll); second definition ignored
libssl_static.lib(ssl_sess.obj) : warning LNK4006: SSL_SESSION_set_ex_data already defined in libssl.lib(libssl-1_1-x64.dll); second definition ignored
libssl_static.lib(ssl_sess.obj) : warning LNK4006: SSL_SESSION_get_ex_data already defined in libssl.lib(libssl-1_1-x64.dll); second definition ignored
libssl_static.lib(ssl_sess.obj) : warning LNK4006: SSL_set_session_ticket_ext already defined in libssl.lib(libssl-1_1-x64.dll); second definition ignored
libssl_static.lib(ssl_sess.obj) : warning LNK4006: SSL_set_session_ticket_ext_cb already defined in libssl.lib(libssl-1_1-x64.dll); second definition ignored
libssl_static.lib(ssl_sess.obj) : warning LNK4006: SSL_set_session_secret_cb already defined in libssl.lib(libssl-1_1-x64.dll); second definition ignored
libssl_static.lib(ssl_sess.obj) : warning LNK4006: SSL_SESSION_set1_ticket_appdata already defined in libssl.lib(libssl-1_1-x64.dll); second definition ignored
libssl_static.lib(ssl_sess.obj) : warning LNK4006: SSL_SESSION_get0_ticket_appdata already defined in libssl.lib(libssl-1_1-x64.dll); second definition ignored
libssl_static.lib(ssl_stat.obj) : warning LNK4006: SSL_state_string already defined in libssl.lib(libssl-1_1-x64.dll); second definition ignored
libssl_static.lib(ssl_stat.obj) : warning LNK4006: SSL_state_string_long already defined in libssl.lib(libssl-1_1-x64.dll); second definition ignored
libssl_static.lib(ssl_stat.obj) : warning LNK4006: SSL_alert_type_string_long already defined in libssl.lib(libssl-1_1-x64.dll); second definition ignored
libssl_static.lib(ssl_stat.obj) : warning LNK4006: SSL_alert_type_string already defined in libssl.lib(libssl-1_1-x64.dll); second definition ignored
libssl_static.lib(ssl_stat.obj) : warning LNK4006: SSL_alert_desc_string_long already defined in libssl.lib(libssl-1_1-x64.dll); second definition ignored
libssl_static.lib(ssl_stat.obj) : warning LNK4006: SSL_alert_desc_string already defined in libssl.lib(libssl-1_1-x64.dll); second definition ignored
libssl_static.lib(ssl_txt.obj) : warning LNK4006: SSL_SESSION_print_fp already defined in libssl.lib(libssl-1_1-x64.dll); second definition ignored
libssl_static.lib(ssl_txt.obj) : warning LNK4006: SSL_SESSION_print already defined in libssl.lib(libssl-1_1-x64.dll); second definition ignored
libssl_static.lib(ssl_txt.obj) : warning LNK4006: SSL_SESSION_print_keylog already defined in libssl.lib(libssl-1_1-x64.dll); second definition ignored
libssl_static.lib(extensions_cust.obj) : warning LNK4006: SSL_CTX_has_client_custom_ext already defined in libssl.lib(libssl-1_1-x64.dll); second definition ignored
libssl_static.lib(extensions_cust.obj) : warning LNK4006: SSL_CTX_add_client_custom_ext already defined in libssl.lib(libssl-1_1-x64.dll); second definition ignored
libssl_static.lib(extensions_cust.obj) : warning LNK4006: SSL_CTX_add_server_custom_ext already defined in libssl.lib(libssl-1_1-x64.dll); second definition ignored
libssl_static.lib(extensions_cust.obj) : warning LNK4006: SSL_CTX_add_custom_ext already defined in libssl.lib(libssl-1_1-x64.dll); second definition ignored
libssl_static.lib(extensions_cust.obj) : warning LNK4006: SSL_extension_supported already defined in libssl.lib(libssl-1_1-x64.dll); second definition ignored
libssl_static.lib(statem.obj) : warning LNK4006: SSL_in_init already defined in libssl.lib(libssl-1_1-x64.dll); second definition ignored
libssl_static.lib(statem.obj) : warning LNK4006: SSL_in_before already defined in libssl.lib(libssl-1_1-x64.dll); second definition ignored
libssl_static.lib(statem.obj) : warning LNK4006: SSL_is_init_finished already defined in libssl.lib(libssl-1_1-x64.dll); second definition ignored
libssl_static.lib(statem.obj) : warning LNK4006: SSL_get_state already defined in libssl.lib(libssl-1_1-x64.dll); second definition ignored
libssl_static.lib(t1_lib.obj) : warning LNK4006: SSL_CTX_set_tlsext_max_fragment_length already defined in libssl.lib(libssl-1_1-x64.dll); second definition ignored
libssl_static.lib(t1_lib.obj) : warning LNK4006: SSL_set_tlsext_max_fragment_length already defined in libssl.lib(libssl-1_1-x64.dll); second definition ignored
libssl_static.lib(t1_lib.obj) : warning LNK4006: SSL_get_peer_signature_type_nid already defined in libssl.lib(libssl-1_1-x64.dll); second definition ignored
libssl_static.lib(t1_lib.obj) : warning LNK4006: SSL_get_signature_type_nid already defined in libssl.lib(libssl-1_1-x64.dll); second definition ignored
libssl_static.lib(t1_lib.obj) : warning LNK4006: SSL_get_sigalgs already defined in libssl.lib(libssl-1_1-x64.dll); second definition ignored
libssl_static.lib(t1_lib.obj) : warning LNK4006: SSL_get_shared_sigalgs already defined in libssl.lib(libssl-1_1-x64.dll); second definition ignored
libssl_static.lib(t1_lib.obj) : warning LNK4006: SSL_check_chain already defined in libssl.lib(libssl-1_1-x64.dll); second definition ignored
libssl_static.lib(t1_lib.obj) : warning LNK4006: SSL_SESSION_get_max_fragment_length already defined in libssl.lib(libssl-1_1-x64.dll); second definition ignored
libssl_static.lib(tls_srp.obj) : warning LNK4006: SSL_SRP_CTX_init already defined in libssl.lib(libssl-1_1-x64.dll); second definition ignored
libssl_static.lib(tls_srp.obj) : warning LNK4006: SSL_CTX_SRP_CTX_init already defined in libssl.lib(libssl-1_1-x64.dll); second definition ignored
libssl_static.lib(tls_srp.obj) : warning LNK4006: SSL_SRP_CTX_free already defined in libssl.lib(libssl-1_1-x64.dll); second definition ignored
libssl_static.lib(tls_srp.obj) : warning LNK4006: SSL_CTX_SRP_CTX_free already defined in libssl.lib(libssl-1_1-x64.dll); second definition ignored
libssl_static.lib(tls_srp.obj) : warning LNK4006: SSL_srp_server_param_with_username already defined in libssl.lib(libssl-1_1-x64.dll); second definition ignored
libssl_static.lib(tls_srp.obj) : warning LNK4006: SRP_Calc_A_param already defined in libssl.lib(libssl-1_1-x64.dll); second definition ignored
libssl_static.lib(tls_srp.obj) : warning LNK4006: SSL_CTX_set_srp_username already defined in libssl.lib(libssl-1_1-x64.dll); second definition ignored
libssl_static.lib(tls_srp.obj) : warning LNK4006: SSL_CTX_set_srp_password already defined in libssl.lib(libssl-1_1-x64.dll); second definition ignored
libssl_static.lib(tls_srp.obj) : warning LNK4006: SSL_CTX_set_srp_strength already defined in libssl.lib(libssl-1_1-x64.dll); second definition ignored
libssl_static.lib(tls_srp.obj) : warning LNK4006: SSL_CTX_set_srp_client_pwd_callback already defined in libssl.lib(libssl-1_1-x64.dll); second definition ignored
libssl_static.lib(tls_srp.obj) : warning LNK4006: SSL_CTX_set_srp_verify_param_callback already defined in libssl.lib(libssl-1_1-x64.dll); second definition ignored
libssl_static.lib(tls_srp.obj) : warning LNK4006: SSL_CTX_set_srp_username_callback already defined in libssl.lib(libssl-1_1-x64.dll); second definition ignored
libssl_static.lib(tls_srp.obj) : warning LNK4006: SSL_CTX_set_srp_cb_arg already defined in libssl.lib(libssl-1_1-x64.dll); second definition ignored
libssl_static.lib(tls_srp.obj) : warning LNK4006: SSL_set_srp_server_param already defined in libssl.lib(libssl-1_1-x64.dll); second definition ignored
libssl_static.lib(tls_srp.obj) : warning LNK4006: SSL_set_srp_server_param_pw already defined in libssl.lib(libssl-1_1-x64.dll); second definition ignored
libssl_static.lib(tls_srp.obj) : warning LNK4006: SSL_get_srp_g already defined in libssl.lib(libssl-1_1-x64.dll); second definition ignored
libssl_static.lib(tls_srp.obj) : warning LNK4006: SSL_get_srp_N already defined in libssl.lib(libssl-1_1-x64.dll); second definition ignored
libssl_static.lib(tls_srp.obj) : warning LNK4006: SSL_get_srp_username already defined in libssl.lib(libssl-1_1-x64.dll); second definition ignored
libssl_static.lib(tls_srp.obj) : warning LNK4006: SSL_get_srp_userinfo already defined in libssl.lib(libssl-1_1-x64.dll); second definition ignored
libcrypto_static.lib(aes-x86_64.obj) : warning LNK4006: AES_encrypt already defined in libcrypto.lib(libcrypto-1_1-x64.dll); second definition ignored
libcrypto_static.lib(aes-x86_64.obj) : warning LNK4006: AES_decrypt already defined in libcrypto.lib(libcrypto-1_1-x64.dll); second definition ignored
libcrypto_static.lib(aes-x86_64.obj) : warning LNK4006: AES_set_encrypt_key already defined in libcrypto.lib(libcrypto-1_1-x64.dll); second definition ignored
libcrypto_static.lib(aes-x86_64.obj) : warning LNK4006: AES_set_decrypt_key already defined in libcrypto.lib(libcrypto-1_1-x64.dll); second definition ignored
libcrypto_static.lib(aes-x86_64.obj) : warning LNK4006: AES_cbc_encrypt already defined in libcrypto.lib(libcrypto-1_1-x64.dll); second definition ignored
libcrypto_static.lib(aes_cfb.obj) : warning LNK4006: AES_cfb128_encrypt already defined in libcrypto.lib(libcrypto-1_1-x64.dll); second definition ignored
libcrypto_static.lib(aes_cfb.obj) : warning LNK4006: AES_cfb1_encrypt already defined in libcrypto.lib(libcrypto-1_1-x64.dll); second definition ignored
libcrypto_static.lib(aes_cfb.obj) : warning LNK4006: AES_cfb8_encrypt already defined in libcrypto.lib(libcrypto-1_1-x64.dll); second definition ignored
libcrypto_static.lib(aes_ecb.obj) : warning LNK4006: AES_ecb_encrypt already defined in libcrypto.lib(libcrypto-1_1-x64.dll); second definition ignored
libcrypto_static.lib(aes_ige.obj) : warning LNK4006: AES_ige_encrypt already defined in libcrypto.lib(libcrypto-1_1-x64.dll); second definition ignored
libcrypto_static.lib(aes_ige.obj) : warning LNK4006: AES_bi_ige_encrypt already defined in libcrypto.lib(libcrypto-1_1-x64.dll); second definition ignored
libcrypto_static.lib(aes_misc.obj) : warning LNK4006: AES_options already defined in libcrypto.lib(libcrypto-1_1-x64.dll); second definition ignored
libcrypto_static.lib(aes_ofb.obj) : warning LNK4006: AES_ofb128_encrypt already defined in libcrypto.lib(libcrypto-1_1-x64.dll); second definition ignored
libcrypto_static.lib(aes_wrap.obj) : warning LNK4006: AES_wrap_key already defined in libcrypto.lib(libcrypto-1_1-x64.dll); second definition ignored
libcrypto_static.lib(aes_wrap.obj) : warning LNK4006: AES_unwrap_key already defined in libcrypto.lib(libcrypto-1_1-x64.dll); second definition ignored
libcrypto_static.lib(a_bitstr.obj) : warning LNK4006: ASN1_BIT_STRING_set already defined in libcrypto.lib(libcrypto-1_1-x64.dll); second definition ignored
libcrypto_static.lib(a_bitstr.obj) : warning LNK4006: ASN1_BIT_STRING_set_bit already defined in libcrypto.lib(libcrypto-1_1-x64.dll); second definition ignored
libcrypto_static.lib(a_bitstr.obj) : warning LNK4006: ASN1_BIT_STRING_get_bit already defined in libcrypto.lib(libcrypto-1_1-x64.dll); second definition ignored
libcrypto_static.lib(a_bitstr.obj) : warning LNK4006: ASN1_BIT_STRING_check already defined in libcrypto.lib(libcrypto-1_1-x64.dll); second definition ignored
libcrypto_static.lib(a_d2i_fp.obj) : warning LNK4006: ASN1_d2i_fp already defined in libcrypto.lib(libcrypto-1_1-x64.dll); second definition ignored
libcrypto_static.lib(a_d2i_fp.obj) : warning LNK4006: ASN1_item_d2i_fp already defined in libcrypto.lib(libcrypto-1_1-x64.dll); second definition ignored
libcrypto_static.lib(a_d2i_fp.obj) : warning LNK4006: ASN1_d2i_bio already defined in libcrypto.lib(libcrypto-1_1-x64.dll); second definition ignored
libcrypto_static.lib(a_d2i_fp.obj) : warning LNK4006: ASN1_item_d2i_bio already defined in libcrypto.lib(libcrypto-1_1-x64.dll); second definition ignored
libcrypto_static.lib(a_digest.obj) : warning LNK4006: ASN1_digest already defined in libcrypto.lib(libcrypto-1_1-x64.dll); second definition ignored
libcrypto_static.lib(a_digest.obj) : warning LNK4006: ASN1_item_digest already defined in libcrypto.lib(libcrypto-1_1-x64.dll); second definition ignored
libcrypto_static.lib(a_dup.obj) : warning LNK4006: ASN1_dup already defined in libcrypto.lib(libcrypto-1_1-x64.dll); second definition ignored
libcrypto_static.lib(a_dup.obj) : warning LNK4006: ASN1_item_dup already defined in libcrypto.lib(libcrypto-1_1-x64.dll); second definition ignored
libcrypto_static.lib(a_gentm.obj) : warning LNK4006: ASN1_GENERALIZEDTIME_check already defined in libcrypto.lib(libcrypto-1_1-x64.dll); second definition ignored
libcrypto_static.lib(a_gentm.obj) : warning LNK4006: ASN1_GENERALIZEDTIME_set already defined in libcrypto.lib(libcrypto-1_1-x64.dll); second definition ignored
libcrypto_static.lib(a_gentm.obj) : warning LNK4006: ASN1_GENERALIZEDTIME_adj already defined in libcrypto.lib(libcrypto-1_1-x64.dll); second definition ignored
libcrypto_static.lib(a_gentm.obj) : warning LNK4006: ASN1_GENERALIZEDTIME_set_string already defined in libcrypto.lib(libcrypto-1_1-x64.dll); second definition ignored
libcrypto_static.lib(a_gentm.obj) : warning LNK4006: ASN1_GENERALIZEDTIME_print already defined in libcrypto.lib(libcrypto-1_1-x64.dll); second definition ignored
libcrypto_static.lib(a_i2d_fp.obj) : warning LNK4006: ASN1_i2d_fp already defined in libcrypto.lib(libcrypto-1_1-x64.dll); second definition ignored
libcrypto_static.lib(a_i2d_fp.obj) : warning LNK4006: ASN1_item_i2d_fp already defined in libcrypto.lib(libcrypto-1_1-x64.dll); second definition ignored
libcrypto_static.lib(a_i2d_fp.obj) : warning LNK4006: ASN1_i2d_bio already defined in libcrypto.lib(libcrypto-1_1-x64.dll); second definition ignored
libcrypto_static.lib(a_i2d_fp.obj) : warning LNK4006: ASN1_item_i2d_bio already defined in libcrypto.lib(libcrypto-1_1-x64.dll); second definition ignored
libcrypto_static.lib(a_int.obj) : warning LNK4006: d2i_ASN1_UINTEGER already defined in libcrypto.lib(libcrypto-1_1-x64.dll); second definition ignored
libcrypto_static.lib(a_int.obj) : warning LNK4006: ASN1_INTEGER_dup already defined in libcrypto.lib(libcrypto-1_1-x64.dll); second definition ignored
libcrypto_static.lib(a_int.obj) : warning LNK4006: ASN1_INTEGER_cmp already defined in libcrypto.lib(libcrypto-1_1-x64.dll); second definition ignored
libcrypto_static.lib(a_int.obj) : warning LNK4006: ASN1_INTEGER_get_int64 already defined in libcrypto.lib(libcrypto-1_1-x64.dll); second definition ignored
libcrypto_static.lib(a_int.obj) : warning LNK4006: ASN1_INTEGER_set_int64 already defined in libcrypto.lib(libcrypto-1_1-x64.dll); second definition ignored
libcrypto_static.lib(a_int.obj) : warning LNK4006: ASN1_INTEGER_get_uint64 already defined in libcrypto.lib(libcrypto-1_1-x64.dll); second definition ignored
libcrypto_static.lib(a_int.obj) : warning LNK4006: ASN1_INTEGER_set_uint64 already defined in libcrypto.lib(libcrypto-1_1-x64.dll); second definition ignored
libcrypto_static.lib(a_int.obj) : warning LNK4006: ASN1_INTEGER_set already defined in libcrypto.lib(libcrypto-1_1-x64.dll); second definition ignored
libcrypto_static.lib(a_int.obj) : warning LNK4006: ASN1_INTEGER_get already defined in libcrypto.lib(libcrypto-1_1-x64.dll); second definition ignored
libcrypto_static.lib(a_int.obj) : warning LNK4006: BN_to_ASN1_INTEGER already defined in libcrypto.lib(libcrypto-1_1-x64.dll); second definition ignored
libcrypto_static.lib(a_int.obj) : warning LNK4006: ASN1_INTEGER_to_BN already defined in libcrypto.lib(libcrypto-1_1-x64.dll); second definition ignored
libcrypto_static.lib(a_int.obj) : warning LNK4006: ASN1_ENUMERATED_get_int64 already defined in libcrypto.lib(libcrypto-1_1-x64.dll); second definition ignored
libcrypto_static.lib(a_int.obj) : warning LNK4006: ASN1_ENUMERATED_set_int64 already defined in libcrypto.lib(libcrypto-1_1-x64.dll); second definition ignored
libcrypto_static.lib(a_int.obj) : warning LNK4006: ASN1_ENUMERATED_set already defined in libcrypto.lib(libcrypto-1_1-x64.dll); second definition ignored
libcrypto_static.lib(a_int.obj) : warning LNK4006: ASN1_ENUMERATED_get already defined in libcrypto.lib(libcrypto-1_1-x64.dll); second definition ignored
libcrypto_static.lib(a_int.obj) : warning LNK4006: BN_to_ASN1_ENUMERATED already defined in libcrypto.lib(libcrypto-1_1-x64.dll); second definition ignored
libcrypto_static.lib(a_int.obj) : warning LNK4006: ASN1_ENUMERATED_to_BN already defined in libcrypto.lib(libcrypto-1_1-x64.dll); second definition ignored
libcrypto_static.lib(a_mbstr.obj) : warning LNK4006: ASN1_mbstring_copy already defined in libcrypto.lib(libcrypto-1_1-x64.dll); second definition ignored
libcrypto_static.lib(a_mbstr.obj) : warning LNK4006: ASN1_mbstring_ncopy already defined in libcrypto.lib(libcrypto-1_1-x64.dll); second definition ignored
libcrypto_static.lib(a_object.obj) : warning LNK4006: ASN1_OBJECT_new already defined in libcrypto.lib(libcrypto-1_1-x64.dll); second definition ignored
libcrypto_static.lib(a_object.obj) : warning LNK4006: ASN1_OBJECT_free already defined in libcrypto.lib(libcrypto-1_1-x64.dll); second definition ignored
libcrypto_static.lib(a_object.obj) : warning LNK4006: i2d_ASN1_OBJECT already defined in libcrypto.lib(libcrypto-1_1-x64.dll); second definition ignored
libcrypto_static.lib(a_object.obj) : warning LNK4006: d2i_ASN1_OBJECT already defined in libcrypto.lib(libcrypto-1_1-x64.dll); second definition ignored
libcrypto_static.lib(a_object.obj) : warning LNK4006: i2a_ASN1_OBJECT already defined in libcrypto.lib(libcrypto-1_1-x64.dll); second definition ignored
libcrypto_static.lib(a_object.obj) : warning LNK4006: i2t_ASN1_OBJECT already defined in libcrypto.lib(libcrypto-1_1-x64.dll); second definition ignored
libcrypto_static.lib(a_object.obj) : warning LNK4006: a2d_ASN1_OBJECT already defined in libcrypto.lib(libcrypto-1_1-x64.dll); second definition ignored
libcrypto_static.lib(a_object.obj) : warning LNK4006: ASN1_OBJECT_create already defined in libcrypto.lib(libcrypto-1_1-x64.dll); second definition ignored
libcrypto_static.lib(a_octet.obj) : warning LNK4006: ASN1_OCTET_STRING_dup already defined in libcrypto.lib(libcrypto-1_1-x64.dll); second definition ignored
libcrypto_static.lib(a_octet.obj) : warning LNK4006: ASN1_OCTET_STRING_cmp already defined in libcrypto.lib(libcrypto-1_1-x64.dll); second definition ignored
libcrypto_static.lib(a_octet.obj) : warning LNK4006: ASN1_OCTET_STRING_set already defined in libcrypto.lib(libcrypto-1_1-x64.dll); second definition ignored
libcrypto_static.lib(a_print.obj) : warning LNK4006: ASN1_PRINTABLE_type already defined in libcrypto.lib(libcrypto-1_1-x64.dll); second definition ignored
libcrypto_static.lib(a_print.obj) : warning LNK4006: ASN1_STRING_print already defined in libcrypto.lib(libcrypto-1_1-x64.dll); second definition ignored
libcrypto_static.lib(a_print.obj) : warning LNK4006: ASN1_UNIVERSALSTRING_to_string already defined in libcrypto.lib(libcrypto-1_1-x64.dll); second definition ignored
libcrypto_static.lib(a_sign.obj) : warning LNK4006: ASN1_sign already defined in libcrypto.lib(libcrypto-1_1-x64.dll); second definition ignored
libcrypto_static.lib(a_sign.obj) : warning LNK4006: ASN1_item_sign already defined in libcrypto.lib(libcrypto-1_1-x64.dll); second definition ignored
libcrypto_static.lib(a_sign.obj) : warning LNK4006: ASN1_item_sign_ctx already defined in libcrypto.lib(libcrypto-1_1-x64.dll); second definition ignored
libcrypto_static.lib(a_strex.obj) : warning LNK4006: ASN1_STRING_print_ex_fp already defined in libcrypto.lib(libcrypto-1_1-x64.dll); second definition ignored
libcrypto_static.lib(a_strex.obj) : warning LNK4006: ASN1_STRING_to_UTF8 already defined in libcrypto.lib(libcrypto-1_1-x64.dll); second definition ignored
libcrypto_static.lib(a_strex.obj) : warning LNK4006: ASN1_STRING_print_ex already defined in libcrypto.lib(libcrypto-1_1-x64.dll); second definition ignored
libcrypto_static.lib(a_strex.obj) : warning LNK4006: X509_NAME_print_ex_fp already defined in libcrypto.lib(libcrypto-1_1-x64.dll); second definition ignored
libcrypto_static.lib(a_strex.obj) : warning LNK4006: X509_NAME_print_ex already defined in libcrypto.lib(libcrypto-1_1-x64.dll); second definition ignored
libcrypto_static.lib(a_strnid.obj) : warning LNK4006: ASN1_STRING_set_default_mask already defined in libcrypto.lib(libcrypto-1_1-x64.dll); second definition ignored
libcrypto_static.lib(a_strnid.obj) : warning LNK4006: ASN1_STRING_set_default_mask_asc already defined in libcrypto.lib(libcrypto-1_1-x64.dll); second definition ignored
libcrypto_static.lib(a_strnid.obj) : warning LNK4006: ASN1_STRING_get_default_mask already defined in libcrypto.lib(libcrypto-1_1-x64.dll); second definition ignored
libcrypto_static.lib(a_strnid.obj) : warning LNK4006: ASN1_STRING_set_by_NID already defined in libcrypto.lib(libcrypto-1_1-x64.dll); second definition ignored
libcrypto_static.lib(a_strnid.obj) : warning LNK4006: ASN1_STRING_TABLE_get already defined in libcrypto.lib(libcrypto-1_1-x64.dll); second definition ignored
libcrypto_static.lib(a_strnid.obj) : warning LNK4006: ASN1_STRING_TABLE_add already defined in libcrypto.lib(libcrypto-1_1-x64.dll); second definition ignored
libcrypto_static.lib(a_strnid.obj) : warning LNK4006: ASN1_STRING_TABLE_cleanup already defined in libcrypto.lib(libcrypto-1_1-x64.dll); second definition ignored
libcrypto_static.lib(a_time.obj) : warning LNK4006: ASN1_TIME_diff already defined in libcrypto.lib(libcrypto-1_1-x64.dll); second definition ignored
libcrypto_static.lib(a_time.obj) : warning LNK4006: ASN1_TIME_new already defined in libcrypto.lib(libcrypto-1_1-x64.dll); second definition ignored
libcrypto_static.lib(a_time.obj) : warning LNK4006: ASN1_TIME_free already defined in libcrypto.lib(libcrypto-1_1-x64.dll); second definition ignored
libcrypto_static.lib(a_time.obj) : warning LNK4006: d2i_ASN1_TIME already defined in libcrypto.lib(libcrypto-1_1-x64.dll); second definition ignored
libcrypto_static.lib(a_time.obj) : warning LNK4006: i2d_ASN1_TIME already defined in libcrypto.lib(libcrypto-1_1-x64.dll); second definition ignored
libcrypto_static.lib(a_time.obj) : warning LNK4006: ASN1_TIME_it already defined in libcrypto.lib(libcrypto-1_1-x64.dll); second definition ignored
libcrypto_static.lib(a_time.obj) : warning LNK4006: ASN1_TIME_set already defined in libcrypto.lib(libcrypto-1_1-x64.dll); second definition ignored
libcrypto_static.lib(a_time.obj) : warning LNK4006: ASN1_TIME_adj already defined in libcrypto.lib(libcrypto-1_1-x64.dll); second definition ignored
libcrypto_static.lib(a_time.obj) : warning LNK4006: ASN1_TIME_check already defined in libcrypto.lib(libcrypto-1_1-x64.dll); second definition ignored
libcrypto_static.lib(a_time.obj) : warning LNK4006: ASN1_TIME_to_generalizedtime already defined in libcrypto.lib(libcrypto-1_1-x64.dll); second definition ignored
libcrypto_static.lib(a_time.obj) : warning LNK4006: ASN1_TIME_set_string already defined in libcrypto.lib(libcrypto-1_1-x64.dll); second definition ignored
libcrypto_static.lib(a_time.obj) : warning LNK4006: ASN1_TIME_set_string_X509 already defined in libcrypto.lib(libcrypto-1_1-x64.dll); second definition ignored
libcrypto_static.lib(a_time.obj) : warning LNK4006: ASN1_TIME_to_tm already defined in libcrypto.lib(libcrypto-1_1-x64.dll); second definition ignored
libcrypto_static.lib(a_time.obj) : warning LNK4006: ASN1_TIME_normalize already defined in libcrypto.lib(libcrypto-1_1-x64.dll); second definition ignored
libcrypto_static.lib(a_time.obj) : warning LNK4006: ASN1_TIME_cmp_time_t already defined in libcrypto.lib(libcrypto-1_1-x64.dll); second definition ignored
libcrypto_static.lib(a_time.obj) : warning LNK4006: ASN1_TIME_compare already defined in libcrypto.lib(libcrypto-1_1-x64.dll); second definition ignored
libcrypto_static.lib(a_time.obj) : warning LNK4006: ASN1_TIME_print already defined in libcrypto.lib(libcrypto-1_1-x64.dll); second definition ignored
libcrypto_static.lib(a_type.obj) : warning LNK4006: ASN1_TYPE_get already defined in libcrypto.lib(libcrypto-1_1-x64.dll); second definition ignored
libcrypto_static.lib(a_type.obj) : warning LNK4006: ASN1_TYPE_set already defined in libcrypto.lib(libcrypto-1_1-x64.dll); second definition ignored
libcrypto_static.lib(a_type.obj) : warning LNK4006: ASN1_TYPE_set1 already defined in libcrypto.lib(libcrypto-1_1-x64.dll); second definition ignored
libcrypto_static.lib(a_type.obj) : warning LNK4006: ASN1_TYPE_cmp already defined in libcrypto.lib(libcrypto-1_1-x64.dll); second definition ignored
libcrypto_static.lib(a_type.obj) : warning LNK4006: ASN1_TYPE_pack_sequence already defined in libcrypto.lib(libcrypto-1_1-x64.dll); second definition ignored
libcrypto_static.lib(a_type.obj) : warning LNK4006: ASN1_TYPE_unpack_sequence already defined in libcrypto.lib(libcrypto-1_1-x64.dll); second definition ignored
libcrypto_static.lib(a_utctm.obj) : warning LNK4006: ASN1_UTCTIME_check already defined in libcrypto.lib(libcrypto-1_1-x64.dll); second definition ignored
libcrypto_static.lib(a_utctm.obj) : warning LNK4006: ASN1_UTCTIME_set already defined in libcrypto.lib(libcrypto-1_1-x64.dll); second definition ignored
libcrypto_static.lib(a_utctm.obj) : warning LNK4006: ASN1_UTCTIME_adj already defined in libcrypto.lib(libcrypto-1_1-x64.dll); second definition ignored
libcrypto_static.lib(a_utctm.obj) : warning LNK4006: ASN1_UTCTIME_set_string already defined in libcrypto.lib(libcrypto-1_1-x64.dll); second definition ignored
libcrypto_static.lib(a_utctm.obj) : warning LNK4006: ASN1_UTCTIME_cmp_time_t already defined in libcrypto.lib(libcrypto-1_1-x64.dll); second definition ignored
libcrypto_static.lib(a_utctm.obj) : warning LNK4006: ASN1_UTCTIME_print already defined in libcrypto.lib(libcrypto-1_1-x64.dll); second definition ignored
libcrypto_static.lib(a_utf8.obj) : warning LNK4006: UTF8_getc already defined in libcrypto.lib(libcrypto-1_1-x64.dll); second definition ignored
libcrypto_static.lib(a_utf8.obj) : warning LNK4006: UTF8_putc already defined in libcrypto.lib(libcrypto-1_1-x64.dll); second definition ignored
libcrypto_static.lib(a_verify.obj) : warning LNK4006: ASN1_verify already defined in libcrypto.lib(libcrypto-1_1-x64.dll); second definition ignored
libcrypto_static.lib(a_verify.obj) : warning LNK4006: ASN1_item_verify already defined in libcrypto.lib(libcrypto-1_1-x64.dll); second definition ignored
libcrypto_static.lib(ameth_lib.obj) : warning LNK4006: EVP_PKEY_asn1_get_count already defined in libcrypto.lib(libcrypto-1_1-x64.dll); second definition ignored
libcrypto_static.lib(ameth_lib.obj) : warning LNK4006: EVP_PKEY_asn1_get0 already defined in libcrypto.lib(libcrypto-1_1-x64.dll); second definition ignored
libcrypto_static.lib(ameth_lib.obj) : warning LNK4006: EVP_PKEY_asn1_find already defined in libcrypto.lib(libcrypto-1_1-x64.dll); second definition ignored
libcrypto_static.lib(ameth_lib.obj) : warning LNK4006: EVP_PKEY_asn1_find_str already defined in libcrypto.lib(libcrypto-1_1-x64.dll); second definition ignored
libcrypto_static.lib(ameth_lib.obj) : warning LNK4006: EVP_PKEY_asn1_add0 already defined in libcrypto.lib(libcrypto-1_1-x64.dll); second definition ignored
libcrypto_static.lib(ameth_lib.obj) : warning LNK4006: EVP_PKEY_asn1_add_alias already defined in libcrypto.lib(libcrypto-1_1-x64.dll); second definition ignored
libcrypto_static.lib(ameth_lib.obj) : warning LNK4006: EVP_PKEY_asn1_get0_info already defined in libcrypto.lib(libcrypto-1_1-x64.dll); second definition ignored
libcrypto_static.lib(ameth_lib.obj) : warning LNK4006: EVP_PKEY_get0_asn1 already defined in libcrypto.lib(libcrypto-1_1-x64.dll); second definition ignored
libcrypto_static.lib(ameth_lib.obj) : warning LNK4006: EVP_PKEY_asn1_new already defined in libcrypto.lib(libcrypto-1_1-x64.dll); second definition ignored
libcrypto_static.lib(ameth_lib.obj) : warning LNK4006: EVP_PKEY_asn1_copy already defined in libcrypto.lib(libcrypto-1_1-x64.dll); second definition ignored
libcrypto_static.lib(ameth_lib.obj) : warning LNK4006: EVP_PKEY_asn1_free already defined in libcrypto.lib(libcrypto-1_1-x64.dll); second definition ignored
libcrypto_static.lib(ameth_lib.obj) : warning LNK4006: EVP_PKEY_asn1_set_public already defined in libcrypto.lib(libcrypto-1_1-x64.dll); second definition ignored
libcrypto_static.lib(ameth_lib.obj) : warning LNK4006: EVP_PKEY_asn1_set_private already defined in libcrypto.lib(libcrypto-1_1-x64.dll); second definition ignored
libcrypto_static.lib(ameth_lib.obj) : warning LNK4006: EVP_PKEY_asn1_set_param already defined in libcrypto.lib(libcrypto-1_1-x64.dll); second definition ignored
libcrypto_static.lib(ameth_lib.obj) : warning LNK4006: EVP_PKEY_asn1_set_free already defined in libcrypto.lib(libcrypto-1_1-x64.dll); second definition ignored
libcrypto_static.lib(ameth_lib.obj) : warning LNK4006: EVP_PKEY_asn1_set_ctrl already defined in libcrypto.lib(libcrypto-1_1-x64.dll); second definition ignored
libcrypto_static.lib(ameth_lib.obj) : warning LNK4006: EVP_PKEY_asn1_set_item already defined in libcrypto.lib(libcrypto-1_1-x64.dll); second definition ignored
libcrypto_static.lib(ameth_lib.obj) : warning LNK4006: EVP_PKEY_asn1_set_siginf already defined in libcrypto.lib(libcrypto-1_1-x64.dll); second definition ignored
libcrypto_static.lib(ameth_lib.obj) : warning LNK4006: EVP_PKEY_asn1_set_check already defined in libcrypto.lib(libcrypto-1_1-x64.dll); second definition ignored
libcrypto_static.lib(ameth_lib.obj) : warning LNK4006: EVP_PKEY_asn1_set_public_check already defined in libcrypto.lib(libcrypto-1_1-x64.dll); second definition ignored
libcrypto_static.lib(ameth_lib.obj) : warning LNK4006: EVP_PKEY_asn1_set_param_check already defined in libcrypto.lib(libcrypto-1_1-x64.dll); second definition ignored
libcrypto_static.lib(ameth_lib.obj) : warning LNK4006: EVP_PKEY_asn1_set_set_priv_key already defined in libcrypto.lib(libcrypto-1_1-x64.dll); second definition ignored
libcrypto_static.lib(ameth_lib.obj) : warning LNK4006: EVP_PKEY_asn1_set_set_pub_key already defined in libcrypto.lib(libcrypto-1_1-x64.dll); second definition ignored
libcrypto_static.lib(ameth_lib.obj) : warning LNK4006: EVP_PKEY_asn1_set_get_priv_key already defined in libcrypto.lib(libcrypto-1_1-x64.dll); second definition ignored
libcrypto_static.lib(ameth_lib.obj) : warning LNK4006: EVP_PKEY_asn1_set_get_pub_key already defined in libcrypto.lib(libcrypto-1_1-x64.dll); second definition ignored
libcrypto_static.lib(ameth_lib.obj) : warning LNK4006: EVP_PKEY_asn1_set_security_bits already defined in libcrypto.lib(libcrypto-1_1-x64.dll); second definition ignored
libcrypto_static.lib(asn1_err.obj) : warning LNK4006: ERR_load_ASN1_strings already defined in libcrypto.lib(libcrypto-1_1-x64.dll); second definition ignored
libcrypto_static.lib(asn1_gen.obj) : warning LNK4006: ASN1_generate_nconf already defined in libcrypto.lib(libcrypto-1_1-x64.dll); second definition ignored
libcrypto_static.lib(asn1_gen.obj) : warning LNK4006: ASN1_generate_v3 already defined in libcrypto.lib(libcrypto-1_1-x64.dll); second definition ignored
libcrypto_static.lib(asn1_gen.obj) : warning LNK4006: ASN1_str2mask already defined in libcrypto.lib(libcrypto-1_1-x64.dll); second definition ignored
libcrypto_static.lib(asn1_item_list.obj) : warning LNK4006: ASN1_ITEM_lookup already defined in libcrypto.lib(libcrypto-1_1-x64.dll); second definition ignored
libcrypto_static.lib(asn1_item_list.obj) : warning LNK4006: ASN1_ITEM_get already defined in libcrypto.lib(libcrypto-1_1-x64.dll); second definition ignored
libcrypto_static.lib(asn1_lib.obj) : warning LNK4006: ASN1_STRING_new already defined in libcrypto.lib(libcrypto-1_1-x64.dll); second definition ignored
libcrypto_static.lib(asn1_lib.obj) : warning LNK4006: ASN1_STRING_free already defined in libcrypto.lib(libcrypto-1_1-x64.dll); second definition ignored
libcrypto_static.lib(asn1_lib.obj) : warning LNK4006: ASN1_STRING_clear_free already defined in libcrypto.lib(libcrypto-1_1-x64.dll); second definition ignored
libcrypto_static.lib(asn1_lib.obj) : warning LNK4006: ASN1_STRING_copy already defined in libcrypto.lib(libcrypto-1_1-x64.dll); second definition ignored
libcrypto_static.lib(asn1_lib.obj) : warning LNK4006: ASN1_STRING_dup already defined in libcrypto.lib(libcrypto-1_1-x64.dll); second definition ignored
libcrypto_static.lib(asn1_lib.obj) : warning LNK4006: ASN1_STRING_type_new already defined in libcrypto.lib(libcrypto-1_1-x64.dll); second definition ignored
libcrypto_static.lib(asn1_lib.obj) : warning LNK4006: ASN1_STRING_cmp already defined in libcrypto.lib(libcrypto-1_1-x64.dll); second definition ignored
libcrypto_static.lib(asn1_lib.obj) : warning LNK4006: ASN1_STRING_set already defined in libcrypto.lib(libcrypto-1_1-x64.dll); second definition ignored
libcrypto_static.lib(asn1_lib.obj) : warning LNK4006: ASN1_STRING_set0 already defined in libcrypto.lib(libcrypto-1_1-x64.dll); second definition ignored
libcrypto_static.lib(asn1_lib.obj) : warning LNK4006: ASN1_STRING_length already defined in libcrypto.lib(libcrypto-1_1-x64.dll); second definition ignored
libcrypto_static.lib(asn1_lib.obj) : warning LNK4006: ASN1_STRING_length_set already defined in libcrypto.lib(libcrypto-1_1-x64.dll); second definition ignored
libcrypto_static.lib(asn1_lib.obj) : warning LNK4006: ASN1_STRING_type already defined in libcrypto.lib(libcrypto-1_1-x64.dll); second definition ignored
libcrypto_static.lib(asn1_lib.obj) : warning LNK4006: ASN1_STRING_data already defined in libcrypto.lib(libcrypto-1_1-x64.dll); second definition ignored
libcrypto_static.lib(asn1_lib.obj) : warning LNK4006: ASN1_STRING_get0_data already defined in libcrypto.lib(libcrypto-1_1-x64.dll); second definition ignored
libcrypto_static.lib(asn1_lib.obj) : warning LNK4006: ASN1_get_object already defined in libcrypto.lib(libcrypto-1_1-x64.dll); second definition ignored
libcrypto_static.lib(asn1_lib.obj) : warning LNK4006: ASN1_check_infinite_end already defined in libcrypto.lib(libcrypto-1_1-x64.dll); second definition ignored
libcrypto_static.lib(asn1_lib.obj) : warning LNK4006: ASN1_const_check_infinite_end already defined in libcrypto.lib(libcrypto-1_1-x64.dll); second definition ignored
libcrypto_static.lib(asn1_lib.obj) : warning LNK4006: ASN1_put_object already defined in libcrypto.lib(libcrypto-1_1-x64.dll); second definition ignored
libcrypto_static.lib(asn1_lib.obj) : warning LNK4006: ASN1_put_eoc already defined in libcrypto.lib(libcrypto-1_1-x64.dll); second definition ignored
libcrypto_static.lib(asn1_lib.obj) : warning LNK4006: ASN1_object_size already defined in libcrypto.lib(libcrypto-1_1-x64.dll); second definition ignored
libcrypto_static.lib(asn1_par.obj) : warning LNK4006: ASN1_parse already defined in libcrypto.lib(libcrypto-1_1-x64.dll); second definition ignored
libcrypto_static.lib(asn1_par.obj) : warning LNK4006: ASN1_parse_dump already defined in libcrypto.lib(libcrypto-1_1-x64.dll); second definition ignored
libcrypto_static.lib(asn1_par.obj) : warning LNK4006: ASN1_tag2str already defined in libcrypto.lib(libcrypto-1_1-x64.dll); second definition ignored
libcrypto_static.lib(asn_mime.obj) : warning LNK4006: i2d_ASN1_bio_stream already defined in libcrypto.lib(libcrypto-1_1-x64.dll); second definition ignored
libcrypto_static.lib(asn_mime.obj) : warning LNK4006: PEM_write_bio_ASN1_stream already defined in libcrypto.lib(libcrypto-1_1-x64.dll); second definition ignored
libcrypto_static.lib(asn_mime.obj) : warning LNK4006: SMIME_write_ASN1 already defined in libcrypto.lib(libcrypto-1_1-x64.dll); second definition ignored
libcrypto_static.lib(asn_mime.obj) : warning LNK4006: SMIME_read_ASN1 already defined in libcrypto.lib(libcrypto-1_1-x64.dll); second definition ignored
libcrypto_static.lib(asn_mime.obj) : warning LNK4006: SMIME_crlf_copy already defined in libcrypto.lib(libcrypto-1_1-x64.dll); second definition ignored
libcrypto_static.lib(asn_mime.obj) : warning LNK4006: SMIME_text already defined in libcrypto.lib(libcrypto-1_1-x64.dll); second definition ignored
libcrypto_static.lib(asn_moid.obj) : warning LNK4006: ASN1_add_oid_module already defined in libcrypto.lib(libcrypto-1_1-x64.dll); second definition ignored
libcrypto_static.lib(asn_mstbl.obj) : warning LNK4006: ASN1_add_stable_module already defined in libcrypto.lib(libcrypto-1_1-x64.dll); second definition ignored
libcrypto_static.lib(asn_pack.obj) : warning LNK4006: ASN1_item_unpack already defined in libcrypto.lib(libcrypto-1_1-x64.dll); second definition ignored
libcrypto_static.lib(asn_pack.obj) : warning LNK4006: ASN1_item_pack already defined in libcrypto.lib(libcrypto-1_1-x64.dll); second definition ignored
libcrypto_static.lib(bio_asn1.obj) : warning LNK4006: BIO_asn1_set_prefix already defined in libcrypto.lib(libcrypto-1_1-x64.dll); second definition ignored
libcrypto_static.lib(bio_asn1.obj) : warning LNK4006: BIO_asn1_get_prefix already defined in libcrypto.lib(libcrypto-1_1-x64.dll); second definition ignored
libcrypto_static.lib(bio_asn1.obj) : warning LNK4006: BIO_asn1_set_suffix already defined in libcrypto.lib(libcrypto-1_1-x64.dll); second definition ignored
libcrypto_static.lib(bio_asn1.obj) : warning LNK4006: BIO_asn1_get_suffix already defined in libcrypto.lib(libcrypto-1_1-x64.dll); second definition ignored
libcrypto_static.lib(bio_asn1.obj) : warning LNK4006: BIO_f_asn1 already defined in libcrypto.lib(libcrypto-1_1-x64.dll); second definition ignored
libcrypto_static.lib(bio_ndef.obj) : warning LNK4006: BIO_new_NDEF already defined in libcrypto.lib(libcrypto-1_1-x64.dll); second definition ignored
libcrypto_static.lib(d2i_pr.obj) : warning LNK4006: d2i_PrivateKey already defined in libcrypto.lib(libcrypto-1_1-x64.dll); second definition ignored
libcrypto_static.lib(d2i_pr.obj) : warning LNK4006: d2i_AutoPrivateKey already defined in libcrypto.lib(libcrypto-1_1-x64.dll); second definition ignored
libcrypto_static.lib(d2i_pu.obj) : warning LNK4006: d2i_PublicKey already defined in libcrypto.lib(libcrypto-1_1-x64.dll); second definition ignored
libcrypto_static.lib(evp_asn1.obj) : warning LNK4006: ASN1_TYPE_set_octetstring already defined in libcrypto.lib(libcrypto-1_1-x64.dll); second definition ignored
libcrypto_static.lib(evp_asn1.obj) : warning LNK4006: ASN1_TYPE_get_octetstring already defined in libcrypto.lib(libcrypto-1_1-x64.dll); second definition ignored
libcrypto_static.lib(evp_asn1.obj) : warning LNK4006: ASN1_TYPE_set_int_octetstring already defined in libcrypto.lib(libcrypto-1_1-x64.dll); second definition ignored
libcrypto_static.lib(evp_asn1.obj) : warning LNK4006: ASN1_TYPE_get_int_octetstring already defined in libcrypto.lib(libcrypto-1_1-x64.dll); second definition ignored
libcrypto_static.lib(f_int.obj) : warning LNK4006: i2a_ASN1_INTEGER already defined in libcrypto.lib(libcrypto-1_1-x64.dll); second definition ignored
libcrypto_static.lib(f_int.obj) : warning LNK4006: a2i_ASN1_INTEGER already defined in libcrypto.lib(libcrypto-1_1-x64.dll); second definition ignored
libcrypto_static.lib(f_int.obj) : warning LNK4006: i2a_ASN1_ENUMERATED already defined in libcrypto.lib(libcrypto-1_1-x64.dll); second definition ignored
libcrypto_static.lib(f_int.obj) : warning LNK4006: a2i_ASN1_ENUMERATED already defined in libcrypto.lib(libcrypto-1_1-x64.dll); second definition ignored
libcrypto_static.lib(f_string.obj) : warning LNK4006: a2i_ASN1_STRING already defined in libcrypto.lib(libcrypto-1_1-x64.dll); second definition ignored
libcrypto_static.lib(f_string.obj) : warning LNK4006: i2a_ASN1_STRING already defined in libcrypto.lib(libcrypto-1_1-x64.dll); second definition ignored
libcrypto_static.lib(i2d_pr.obj) : warning LNK4006: i2d_PrivateKey already defined in libcrypto.lib(libcrypto-1_1-x64.dll); second definition ignored
libcrypto_static.lib(i2d_pu.obj) : warning LNK4006: i2d_PublicKey already defined in libcrypto.lib(libcrypto-1_1-x64.dll); second definition ignored
libcrypto_static.lib(nsseq.obj) : warning LNK4006: NETSCAPE_CERT_SEQUENCE_new already defined in libcrypto.lib(libcrypto-1_1-x64.dll); second definition ignored
libcrypto_static.lib(nsseq.obj) : warning LNK4006: NETSCAPE_CERT_SEQUENCE_free already defined in libcrypto.lib(libcrypto-1_1-x64.dll); second definition ignored
libcrypto_static.lib(nsseq.obj) : warning LNK4006: d2i_NETSCAPE_CERT_SEQUENCE already defined in libcrypto.lib(libcrypto-1_1-x64.dll); second definition ignored
libcrypto_static.lib(nsseq.obj) : warning LNK4006: i2d_NETSCAPE_CERT_SEQUENCE already defined in libcrypto.lib(libcrypto-1_1-x64.dll); second definition ignored
libcrypto_static.lib(nsseq.obj) : warning LNK4006: NETSCAPE_CERT_SEQUENCE_it already defined in libcrypto.lib(libcrypto-1_1-x64.dll); second definition ignored
libcrypto_static.lib(p5_pbe.obj) : warning LNK4006: PBEPARAM_new already defined in libcrypto.lib(libcrypto-1_1-x64.dll); second definition ignored
libcrypto_static.lib(p5_pbe.obj) : warning LNK4006: PBEPARAM_free already defined in libcrypto.lib(libcrypto-1_1-x64.dll); second definition ignored
libcrypto_static.lib(p5_pbe.obj) : warning LNK4006: d2i_PBEPARAM already defined in libcrypto.lib(libcrypto-1_1-x64.dll); second definition ignored
libcrypto_static.lib(p5_pbe.obj) : warning LNK4006: i2d_PBEPARAM already defined in libcrypto.lib(libcrypto-1_1-x64.dll); second definition ignored
libcrypto_static.lib(p5_pbe.obj) : warning LNK4006: PBEPARAM_it already defined in libcrypto.lib(libcrypto-1_1-x64.dll); second definition ignored
libcrypto_static.lib(p5_pbe.obj) : warning LNK4006: PKCS5_pbe_set0_algor already defined in libcrypto.lib(libcrypto-1_1-x64.dll); second definition ignored
libcrypto_static.lib(p5_pbe.obj) : warning LNK4006: PKCS5_pbe_set already defined in libcrypto.lib(libcrypto-1_1-x64.dll); second definition ignored
libcrypto_static.lib(p5_pbev2.obj) : warning LNK4006: PBE2PARAM_new already defined in libcrypto.lib(libcrypto-1_1-x64.dll); second definition ignored
libcrypto_static.lib(p5_pbev2.obj) : warning LNK4006: PBE2PARAM_free already defined in libcrypto.lib(libcrypto-1_1-x64.dll); second definition ignored
libcrypto_static.lib(p5_pbev2.obj) : warning LNK4006: d2i_PBE2PARAM already defined in libcrypto.lib(libcrypto-1_1-x64.dll); second definition ignored
libcrypto_static.lib(p5_pbev2.obj) : warning LNK4006: i2d_PBE2PARAM already defined in libcrypto.lib(libcrypto-1_1-x64.dll); second definition ignored
libcrypto_static.lib(p5_pbev2.obj) : warning LNK4006: PBE2PARAM_it already defined in libcrypto.lib(libcrypto-1_1-x64.dll); second definition ignored
libcrypto_static.lib(p5_pbev2.obj) : warning LNK4006: PBKDF2PARAM_new already defined in libcrypto.lib(libcrypto-1_1-x64.dll); second definition ignored
libcrypto_static.lib(p5_pbev2.obj) : warning LNK4006: PBKDF2PARAM_free already defined in libcrypto.lib(libcrypto-1_1-x64.dll); second definition ignored
libcrypto_static.lib(p5_pbev2.obj) : warning LNK4006: d2i_PBKDF2PARAM already defined in libcrypto.lib(libcrypto-1_1-x64.dll); second definition ignored
libcrypto_static.lib(p5_pbev2.obj) : warning LNK4006: i2d_PBKDF2PARAM already defined in libcrypto.lib(libcrypto-1_1-x64.dll); second definition ignored
libcrypto_static.lib(p5_pbev2.obj) : warning LNK4006: PBKDF2PARAM_it already defined in libcrypto.lib(libcrypto-1_1-x64.dll); second definition ignored
libcrypto_static.lib(p5_pbev2.obj) : warning LNK4006: PKCS5_pbe2_set already defined in libcrypto.lib(libcrypto-1_1-x64.dll); second definition ignored
libcrypto_static.lib(p5_pbev2.obj) : warning LNK4006: PKCS5_pbe2_set_iv already defined in libcrypto.lib(libcrypto-1_1-x64.dll); second definition ignored
libcrypto_static.lib(p5_pbev2.obj) : warning LNK4006: PKCS5_pbkdf2_set already defined in libcrypto.lib(libcrypto-1_1-x64.dll); second definition ignored
libcrypto_static.lib(p5_scrypt.obj) : warning LNK4006: PKCS5_v2_scrypt_keyivgen already defined in libcrypto.lib(libcrypto-1_1-x64.dll); second definition ignored
libcrypto_static.lib(p5_scrypt.obj) : warning LNK4006: SCRYPT_PARAMS_new already defined in libcrypto.lib(libcrypto-1_1-x64.dll); second definition ignored
libcrypto_static.lib(p5_scrypt.obj) : warning LNK4006: SCRYPT_PARAMS_free already defined in libcrypto.lib(libcrypto-1_1-x64.dll); second definition ignored
libcrypto_static.lib(p5_scrypt.obj) : warning LNK4006: d2i_SCRYPT_PARAMS already defined in libcrypto.lib(libcrypto-1_1-x64.dll); second definition ignored
libcrypto_static.lib(p5_scrypt.obj) : warning LNK4006: i2d_SCRYPT_PARAMS already defined in libcrypto.lib(libcrypto-1_1-x64.dll); second definition ignored
libcrypto_static.lib(p5_scrypt.obj) : warning LNK4006: SCRYPT_PARAMS_it already defined in libcrypto.lib(libcrypto-1_1-x64.dll); second definition ignored
libcrypto_static.lib(p5_scrypt.obj) : warning LNK4006: PKCS5_pbe2_set_scrypt already defined in libcrypto.lib(libcrypto-1_1-x64.dll); second definition ignored
libcrypto_static.lib(p8_pkey.obj) : warning LNK4006: PKCS8_PRIV_KEY_INFO_new already defined in libcrypto.lib(libcrypto-1_1-x64.dll); second definition ignored
libcrypto_static.lib(p8_pkey.obj) : warning LNK4006: PKCS8_PRIV_KEY_INFO_free already defined in libcrypto.lib(libcrypto-1_1-x64.dll); second definition ignored
libcrypto_static.lib(p8_pkey.obj) : warning LNK4006: d2i_PKCS8_PRIV_KEY_INFO already defined in libcrypto.lib(libcrypto-1_1-x64.dll); second definition ignored
libcrypto_static.lib(p8_pkey.obj) : warning LNK4006: i2d_PKCS8_PRIV_KEY_INFO already defined in libcrypto.lib(libcrypto-1_1-x64.dll); second definition ignored
libcrypto_static.lib(p8_pkey.obj) : warning LNK4006: PKCS8_PRIV_KEY_INFO_it already defined in libcrypto.lib(libcrypto-1_1-x64.dll); second definition ignored
libcrypto_static.lib(p8_pkey.obj) : warning LNK4006: PKCS8_pkey_set0 already defined in libcrypto.lib(libcrypto-1_1-x64.dll); second definition ignored
libcrypto_static.lib(p8_pkey.obj) : warning LNK4006: PKCS8_pkey_get0 already defined in libcrypto.lib(libcrypto-1_1-x64.dll); second definition ignored
libcrypto_static.lib(p8_pkey.obj) : warning LNK4006: PKCS8_pkey_get0_attrs already defined in libcrypto.lib(libcrypto-1_1-x64.dll); second definition ignored
libcrypto_static.lib(p8_pkey.obj) : warning LNK4006: PKCS8_pkey_add1_attr_by_NID already defined in libcrypto.lib(libcrypto-1_1-x64.dll); second definition ignored
libcrypto_static.lib(t_bitst.obj) : warning LNK4006: ASN1_BIT_STRING_name_print already defined in libcrypto.lib(libcrypto-1_1-x64.dll); second definition ignored
libcrypto_static.lib(t_bitst.obj) : warning LNK4006: ASN1_BIT_STRING_num_asc already defined in libcrypto.lib(libcrypto-1_1-x64.dll); second definition ignored
libcrypto_static.lib(t_bitst.obj) : warning LNK4006: ASN1_BIT_STRING_set_asc already defined in libcrypto.lib(libcrypto-1_1-x64.dll); second definition ignored
libcrypto_static.lib(t_pkey.obj) : warning LNK4006: ASN1_buf_print already defined in libcrypto.lib(libcrypto-1_1-x64.dll); second definition ignored
libcrypto_static.lib(t_pkey.obj) : warning LNK4006: ASN1_bn_print already defined in libcrypto.lib(libcrypto-1_1-x64.dll); second definition ignored
libcrypto_static.lib(t_spki.obj) : warning LNK4006: NETSCAPE_SPKI_print already defined in libcrypto.lib(libcrypto-1_1-x64.dll); second definition ignored
libcrypto_static.lib(tasn_dec.obj) : warning LNK4006: ASN1_tag2bit already defined in libcrypto.lib(libcrypto-1_1-x64.dll); second definition ignored
libcrypto_static.lib(tasn_dec.obj) : warning LNK4006: ASN1_item_d2i already defined in libcrypto.lib(libcrypto-1_1-x64.dll); second definition ignored
libcrypto_static.lib(tasn_dec.obj) : warning LNK4006: ASN1_item_ex_d2i already defined in libcrypto.lib(libcrypto-1_1-x64.dll); second definition ignored
libcrypto_static.lib(tasn_enc.obj) : warning LNK4006: ASN1_item_i2d already defined in libcrypto.lib(libcrypto-1_1-x64.dll); second definition ignored
libcrypto_static.lib(tasn_enc.obj) : warning LNK4006: ASN1_item_ndef_i2d already defined in libcrypto.lib(libcrypto-1_1-x64.dll); second definition ignored
libcrypto_static.lib(tasn_enc.obj) : warning LNK4006: ASN1_item_ex_i2d already defined in libcrypto.lib(libcrypto-1_1-x64.dll); second definition ignored
libcrypto_static.lib(tasn_fre.obj) : warning LNK4006: ASN1_item_free already defined in libcrypto.lib(libcrypto-1_1-x64.dll); second definition ignored
libcrypto_static.lib(tasn_fre.obj) : warning LNK4006: ASN1_item_ex_free already defined in libcrypto.lib(libcrypto-1_1-x64.dll); second definition ignored
libcrypto_static.lib(tasn_new.obj) : warning LNK4006: ASN1_item_new already defined in libcrypto.lib(libcrypto-1_1-x64.dll); second definition ignored
libcrypto_static.lib(tasn_new.obj) : warning LNK4006: ASN1_item_ex_new already defined in libcrypto.lib(libcrypto-1_1-x64.dll); second definition ignored
libcrypto_static.lib(tasn_prn.obj) : warning LNK4006: ASN1_item_print already defined in libcrypto.lib(libcrypto-1_1-x64.dll); second definition ignored
libcrypto_static.lib(tasn_prn.obj) : warning LNK4006: ASN1_PCTX_new already defined in libcrypto.lib(libcrypto-1_1-x64.dll); second definition ignored
libcrypto_static.lib(tasn_prn.obj) : warning LNK4006: ASN1_PCTX_free already defined in libcrypto.lib(libcrypto-1_1-x64.dll); second definition ignored
libcrypto_static.lib(tasn_prn.obj) : warning LNK4006: ASN1_PCTX_get_flags already defined in libcrypto.lib(libcrypto-1_1-x64.dll); second definition ignored
libcrypto_static.lib(tasn_prn.obj) : warning LNK4006: ASN1_PCTX_set_flags already defined in libcrypto.lib(libcrypto-1_1-x64.dll); second definition ignored
libcrypto_static.lib(tasn_prn.obj) : warning LNK4006: ASN1_PCTX_get_nm_flags already defined in libcrypto.lib(libcrypto-1_1-x64.dll); second definition ignored
libcrypto_static.lib(tasn_prn.obj) : warning LNK4006: ASN1_PCTX_set_nm_flags already defined in libcrypto.lib(libcrypto-1_1-x64.dll); second definition ignored
libcrypto_static.lib(tasn_prn.obj) : warning LNK4006: ASN1_PCTX_get_cert_flags already defined in libcrypto.lib(libcrypto-1_1-x64.dll); second definition ignored
libcrypto_static.lib(tasn_prn.obj) : warning LNK4006: ASN1_PCTX_set_cert_flags already defined in libcrypto.lib(libcrypto-1_1-x64.dll); second definition ignored
libcrypto_static.lib(tasn_prn.obj) : warning LNK4006: ASN1_PCTX_get_oid_flags already defined in libcrypto.lib(libcrypto-1_1-x64.dll); second definition ignored
libcrypto_static.lib(tasn_prn.obj) : warning LNK4006: ASN1_PCTX_set_oid_flags already defined in libcrypto.lib(libcrypto-1_1-x64.dll); second definition ignored
libcrypto_static.lib(tasn_prn.obj) : warning LNK4006: ASN1_PCTX_get_str_flags already defined in libcrypto.lib(libcrypto-1_1-x64.dll); second definition ignored
libcrypto_static.lib(tasn_prn.obj) : warning LNK4006: ASN1_PCTX_set_str_flags already defined in libcrypto.lib(libcrypto-1_1-x64.dll); second definition ignored
libcrypto_static.lib(tasn_scn.obj) : warning LNK4006: ASN1_SCTX_new already defined in libcrypto.lib(libcrypto-1_1-x64.dll); second definition ignored
libcrypto_static.lib(tasn_scn.obj) : warning LNK4006: ASN1_SCTX_free already defined in libcrypto.lib(libcrypto-1_1-x64.dll); second definition ignored
libcrypto_static.lib(tasn_scn.obj) : warning LNK4006: ASN1_SCTX_get_item already defined in libcrypto.lib(libcrypto-1_1-x64.dll); second definition ignored
libcrypto_static.lib(tasn_scn.obj) : warning LNK4006: ASN1_SCTX_get_template already defined in libcrypto.lib(libcrypto-1_1-x64.dll); second definition ignored
libcrypto_static.lib(tasn_scn.obj) : warning LNK4006: ASN1_SCTX_get_flags already defined in libcrypto.lib(libcrypto-1_1-x64.dll); second definition ignored
libcrypto_static.lib(tasn_scn.obj) : warning LNK4006: ASN1_SCTX_set_app_data already defined in libcrypto.lib(libcrypto-1_1-x64.dll); second definition ignored
libcrypto_static.lib(tasn_scn.obj) : warning LNK4006: ASN1_SCTX_get_app_data already defined in libcrypto.lib(libcrypto-1_1-x64.dll); second definition ignored
libcrypto_static.lib(tasn_typ.obj) : warning LNK4006: ASN1_ANY_it already defined in libcrypto.lib(libcrypto-1_1-x64.dll); second definition ignored
libcrypto_static.lib(tasn_typ.obj) : warning LNK4006: d2i_ASN1_SEQUENCE_ANY already defined in libcrypto.lib(libcrypto-1_1-x64.dll); second definition ignored
libcrypto_static.lib(tasn_typ.obj) : warning LNK4006: i2d_ASN1_SEQUENCE_ANY already defined in libcrypto.lib(libcrypto-1_1-x64.dll); second definition ignored
libcrypto_static.lib(tasn_typ.obj) : warning LNK4006: ASN1_SEQUENCE_ANY_it already defined in libcrypto.lib(libcrypto-1_1-x64.dll); second definition ignored
libcrypto_static.lib(tasn_typ.obj) : warning LNK4006: d2i_ASN1_SET_ANY already defined in libcrypto.lib(libcrypto-1_1-x64.dll); second definition ignored
libcrypto_static.lib(tasn_typ.obj) : warning LNK4006: i2d_ASN1_SET_ANY already defined in libcrypto.lib(libcrypto-1_1-x64.dll); second definition ignored
libcrypto_static.lib(tasn_typ.obj) : warning LNK4006: ASN1_SET_ANY_it already defined in libcrypto.lib(libcrypto-1_1-x64.dll); second definition ignored
libcrypto_static.lib(tasn_typ.obj) : warning LNK4006: ASN1_TYPE_new already defined in libcrypto.lib(libcrypto-1_1-x64.dll); second definition ignored
libcrypto_static.lib(tasn_typ.obj) : warning LNK4006: ASN1_TYPE_free already defined in libcrypto.lib(libcrypto-1_1-x64.dll); second definition ignored
libcrypto_static.lib(tasn_typ.obj) : warning LNK4006: d2i_ASN1_TYPE already defined in libcrypto.lib(libcrypto-1_1-x64.dll); second definition ignored
libcrypto_static.lib(tasn_typ.obj) : warning LNK4006: i2d_ASN1_TYPE already defined in libcrypto.lib(libcrypto-1_1-x64.dll); second definition ignored
libcrypto_static.lib(tasn_typ.obj) : warning LNK4006: ASN1_OBJECT_it already defined in libcrypto.lib(libcrypto-1_1-x64.dll); second definition ignored
libcrypto_static.lib(tasn_typ.obj) : warning LNK4006: ASN1_BIT_STRING_new already defined in libcrypto.lib(libcrypto-1_1-x64.dll); second definition ignored
libcrypto_static.lib(tasn_typ.obj) : warning LNK4006: ASN1_BIT_STRING_free already defined in libcrypto.lib(libcrypto-1_1-x64.dll); second definition ignored
libcrypto_static.lib(tasn_typ.obj) : warning LNK4006: d2i_ASN1_BIT_STRING already defined in libcrypto.lib(libcrypto-1_1-x64.dll); second definition ignored
libcrypto_static.lib(tasn_typ.obj) : warning LNK4006: i2d_ASN1_BIT_STRING already defined in libcrypto.lib(libcrypto-1_1-x64.dll); second definition ignored
libcrypto_static.lib(tasn_typ.obj) : warning LNK4006: ASN1_BIT_STRING_it already defined in libcrypto.lib(libcrypto-1_1-x64.dll); second definition ignored
libcrypto_static.lib(tasn_typ.obj) : warning LNK4006: ASN1_INTEGER_new already defined in libcrypto.lib(libcrypto-1_1-x64.dll); second definition ignored
libcrypto_static.lib(tasn_typ.obj) : warning LNK4006: ASN1_INTEGER_free already defined in libcrypto.lib(libcrypto-1_1-x64.dll); second definition ignored
libcrypto_static.lib(tasn_typ.obj) : warning LNK4006: d2i_ASN1_INTEGER already defined in libcrypto.lib(libcrypto-1_1-x64.dll); second definition ignored
libcrypto_static.lib(tasn_typ.obj) : warning LNK4006: i2d_ASN1_INTEGER already defined in libcrypto.lib(libcrypto-1_1-x64.dll); second definition ignored
libcrypto_static.lib(tasn_typ.obj) : warning LNK4006: ASN1_INTEGER_it already defined in libcrypto.lib(libcrypto-1_1-x64.dll); second definition ignored
libcrypto_static.lib(tasn_typ.obj) : warning LNK4006: ASN1_ENUMERATED_new already defined in libcrypto.lib(libcrypto-1_1-x64.dll); second definition ignored
libcrypto_static.lib(tasn_typ.obj) : warning LNK4006: ASN1_ENUMERATED_free already defined in libcrypto.lib(libcrypto-1_1-x64.dll); second definition ignored
libcrypto_static.lib(tasn_typ.obj) : warning LNK4006: d2i_ASN1_ENUMERATED already defined in libcrypto.lib(libcrypto-1_1-x64.dll); second definition ignored
libcrypto_static.lib(tasn_typ.obj) : warning LNK4006: i2d_ASN1_ENUMERATED already defined in libcrypto.lib(libcrypto-1_1-x64.dll); second definition ignored
libcrypto_static.lib(tasn_typ.obj) : warning LNK4006: ASN1_ENUMERATED_it already defined in libcrypto.lib(libcrypto-1_1-x64.dll); second definition ignored
libcrypto_static.lib(tasn_typ.obj) : warning LNK4006: ASN1_OCTET_STRING_new already defined in libcrypto.lib(libcrypto-1_1-x64.dll); second definition ignored
libcrypto_static.lib(tasn_typ.obj) : warning LNK4006: ASN1_OCTET_STRING_free already defined in libcrypto.lib(libcrypto-1_1-x64.dll); second definition ignored
libcrypto_static.lib(tasn_typ.obj) : warning LNK4006: d2i_ASN1_OCTET_STRING already defined in libcrypto.lib(libcrypto-1_1-x64.dll); second definition ignored
libcrypto_static.lib(tasn_typ.obj) : warning LNK4006: i2d_ASN1_OCTET_STRING already defined in libcrypto.lib(libcrypto-1_1-x64.dll); second definition ignored
libcrypto_static.lib(tasn_typ.obj) : warning LNK4006: ASN1_OCTET_STRING_it already defined in libcrypto.lib(libcrypto-1_1-x64.dll); second definition ignored
libcrypto_static.lib(tasn_typ.obj) : warning LNK4006: ASN1_VISIBLESTRING_new already defined in libcrypto.lib(libcrypto-1_1-x64.dll); second definition ignored
libcrypto_static.lib(tasn_typ.obj) : warning LNK4006: ASN1_VISIBLESTRING_free already defined in libcrypto.lib(libcrypto-1_1-x64.dll); second definition ignored
libcrypto_static.lib(tasn_typ.obj) : warning LNK4006: d2i_ASN1_VISIBLESTRING already defined in libcrypto.lib(libcrypto-1_1-x64.dll); second definition ignored
libcrypto_static.lib(tasn_typ.obj) : warning LNK4006: i2d_ASN1_VISIBLESTRING already defined in libcrypto.lib(libcrypto-1_1-x64.dll); second definition ignored
libcrypto_static.lib(tasn_typ.obj) : warning LNK4006: ASN1_VISIBLESTRING_it already defined in libcrypto.lib(libcrypto-1_1-x64.dll); second definition ignored
libcrypto_static.lib(tasn_typ.obj) : warning LNK4006: ASN1_UNIVERSALSTRING_new already defined in libcrypto.lib(libcrypto-1_1-x64.dll); second definition ignored
libcrypto_static.lib(tasn_typ.obj) : warning LNK4006: ASN1_UNIVERSALSTRING_free already defined in libcrypto.lib(libcrypto-1_1-x64.dll); second definition ignored
libcrypto_static.lib(tasn_typ.obj) : warning LNK4006: d2i_ASN1_UNIVERSALSTRING already defined in libcrypto.lib(libcrypto-1_1-x64.dll); second definition ignored
libcrypto_static.lib(tasn_typ.obj) : warning LNK4006: i2d_ASN1_UNIVERSALSTRING already defined in libcrypto.lib(libcrypto-1_1-x64.dll); second definition ignored
libcrypto_static.lib(tasn_typ.obj) : warning LNK4006: ASN1_UNIVERSALSTRING_it already defined in libcrypto.lib(libcrypto-1_1-x64.dll); second definition ignored
libcrypto_static.lib(tasn_typ.obj) : warning LNK4006: ASN1_UTF8STRING_new already defined in libcrypto.lib(libcrypto-1_1-x64.dll); second definition ignored
libcrypto_static.lib(tasn_typ.obj) : warning LNK4006: ASN1_UTF8STRING_free already defined in libcrypto.lib(libcrypto-1_1-x64.dll); second definition ignored
libcrypto_static.lib(tasn_typ.obj) : warning LNK4006: d2i_ASN1_UTF8STRING already defined in libcrypto.lib(libcrypto-1_1-x64.dll); second definition ignored
libcrypto_static.lib(tasn_typ.obj) : warning LNK4006: i2d_ASN1_UTF8STRING already defined in libcrypto.lib(libcrypto-1_1-x64.dll); second definition ignored
libcrypto_static.lib(tasn_typ.obj) : warning LNK4006: ASN1_UTF8STRING_it already defined in libcrypto.lib(libcrypto-1_1-x64.dll); second definition ignored
libcrypto_static.lib(tasn_typ.obj) : warning LNK4006: ASN1_NULL_new already defined in libcrypto.lib(libcrypto-1_1-x64.dll); second definition ignored
libcrypto_static.lib(tasn_typ.obj) : warning LNK4006: ASN1_NULL_free already defined in libcrypto.lib(libcrypto-1_1-x64.dll); second definition ignored
libcrypto_static.lib(tasn_typ.obj) : warning LNK4006: d2i_ASN1_NULL already defined in libcrypto.lib(libcrypto-1_1-x64.dll); second definition ignored
libcrypto_static.lib(tasn_typ.obj) : warning LNK4006: i2d_ASN1_NULL already defined in libcrypto.lib(libcrypto-1_1-x64.dll); second definition ignored
libcrypto_static.lib(tasn_typ.obj) : warning LNK4006: ASN1_NULL_it already defined in libcrypto.lib(libcrypto-1_1-x64.dll); second definition ignored
libcrypto_static.lib(tasn_typ.obj) : warning LNK4006: ASN1_BMPSTRING_new already defined in libcrypto.lib(libcrypto-1_1-x64.dll); second definition ignored
libcrypto_static.lib(tasn_typ.obj) : warning LNK4006: ASN1_BMPSTRING_free already defined in libcrypto.lib(libcrypto-1_1-x64.dll); second definition ignored
libcrypto_static.lib(tasn_typ.obj) : warning LNK4006: d2i_ASN1_BMPSTRING already defined in libcrypto.lib(libcrypto-1_1-x64.dll); second definition ignored
libcrypto_static.lib(tasn_typ.obj) : warning LNK4006: i2d_ASN1_BMPSTRING already defined in libcrypto.lib(libcrypto-1_1-x64.dll); second definition ignored
libcrypto_static.lib(tasn_typ.obj) : warning LNK4006: ASN1_BMPSTRING_it already defined in libcrypto.lib(libcrypto-1_1-x64.dll); second definition ignored
libcrypto_static.lib(tasn_typ.obj) : warning LNK4006: ASN1_PRINTABLE_new already defined in libcrypto.lib(libcrypto-1_1-x64.dll); second definition ignored
libcrypto_static.lib(tasn_typ.obj) : warning LNK4006: ASN1_PRINTABLE_free already defined in libcrypto.lib(libcrypto-1_1-x64.dll); second definition ignored
libcrypto_static.lib(tasn_typ.obj) : warning LNK4006: d2i_ASN1_PRINTABLE already defined in libcrypto.lib(libcrypto-1_1-x64.dll); second definition ignored
libcrypto_static.lib(tasn_typ.obj) : warning LNK4006: i2d_ASN1_PRINTABLE already defined in libcrypto.lib(libcrypto-1_1-x64.dll); second definition ignored
libcrypto_static.lib(tasn_typ.obj) : warning LNK4006: ASN1_PRINTABLE_it already defined in libcrypto.lib(libcrypto-1_1-x64.dll); second definition ignored
libcrypto_static.lib(tasn_typ.obj) : warning LNK4006: DIRECTORYSTRING_new already defined in libcrypto.lib(libcrypto-1_1-x64.dll); second definition ignored
libcrypto_static.lib(tasn_typ.obj) : warning LNK4006: DIRECTORYSTRING_free already defined in libcrypto.lib(libcrypto-1_1-x64.dll); second definition ignored
libcrypto_static.lib(tasn_typ.obj) : warning LNK4006: d2i_DIRECTORYSTRING already defined in libcrypto.lib(libcrypto-1_1-x64.dll); second definition ignored
libcrypto_static.lib(tasn_typ.obj) : warning LNK4006: i2d_DIRECTORYSTRING already defined in libcrypto.lib(libcrypto-1_1-x64.dll); second definition ignored
libcrypto_static.lib(tasn_typ.obj) : warning LNK4006: DIRECTORYSTRING_it already defined in libcrypto.lib(libcrypto-1_1-x64.dll); second definition ignored
libcrypto_static.lib(tasn_typ.obj) : warning LNK4006: DISPLAYTEXT_new already defined in libcrypto.lib(libcrypto-1_1-x64.dll); second definition ignored
libcrypto_static.lib(tasn_typ.obj) : warning LNK4006: DISPLAYTEXT_free already defined in libcrypto.lib(libcrypto-1_1-x64.dll); second definition ignored
libcrypto_static.lib(tasn_typ.obj) : warning LNK4006: d2i_DISPLAYTEXT already defined in libcrypto.lib(libcrypto-1_1-x64.dll); second definition ignored
libcrypto_static.lib(tasn_typ.obj) : warning LNK4006: i2d_DISPLAYTEXT already defined in libcrypto.lib(libcrypto-1_1-x64.dll); second definition ignored
libcrypto_static.lib(tasn_typ.obj) : warning LNK4006: DISPLAYTEXT_it already defined in libcrypto.lib(libcrypto-1_1-x64.dll); second definition ignored
libcrypto_static.lib(tasn_typ.obj) : warning LNK4006: ASN1_PRINTABLESTRING_new already defined in libcrypto.lib(libcrypto-1_1-x64.dll); second definition ignored
libcrypto_static.lib(tasn_typ.obj) : warning LNK4006: ASN1_PRINTABLESTRING_free already defined in libcrypto.lib(libcrypto-1_1-x64.dll); second definition ignored
libcrypto_static.lib(tasn_typ.obj) : warning LNK4006: d2i_ASN1_PRINTABLESTRING already defined in libcrypto.lib(libcrypto-1_1-x64.dll); second definition ignored
libcrypto_static.lib(tasn_typ.obj) : warning LNK4006: i2d_ASN1_PRINTABLESTRING already defined in libcrypto.lib(libcrypto-1_1-x64.dll); second definition ignored
libcrypto_static.lib(tasn_typ.obj) : warning LNK4006: ASN1_PRINTABLESTRING_it already defined in libcrypto.lib(libcrypto-1_1-x64.dll); second definition ignored
libcrypto_static.lib(tasn_typ.obj) : warning LNK4006: ASN1_T61STRING_new already defined in libcrypto.lib(libcrypto-1_1-x64.dll); second definition ignored
libcrypto_static.lib(tasn_typ.obj) : warning LNK4006: ASN1_T61STRING_free already defined in libcrypto.lib(libcrypto-1_1-x64.dll); second definition ignored
libcrypto_static.lib(tasn_typ.obj) : warning LNK4006: d2i_ASN1_T61STRING already defined in libcrypto.lib(libcrypto-1_1-x64.dll); second definition ignored
libcrypto_static.lib(tasn_typ.obj) : warning LNK4006: i2d_ASN1_T61STRING already defined in libcrypto.lib(libcrypto-1_1-x64.dll); second definition ignored
libcrypto_static.lib(tasn_typ.obj) : warning LNK4006: ASN1_T61STRING_it already defined in libcrypto.lib(libcrypto-1_1-x64.dll); second definition ignored
libcrypto_static.lib(tasn_typ.obj) : warning LNK4006: ASN1_IA5STRING_new already defined in libcrypto.lib(libcrypto-1_1-x64.dll); second definition ignored
libcrypto_static.lib(tasn_typ.obj) : warning LNK4006: ASN1_IA5STRING_free already defined in libcrypto.lib(libcrypto-1_1-x64.dll); second definition ignored
libcrypto_static.lib(tasn_typ.obj) : warning LNK4006: d2i_ASN1_IA5STRING already defined in libcrypto.lib(libcrypto-1_1-x64.dll); second definition ignored
libcrypto_static.lib(tasn_typ.obj) : warning LNK4006: i2d_ASN1_IA5STRING already defined in libcrypto.lib(libcrypto-1_1-x64.dll); second definition ignored
libcrypto_static.lib(tasn_typ.obj) : warning LNK4006: ASN1_IA5STRING_it already defined in libcrypto.lib(libcrypto-1_1-x64.dll); second definition ignored
libcrypto_static.lib(tasn_typ.obj) : warning LNK4006: ASN1_GENERALSTRING_new already defined in libcrypto.lib(libcrypto-1_1-x64.dll); second definition ignored
libcrypto_static.lib(tasn_typ.obj) : warning LNK4006: ASN1_GENERALSTRING_free already defined in libcrypto.lib(libcrypto-1_1-x64.dll); second definition ignored
libcrypto_static.lib(tasn_typ.obj) : warning LNK4006: d2i_ASN1_GENERALSTRING already defined in libcrypto.lib(libcrypto-1_1-x64.dll); second definition ignored
libcrypto_static.lib(tasn_typ.obj) : warning LNK4006: i2d_ASN1_GENERALSTRING already defined in libcrypto.lib(libcrypto-1_1-x64.dll); second definition ignored
libcrypto_static.lib(tasn_typ.obj) : warning LNK4006: ASN1_GENERALSTRING_it already defined in libcrypto.lib(libcrypto-1_1-x64.dll); second definition ignored
libcrypto_static.lib(tasn_typ.obj) : warning LNK4006: ASN1_UTCTIME_new already defined in libcrypto.lib(libcrypto-1_1-x64.dll); second definition ignored
libcrypto_static.lib(tasn_typ.obj) : warning LNK4006: ASN1_UTCTIME_free already defined in libcrypto.lib(libcrypto-1_1-x64.dll); second definition ignored
libcrypto_static.lib(tasn_typ.obj) : warning LNK4006: d2i_ASN1_UTCTIME already defined in libcrypto.lib(libcrypto-1_1-x64.dll); second definition ignored
libcrypto_static.lib(tasn_typ.obj) : warning LNK4006: i2d_ASN1_UTCTIME already defined in libcrypto.lib(libcrypto-1_1-x64.dll); second definition ignored
libcrypto_static.lib(tasn_typ.obj) : warning LNK4006: ASN1_UTCTIME_it already defined in libcrypto.lib(libcrypto-1_1-x64.dll); second definition ignored
libcrypto_static.lib(tasn_typ.obj) : warning LNK4006: ASN1_GENERALIZEDTIME_new already defined in libcrypto.lib(libcrypto-1_1-x64.dll); second definition ignored
libcrypto_static.lib(tasn_typ.obj) : warning LNK4006: ASN1_GENERALIZEDTIME_free already defined in libcrypto.lib(libcrypto-1_1-x64.dll); second definition ignored
libcrypto_static.lib(tasn_typ.obj) : warning LNK4006: d2i_ASN1_GENERALIZEDTIME already defined in libcrypto.lib(libcrypto-1_1-x64.dll); second definition ignored
libcrypto_static.lib(tasn_typ.obj) : warning LNK4006: i2d_ASN1_GENERALIZEDTIME already defined in libcrypto.lib(libcrypto-1_1-x64.dll); second definition ignored
libcrypto_static.lib(tasn_typ.obj) : warning LNK4006: ASN1_GENERALIZEDTIME_it already defined in libcrypto.lib(libcrypto-1_1-x64.dll); second definition ignored
libcrypto_static.lib(tasn_typ.obj) : warning LNK4006: ASN1_OCTET_STRING_NDEF_it already defined in libcrypto.lib(libcrypto-1_1-x64.dll); second definition ignored
libcrypto_static.lib(tasn_typ.obj) : warning LNK4006: ASN1_BOOLEAN_it already defined in libcrypto.lib(libcrypto-1_1-x64.dll); second definition ignored
libcrypto_static.lib(tasn_typ.obj) : warning LNK4006: ASN1_TBOOLEAN_it already defined in libcrypto.lib(libcrypto-1_1-x64.dll); second definition ignored
libcrypto_static.lib(tasn_typ.obj) : warning LNK4006: ASN1_FBOOLEAN_it already defined in libcrypto.lib(libcrypto-1_1-x64.dll); second definition ignored
libcrypto_static.lib(tasn_typ.obj) : warning LNK4006: ASN1_SEQUENCE_it already defined in libcrypto.lib(libcrypto-1_1-x64.dll); second definition ignored
libcrypto_static.lib(x_algor.obj) : warning LNK4006: X509_ALGOR_it already defined in libcrypto.lib(libcrypto-1_1-x64.dll); second definition ignored
libcrypto_static.lib(x_algor.obj) : warning LNK4006: X509_ALGOR_dup already defined in libcrypto.lib(libcrypto-1_1-x64.dll); second definition ignored
libcrypto_static.lib(x_algor.obj) : warning LNK4006: X509_ALGOR_set0 already defined in libcrypto.lib(libcrypto-1_1-x64.dll); second definition ignored
libcrypto_static.lib(x_algor.obj) : warning LNK4006: X509_ALGOR_get0 already defined in libcrypto.lib(libcrypto-1_1-x64.dll); second definition ignored
libcrypto_static.lib(x_algor.obj) : warning LNK4006: X509_ALGOR_set_md already defined in libcrypto.lib(libcrypto-1_1-x64.dll); second definition ignored
libcrypto_static.lib(x_algor.obj) : warning LNK4006: X509_ALGOR_cmp already defined in libcrypto.lib(libcrypto-1_1-x64.dll); second definition ignored
libcrypto_static.lib(x_algor.obj) : warning LNK4006: X509_ALGOR_new already defined in libcrypto.lib(libcrypto-1_1-x64.dll); second definition ignored
libcrypto_static.lib(x_algor.obj) : warning LNK4006: X509_ALGOR_free already defined in libcrypto.lib(libcrypto-1_1-x64.dll); second definition ignored
libcrypto_static.lib(x_algor.obj) : warning LNK4006: d2i_X509_ALGOR already defined in libcrypto.lib(libcrypto-1_1-x64.dll); second definition ignored
libcrypto_static.lib(x_algor.obj) : warning LNK4006: i2d_X509_ALGOR already defined in libcrypto.lib(libcrypto-1_1-x64.dll); second definition ignored
libcrypto_static.lib(x_algor.obj) : warning LNK4006: d2i_X509_ALGORS already defined in libcrypto.lib(libcrypto-1_1-x64.dll); second definition ignored
libcrypto_static.lib(x_algor.obj) : warning LNK4006: i2d_X509_ALGORS already defined in libcrypto.lib(libcrypto-1_1-x64.dll); second definition ignored
libcrypto_static.lib(x_algor.obj) : warning LNK4006: X509_ALGORS_it already defined in libcrypto.lib(libcrypto-1_1-x64.dll); second definition ignored
libcrypto_static.lib(x_bignum.obj) : warning LNK4006: CBIGNUM_it already defined in libcrypto.lib(libcrypto-1_1-x64.dll); second definition ignored
libcrypto_static.lib(x_bignum.obj) : warning LNK4006: BIGNUM_it already defined in libcrypto.lib(libcrypto-1_1-x64.dll); second definition ignored
libcrypto_static.lib(x_info.obj) : warning LNK4006: X509_INFO_new already defined in libcrypto.lib(libcrypto-1_1-x64.dll); second definition ignored
libcrypto_static.lib(x_info.obj) : warning LNK4006: X509_INFO_free already defined in libcrypto.lib(libcrypto-1_1-x64.dll); second definition ignored
libcrypto_static.lib(x_int64.obj) : warning LNK4006: INT32_it already defined in libcrypto.lib(libcrypto-1_1-x64.dll); second definition ignored
libcrypto_static.lib(x_int64.obj) : warning LNK4006: ZINT32_it already defined in libcrypto.lib(libcrypto-1_1-x64.dll); second definition ignored
libcrypto_static.lib(x_int64.obj) : warning LNK4006: UINT32_it already defined in libcrypto.lib(libcrypto-1_1-x64.dll); second definition ignored
libcrypto_static.lib(x_int64.obj) : warning LNK4006: ZUINT32_it already defined in libcrypto.lib(libcrypto-1_1-x64.dll); second definition ignored
libcrypto_static.lib(x_int64.obj) : warning LNK4006: INT64_it already defined in libcrypto.lib(libcrypto-1_1-x64.dll); second definition ignored
libcrypto_static.lib(x_int64.obj) : warning LNK4006: ZINT64_it already defined in libcrypto.lib(libcrypto-1_1-x64.dll); second definition ignored
libcrypto_static.lib(x_int64.obj) : warning LNK4006: UINT64_it already defined in libcrypto.lib(libcrypto-1_1-x64.dll); second definition ignored
libcrypto_static.lib(x_int64.obj) : warning LNK4006: ZUINT64_it already defined in libcrypto.lib(libcrypto-1_1-x64.dll); second definition ignored
libcrypto_static.lib(x_long.obj) : warning LNK4006: LONG_it already defined in libcrypto.lib(libcrypto-1_1-x64.dll); second definition ignored
libcrypto_static.lib(x_long.obj) : warning LNK4006: ZLONG_it already defined in libcrypto.lib(libcrypto-1_1-x64.dll); second definition ignored
libcrypto_static.lib(x_pkey.obj) : warning LNK4006: X509_PKEY_new already defined in libcrypto.lib(libcrypto-1_1-x64.dll); second definition ignored
libcrypto_static.lib(x_pkey.obj) : warning LNK4006: X509_PKEY_free already defined in libcrypto.lib(libcrypto-1_1-x64.dll); second definition ignored
libcrypto_static.lib(x_sig.obj) : warning LNK4006: X509_SIG_new already defined in libcrypto.lib(libcrypto-1_1-x64.dll); second definition ignored
libcrypto_static.lib(x_sig.obj) : warning LNK4006: X509_SIG_free already defined in libcrypto.lib(libcrypto-1_1-x64.dll); second definition ignored
libcrypto_static.lib(x_sig.obj) : warning LNK4006: d2i_X509_SIG already defined in libcrypto.lib(libcrypto-1_1-x64.dll); second definition ignored
libcrypto_static.lib(x_sig.obj) : warning LNK4006: i2d_X509_SIG already defined in libcrypto.lib(libcrypto-1_1-x64.dll); second definition ignored
libcrypto_static.lib(x_sig.obj) : warning LNK4006: X509_SIG_it already defined in libcrypto.lib(libcrypto-1_1-x64.dll); second definition ignored
libcrypto_static.lib(x_sig.obj) : warning LNK4006: X509_SIG_get0 already defined in libcrypto.lib(libcrypto-1_1-x64.dll); second definition ignored
libcrypto_static.lib(x_sig.obj) : warning LNK4006: X509_SIG_getm already defined in libcrypto.lib(libcrypto-1_1-x64.dll); second definition ignored
libcrypto_static.lib(x_spki.obj) : warning LNK4006: NETSCAPE_SPKAC_it already defined in libcrypto.lib(libcrypto-1_1-x64.dll); second definition ignored
libcrypto_static.lib(x_spki.obj) : warning LNK4006: NETSCAPE_SPKI_new already defined in libcrypto.lib(libcrypto-1_1-x64.dll); second definition ignored
libcrypto_static.lib(x_spki.obj) : warning LNK4006: NETSCAPE_SPKI_free already defined in libcrypto.lib(libcrypto-1_1-x64.dll); second definition ignored
libcrypto_static.lib(x_spki.obj) : warning LNK4006: d2i_NETSCAPE_SPKI already defined in libcrypto.lib(libcrypto-1_1-x64.dll); second definition ignored
libcrypto_static.lib(x_spki.obj) : warning LNK4006: i2d_NETSCAPE_SPKI already defined in libcrypto.lib(libcrypto-1_1-x64.dll); second definition ignored
libcrypto_static.lib(x_spki.obj) : warning LNK4006: NETSCAPE_SPKI_it already defined in libcrypto.lib(libcrypto-1_1-x64.dll); second definition ignored
libcrypto_static.lib(x_spki.obj) : warning LNK4006: NETSCAPE_SPKAC_new already defined in libcrypto.lib(libcrypto-1_1-x64.dll); second definition ignored
libcrypto_static.lib(x_spki.obj) : warning LNK4006: NETSCAPE_SPKAC_free already defined in libcrypto.lib(libcrypto-1_1-x64.dll); second definition ignored
libcrypto_static.lib(x_spki.obj) : warning LNK4006: d2i_NETSCAPE_SPKAC already defined in libcrypto.lib(libcrypto-1_1-x64.dll); second definition ignored
libcrypto_static.lib(x_spki.obj) : warning LNK4006: i2d_NETSCAPE_SPKAC already defined in libcrypto.lib(libcrypto-1_1-x64.dll); second definition ignored
libcrypto_static.lib(x_val.obj) : warning LNK4006: X509_VAL_new already defined in libcrypto.lib(libcrypto-1_1-x64.dll); second definition ignored
libcrypto_static.lib(x_val.obj) : warning LNK4006: X509_VAL_free already defined in libcrypto.lib(libcrypto-1_1-x64.dll); second definition ignored
libcrypto_static.lib(x_val.obj) : warning LNK4006: d2i_X509_VAL already defined in libcrypto.lib(libcrypto-1_1-x64.dll); second definition ignored
libcrypto_static.lib(x_val.obj) : warning LNK4006: i2d_X509_VAL already defined in libcrypto.lib(libcrypto-1_1-x64.dll); second definition ignored
libcrypto_static.lib(x_val.obj) : warning LNK4006: X509_VAL_it already defined in libcrypto.lib(libcrypto-1_1-x64.dll); second definition ignored
libcrypto_static.lib(async_win.obj) : warning LNK4006: ASYNC_is_capable already defined in libcrypto.lib(libcrypto-1_1-x64.dll); second definition ignored
libcrypto_static.lib(async.obj) : warning LNK4006: ASYNC_init_thread already defined in libcrypto.lib(libcrypto-1_1-x64.dll); second definition ignored
libcrypto_static.lib(async.obj) : warning LNK4006: ASYNC_cleanup_thread already defined in libcrypto.lib(libcrypto-1_1-x64.dll); second definition ignored
libcrypto_static.lib(async.obj) : warning LNK4006: ASYNC_start_job already defined in libcrypto.lib(libcrypto-1_1-x64.dll); second definition ignored
libcrypto_static.lib(async.obj) : warning LNK4006: ASYNC_pause_job already defined in libcrypto.lib(libcrypto-1_1-x64.dll); second definition ignored
libcrypto_static.lib(async.obj) : warning LNK4006: ASYNC_get_current_job already defined in libcrypto.lib(libcrypto-1_1-x64.dll); second definition ignored
libcrypto_static.lib(async.obj) : warning LNK4006: ASYNC_get_wait_ctx already defined in libcrypto.lib(libcrypto-1_1-x64.dll); second definition ignored
libcrypto_static.lib(async.obj) : warning LNK4006: ASYNC_block_pause already defined in libcrypto.lib(libcrypto-1_1-x64.dll); second definition ignored
libcrypto_static.lib(async.obj) : warning LNK4006: ASYNC_unblock_pause already defined in libcrypto.lib(libcrypto-1_1-x64.dll); second definition ignored
libcrypto_static.lib(async_err.obj) : warning LNK4006: ERR_load_ASYNC_strings already defined in libcrypto.lib(libcrypto-1_1-x64.dll); second definition ignored
libcrypto_static.lib(async_wait.obj) : warning LNK4006: ASYNC_WAIT_CTX_new already defined in libcrypto.lib(libcrypto-1_1-x64.dll); second definition ignored
libcrypto_static.lib(async_wait.obj) : warning LNK4006: ASYNC_WAIT_CTX_free already defined in libcrypto.lib(libcrypto-1_1-x64.dll); second definition ignored
libcrypto_static.lib(async_wait.obj) : warning LNK4006: ASYNC_WAIT_CTX_set_wait_fd already defined in libcrypto.lib(libcrypto-1_1-x64.dll); second definition ignored
libcrypto_static.lib(async_wait.obj) : warning LNK4006: ASYNC_WAIT_CTX_get_fd already defined in libcrypto.lib(libcrypto-1_1-x64.dll); second definition ignored
libcrypto_static.lib(async_wait.obj) : warning LNK4006: ASYNC_WAIT_CTX_get_all_fds already defined in libcrypto.lib(libcrypto-1_1-x64.dll); second definition ignored
libcrypto_static.lib(async_wait.obj) : warning LNK4006: ASYNC_WAIT_CTX_get_changed_fds already defined in libcrypto.lib(libcrypto-1_1-x64.dll); second definition ignored
libcrypto_static.lib(async_wait.obj) : warning LNK4006: ASYNC_WAIT_CTX_clear_fd already defined in libcrypto.lib(libcrypto-1_1-x64.dll); second definition ignored
libcrypto_static.lib(bf_cfb64.obj) : warning LNK4006: BF_cfb64_encrypt already defined in libcrypto.lib(libcrypto-1_1-x64.dll); second definition ignored
libcrypto_static.lib(bf_ecb.obj) : warning LNK4006: BF_ecb_encrypt already defined in libcrypto.lib(libcrypto-1_1-x64.dll); second definition ignored
libcrypto_static.lib(bf_ecb.obj) : warning LNK4006: BF_options already defined in libcrypto.lib(libcrypto-1_1-x64.dll); second definition ignored
libcrypto_static.lib(bf_enc.obj) : warning LNK4006: BF_encrypt already defined in libcrypto.lib(libcrypto-1_1-x64.dll); second definition ignored
libcrypto_static.lib(bf_enc.obj) : warning LNK4006: BF_decrypt already defined in libcrypto.lib(libcrypto-1_1-x64.dll); second definition ignored
libcrypto_static.lib(bf_enc.obj) : warning LNK4006: BF_cbc_encrypt already defined in libcrypto.lib(libcrypto-1_1-x64.dll); second definition ignored
libcrypto_static.lib(bf_ofb64.obj) : warning LNK4006: BF_ofb64_encrypt already defined in libcrypto.lib(libcrypto-1_1-x64.dll); second definition ignored
libcrypto_static.lib(bf_skey.obj) : warning LNK4006: BF_set_key already defined in libcrypto.lib(libcrypto-1_1-x64.dll); second definition ignored
libcrypto_static.lib(b_addr.obj) : warning LNK4006: BIO_ADDR_new already defined in libcrypto.lib(libcrypto-1_1-x64.dll); second definition ignored
libcrypto_static.lib(b_addr.obj) : warning LNK4006: BIO_ADDR_rawmake already defined in libcrypto.lib(libcrypto-1_1-x64.dll); second definition ignored
libcrypto_static.lib(b_addr.obj) : warning LNK4006: BIO_ADDR_free already defined in libcrypto.lib(libcrypto-1_1-x64.dll); second definition ignored
libcrypto_static.lib(b_addr.obj) : warning LNK4006: BIO_ADDR_clear already defined in libcrypto.lib(libcrypto-1_1-x64.dll); second definition ignored
libcrypto_static.lib(b_addr.obj) : warning LNK4006: BIO_ADDR_family already defined in libcrypto.lib(libcrypto-1_1-x64.dll); second definition ignored
libcrypto_static.lib(b_addr.obj) : warning LNK4006: BIO_ADDR_rawaddress already defined in libcrypto.lib(libcrypto-1_1-x64.dll); second definition ignored
libcrypto_static.lib(b_addr.obj) : warning LNK4006: BIO_ADDR_rawport already defined in libcrypto.lib(libcrypto-1_1-x64.dll); second definition ignored
libcrypto_static.lib(b_addr.obj) : warning LNK4006: BIO_ADDR_hostname_string already defined in libcrypto.lib(libcrypto-1_1-x64.dll); second definition ignored
libcrypto_static.lib(b_addr.obj) : warning LNK4006: BIO_ADDR_service_string already defined in libcrypto.lib(libcrypto-1_1-x64.dll); second definition ignored
libcrypto_static.lib(b_addr.obj) : warning LNK4006: BIO_ADDR_path_string already defined in libcrypto.lib(libcrypto-1_1-x64.dll); second definition ignored
libcrypto_static.lib(b_addr.obj) : warning LNK4006: BIO_ADDRINFO_next already defined in libcrypto.lib(libcrypto-1_1-x64.dll); second definition ignored
libcrypto_static.lib(b_addr.obj) : warning LNK4006: BIO_ADDRINFO_family already defined in libcrypto.lib(libcrypto-1_1-x64.dll); second definition ignored
libcrypto_static.lib(b_addr.obj) : warning LNK4006: BIO_ADDRINFO_socktype already defined in libcrypto.lib(libcrypto-1_1-x64.dll); second definition ignored
libcrypto_static.lib(b_addr.obj) : warning LNK4006: BIO_ADDRINFO_protocol already defined in libcrypto.lib(libcrypto-1_1-x64.dll); second definition ignored
libcrypto_static.lib(b_addr.obj) : warning LNK4006: BIO_ADDRINFO_address already defined in libcrypto.lib(libcrypto-1_1-x64.dll); second definition ignored
libcrypto_static.lib(b_addr.obj) : warning LNK4006: BIO_ADDRINFO_free already defined in libcrypto.lib(libcrypto-1_1-x64.dll); second definition ignored
libcrypto_static.lib(b_addr.obj) : warning LNK4006: BIO_parse_hostserv already defined in libcrypto.lib(libcrypto-1_1-x64.dll); second definition ignored
libcrypto_static.lib(b_addr.obj) : warning LNK4006: BIO_lookup already defined in libcrypto.lib(libcrypto-1_1-x64.dll); second definition ignored
libcrypto_static.lib(b_addr.obj) : warning LNK4006: BIO_lookup_ex already defined in libcrypto.lib(libcrypto-1_1-x64.dll); second definition ignored
libcrypto_static.lib(b_dump.obj) : warning LNK4006: BIO_dump_cb already defined in libcrypto.lib(libcrypto-1_1-x64.dll); second definition ignored
libcrypto_static.lib(b_dump.obj) : warning LNK4006: BIO_dump_indent_cb already defined in libcrypto.lib(libcrypto-1_1-x64.dll); second definition ignored
libcrypto_static.lib(b_dump.obj) : warning LNK4006: BIO_dump already defined in libcrypto.lib(libcrypto-1_1-x64.dll); second definition ignored
libcrypto_static.lib(b_dump.obj) : warning LNK4006: BIO_dump_indent already defined in libcrypto.lib(libcrypto-1_1-x64.dll); second definition ignored
libcrypto_static.lib(b_dump.obj) : warning LNK4006: BIO_dump_fp already defined in libcrypto.lib(libcrypto-1_1-x64.dll); second definition ignored
libcrypto_static.lib(b_dump.obj) : warning LNK4006: BIO_dump_indent_fp already defined in libcrypto.lib(libcrypto-1_1-x64.dll); second definition ignored
libcrypto_static.lib(b_dump.obj) : warning LNK4006: BIO_hex_string already defined in libcrypto.lib(libcrypto-1_1-x64.dll); second definition ignored
libcrypto_static.lib(b_print.obj) : warning LNK4006: BIO_printf already defined in libcrypto.lib(libcrypto-1_1-x64.dll); second definition ignored
libcrypto_static.lib(b_print.obj) : warning LNK4006: BIO_vprintf already defined in libcrypto.lib(libcrypto-1_1-x64.dll); second definition ignored
libcrypto_static.lib(b_print.obj) : warning LNK4006: BIO_snprintf already defined in libcrypto.lib(libcrypto-1_1-x64.dll); second definition ignored
libcrypto_static.lib(b_print.obj) : warning LNK4006: BIO_vsnprintf already defined in libcrypto.lib(libcrypto-1_1-x64.dll); second definition ignored
libcrypto_static.lib(b_sock.obj) : warning LNK4006: BIO_sock_error already defined in libcrypto.lib(libcrypto-1_1-x64.dll); second definition ignored
libcrypto_static.lib(b_sock.obj) : warning LNK4006: BIO_socket_ioctl already defined in libcrypto.lib(libcrypto-1_1-x64.dll); second definition ignored
libcrypto_static.lib(b_sock.obj) : warning LNK4006: BIO_socket_nbio already defined in libcrypto.lib(libcrypto-1_1-x64.dll); second definition ignored
libcrypto_static.lib(b_sock.obj) : warning LNK4006: BIO_sock_init already defined in libcrypto.lib(libcrypto-1_1-x64.dll); second definition ignored
libcrypto_static.lib(b_sock.obj) : warning LNK4006: BIO_set_tcp_ndelay already defined in libcrypto.lib(libcrypto-1_1-x64.dll); second definition ignored
libcrypto_static.lib(b_sock.obj) : warning LNK4006: BIO_gethostbyname already defined in libcrypto.lib(libcrypto-1_1-x64.dll); second definition ignored
libcrypto_static.lib(b_sock.obj) : warning LNK4006: BIO_get_port already defined in libcrypto.lib(libcrypto-1_1-x64.dll); second definition ignored
libcrypto_static.lib(b_sock.obj) : warning LNK4006: BIO_get_host_ip already defined in libcrypto.lib(libcrypto-1_1-x64.dll); second definition ignored
libcrypto_static.lib(b_sock.obj) : warning LNK4006: BIO_get_accept_socket already defined in libcrypto.lib(libcrypto-1_1-x64.dll); second definition ignored
libcrypto_static.lib(b_sock.obj) : warning LNK4006: BIO_accept already defined in libcrypto.lib(libcrypto-1_1-x64.dll); second definition ignored
libcrypto_static.lib(b_sock.obj) : warning LNK4006: BIO_sock_info already defined in libcrypto.lib(libcrypto-1_1-x64.dll); second definition ignored
libcrypto_static.lib(b_sock2.obj) : warning LNK4006: BIO_socket already defined in libcrypto.lib(libcrypto-1_1-x64.dll); second definition ignored
libcrypto_static.lib(b_sock2.obj) : warning LNK4006: BIO_connect already defined in libcrypto.lib(libcrypto-1_1-x64.dll); second definition ignored
libcrypto_static.lib(b_sock2.obj) : warning LNK4006: BIO_bind already defined in libcrypto.lib(libcrypto-1_1-x64.dll); second definition ignored
libcrypto_static.lib(b_sock2.obj) : warning LNK4006: BIO_listen already defined in libcrypto.lib(libcrypto-1_1-x64.dll); second definition ignored
libcrypto_static.lib(b_sock2.obj) : warning LNK4006: BIO_accept_ex already defined in libcrypto.lib(libcrypto-1_1-x64.dll); second definition ignored
libcrypto_static.lib(b_sock2.obj) : warning LNK4006: BIO_closesocket already defined in libcrypto.lib(libcrypto-1_1-x64.dll); second definition ignored
libcrypto_static.lib(bf_buff.obj) : warning LNK4006: BIO_f_buffer already defined in libcrypto.lib(libcrypto-1_1-x64.dll); second definition ignored
libcrypto_static.lib(bf_lbuf.obj) : warning LNK4006: BIO_f_linebuffer already defined in libcrypto.lib(libcrypto-1_1-x64.dll); second definition ignored
libcrypto_static.lib(bf_nbio.obj) : warning LNK4006: BIO_f_nbio_test already defined in libcrypto.lib(libcrypto-1_1-x64.dll); second definition ignored
libcrypto_static.lib(bf_null.obj) : warning LNK4006: BIO_f_null already defined in libcrypto.lib(libcrypto-1_1-x64.dll); second definition ignored
libcrypto_static.lib(bio_cb.obj) : warning LNK4006: BIO_debug_callback already defined in libcrypto.lib(libcrypto-1_1-x64.dll); second definition ignored
libcrypto_static.lib(bio_err.obj) : warning LNK4006: ERR_load_BIO_strings already defined in libcrypto.lib(libcrypto-1_1-x64.dll); second definition ignored
libcrypto_static.lib(bio_lib.obj) : warning LNK4006: BIO_set_flags already defined in libcrypto.lib(libcrypto-1_1-x64.dll); second definition ignored
libcrypto_static.lib(bio_lib.obj) : warning LNK4006: BIO_test_flags already defined in libcrypto.lib(libcrypto-1_1-x64.dll); second definition ignored
libcrypto_static.lib(bio_lib.obj) : warning LNK4006: BIO_clear_flags already defined in libcrypto.lib(libcrypto-1_1-x64.dll); second definition ignored
libcrypto_static.lib(bio_lib.obj) : warning LNK4006: BIO_get_callback already defined in libcrypto.lib(libcrypto-1_1-x64.dll); second definition ignored
libcrypto_static.lib(bio_lib.obj) : warning LNK4006: BIO_set_callback already defined in libcrypto.lib(libcrypto-1_1-x64.dll); second definition ignored
libcrypto_static.lib(bio_lib.obj) : warning LNK4006: BIO_get_callback_ex already defined in libcrypto.lib(libcrypto-1_1-x64.dll); second definition ignored
libcrypto_static.lib(bio_lib.obj) : warning LNK4006: BIO_set_callback_ex already defined in libcrypto.lib(libcrypto-1_1-x64.dll); second definition ignored
libcrypto_static.lib(bio_lib.obj) : warning LNK4006: BIO_get_callback_arg already defined in libcrypto.lib(libcrypto-1_1-x64.dll); second definition ignored
libcrypto_static.lib(bio_lib.obj) : warning LNK4006: BIO_set_callback_arg already defined in libcrypto.lib(libcrypto-1_1-x64.dll); second definition ignored
libcrypto_static.lib(bio_lib.obj) : warning LNK4006: BIO_method_name already defined in libcrypto.lib(libcrypto-1_1-x64.dll); second definition ignored
libcrypto_static.lib(bio_lib.obj) : warning LNK4006: BIO_method_type already defined in libcrypto.lib(libcrypto-1_1-x64.dll); second definition ignored
libcrypto_static.lib(bio_lib.obj) : warning LNK4006: BIO_ctrl_pending already defined in libcrypto.lib(libcrypto-1_1-x64.dll); second definition ignored
libcrypto_static.lib(bio_lib.obj) : warning LNK4006: BIO_ctrl_wpending already defined in libcrypto.lib(libcrypto-1_1-x64.dll); second definition ignored
libcrypto_static.lib(bio_lib.obj) : warning LNK4006: BIO_set_ex_data already defined in libcrypto.lib(libcrypto-1_1-x64.dll); second definition ignored
libcrypto_static.lib(bio_lib.obj) : warning LNK4006: BIO_get_ex_data already defined in libcrypto.lib(libcrypto-1_1-x64.dll); second definition ignored
libcrypto_static.lib(bio_lib.obj) : warning LNK4006: BIO_number_read already defined in libcrypto.lib(libcrypto-1_1-x64.dll); second definition ignored
libcrypto_static.lib(bio_lib.obj) : warning LNK4006: BIO_number_written already defined in libcrypto.lib(libcrypto-1_1-x64.dll); second definition ignored
libcrypto_static.lib(bio_lib.obj) : warning LNK4006: BIO_new already defined in libcrypto.lib(libcrypto-1_1-x64.dll); second definition ignored
libcrypto_static.lib(bio_lib.obj) : warning LNK4006: BIO_free already defined in libcrypto.lib(libcrypto-1_1-x64.dll); second definition ignored
libcrypto_static.lib(bio_lib.obj) : warning LNK4006: BIO_set_data already defined in libcrypto.lib(libcrypto-1_1-x64.dll); second definition ignored
libcrypto_static.lib(bio_lib.obj) : warning LNK4006: BIO_get_data already defined in libcrypto.lib(libcrypto-1_1-x64.dll); second definition ignored
libcrypto_static.lib(bio_lib.obj) : warning LNK4006: BIO_set_init already defined in libcrypto.lib(libcrypto-1_1-x64.dll); second definition ignored
libcrypto_static.lib(bio_lib.obj) : warning LNK4006: BIO_get_init already defined in libcrypto.lib(libcrypto-1_1-x64.dll); second definition ignored
libcrypto_static.lib(bio_lib.obj) : warning LNK4006: BIO_set_shutdown already defined in libcrypto.lib(libcrypto-1_1-x64.dll); second definition ignored
libcrypto_static.lib(bio_lib.obj) : warning LNK4006: BIO_get_shutdown already defined in libcrypto.lib(libcrypto-1_1-x64.dll); second definition ignored
libcrypto_static.lib(bio_lib.obj) : warning LNK4006: BIO_vfree already defined in libcrypto.lib(libcrypto-1_1-x64.dll); second definition ignored
libcrypto_static.lib(bio_lib.obj) : warning LNK4006: BIO_up_ref already defined in libcrypto.lib(libcrypto-1_1-x64.dll); second definition ignored
libcrypto_static.lib(bio_lib.obj) : warning LNK4006: BIO_read already defined in libcrypto.lib(libcrypto-1_1-x64.dll); second definition ignored
libcrypto_static.lib(bio_lib.obj) : warning LNK4006: BIO_read_ex already defined in libcrypto.lib(libcrypto-1_1-x64.dll); second definition ignored
libcrypto_static.lib(bio_lib.obj) : warning LNK4006: BIO_gets already defined in libcrypto.lib(libcrypto-1_1-x64.dll); second definition ignored
libcrypto_static.lib(bio_lib.obj) : warning LNK4006: BIO_write already defined in libcrypto.lib(libcrypto-1_1-x64.dll); second definition ignored
libcrypto_static.lib(bio_lib.obj) : warning LNK4006: BIO_write_ex already defined in libcrypto.lib(libcrypto-1_1-x64.dll); second definition ignored
libcrypto_static.lib(bio_lib.obj) : warning LNK4006: BIO_puts already defined in libcrypto.lib(libcrypto-1_1-x64.dll); second definition ignored
libcrypto_static.lib(bio_lib.obj) : warning LNK4006: BIO_indent already defined in libcrypto.lib(libcrypto-1_1-x64.dll); second definition ignored
libcrypto_static.lib(bio_lib.obj) : warning LNK4006: BIO_ctrl already defined in libcrypto.lib(libcrypto-1_1-x64.dll); second definition ignored
libcrypto_static.lib(bio_lib.obj) : warning LNK4006: BIO_callback_ctrl already defined in libcrypto.lib(libcrypto-1_1-x64.dll); second definition ignored
libcrypto_static.lib(bio_lib.obj) : warning LNK4006: BIO_ptr_ctrl already defined in libcrypto.lib(libcrypto-1_1-x64.dll); second definition ignored
libcrypto_static.lib(bio_lib.obj) : warning LNK4006: BIO_int_ctrl already defined in libcrypto.lib(libcrypto-1_1-x64.dll); second definition ignored
libcrypto_static.lib(bio_lib.obj) : warning LNK4006: BIO_push already defined in libcrypto.lib(libcrypto-1_1-x64.dll); second definition ignored
libcrypto_static.lib(bio_lib.obj) : warning LNK4006: BIO_pop already defined in libcrypto.lib(libcrypto-1_1-x64.dll); second definition ignored
libcrypto_static.lib(bio_lib.obj) : warning LNK4006: BIO_free_all already defined in libcrypto.lib(libcrypto-1_1-x64.dll); second definition ignored
libcrypto_static.lib(bio_lib.obj) : warning LNK4006: BIO_find_type already defined in libcrypto.lib(libcrypto-1_1-x64.dll); second definition ignored
libcrypto_static.lib(bio_lib.obj) : warning LNK4006: BIO_next already defined in libcrypto.lib(libcrypto-1_1-x64.dll); second definition ignored
libcrypto_static.lib(bio_lib.obj) : warning LNK4006: BIO_set_next already defined in libcrypto.lib(libcrypto-1_1-x64.dll); second definition ignored
libcrypto_static.lib(bio_lib.obj) : warning LNK4006: BIO_get_retry_BIO already defined in libcrypto.lib(libcrypto-1_1-x64.dll); second definition ignored
libcrypto_static.lib(bio_lib.obj) : warning LNK4006: BIO_get_retry_reason already defined in libcrypto.lib(libcrypto-1_1-x64.dll); second definition ignored
libcrypto_static.lib(bio_lib.obj) : warning LNK4006: BIO_set_retry_reason already defined in libcrypto.lib(libcrypto-1_1-x64.dll); second definition ignored
libcrypto_static.lib(bio_lib.obj) : warning LNK4006: BIO_dup_chain already defined in libcrypto.lib(libcrypto-1_1-x64.dll); second definition ignored
libcrypto_static.lib(bio_lib.obj) : warning LNK4006: BIO_copy_next_retry already defined in libcrypto.lib(libcrypto-1_1-x64.dll); second definition ignored
libcrypto_static.lib(bio_meth.obj) : warning LNK4006: BIO_get_new_index already defined in libcrypto.lib(libcrypto-1_1-x64.dll); second definition ignored
libcrypto_static.lib(bio_meth.obj) : warning LNK4006: BIO_meth_new already defined in libcrypto.lib(libcrypto-1_1-x64.dll); second definition ignored
libcrypto_static.lib(bio_meth.obj) : warning LNK4006: BIO_meth_free already defined in libcrypto.lib(libcrypto-1_1-x64.dll); second definition ignored
libcrypto_static.lib(bio_meth.obj) : warning LNK4006: BIO_meth_get_write already defined in libcrypto.lib(libcrypto-1_1-x64.dll); second definition ignored
libcrypto_static.lib(bio_meth.obj) : warning LNK4006: BIO_meth_get_write_ex already defined in libcrypto.lib(libcrypto-1_1-x64.dll); second definition ignored
libcrypto_static.lib(bio_meth.obj) : warning LNK4006: BIO_meth_set_write already defined in libcrypto.lib(libcrypto-1_1-x64.dll); second definition ignored
libcrypto_static.lib(bio_meth.obj) : warning LNK4006: BIO_meth_set_write_ex already defined in libcrypto.lib(libcrypto-1_1-x64.dll); second definition ignored
libcrypto_static.lib(bio_meth.obj) : warning LNK4006: BIO_meth_get_read already defined in libcrypto.lib(libcrypto-1_1-x64.dll); second definition ignored
libcrypto_static.lib(bio_meth.obj) : warning LNK4006: BIO_meth_get_read_ex already defined in libcrypto.lib(libcrypto-1_1-x64.dll); second definition ignored
libcrypto_static.lib(bio_meth.obj) : warning LNK4006: BIO_meth_set_read already defined in libcrypto.lib(libcrypto-1_1-x64.dll); second definition ignored
libcrypto_static.lib(bio_meth.obj) : warning LNK4006: BIO_meth_set_read_ex already defined in libcrypto.lib(libcrypto-1_1-x64.dll); second definition ignored
libcrypto_static.lib(bio_meth.obj) : warning LNK4006: BIO_meth_get_puts already defined in libcrypto.lib(libcrypto-1_1-x64.dll); second definition ignored
libcrypto_static.lib(bio_meth.obj) : warning LNK4006: BIO_meth_set_puts already defined in libcrypto.lib(libcrypto-1_1-x64.dll); second definition ignored
libcrypto_static.lib(bio_meth.obj) : warning LNK4006: BIO_meth_get_gets already defined in libcrypto.lib(libcrypto-1_1-x64.dll); second definition ignored
libcrypto_static.lib(bio_meth.obj) : warning LNK4006: BIO_meth_set_gets already defined in libcrypto.lib(libcrypto-1_1-x64.dll); second definition ignored
libcrypto_static.lib(bio_meth.obj) : warning LNK4006: BIO_meth_get_ctrl already defined in libcrypto.lib(libcrypto-1_1-x64.dll); second definition ignored
libcrypto_static.lib(bio_meth.obj) : warning LNK4006: BIO_meth_set_ctrl already defined in libcrypto.lib(libcrypto-1_1-x64.dll); second definition ignored
libcrypto_static.lib(bio_meth.obj) : warning LNK4006: BIO_meth_get_create already defined in libcrypto.lib(libcrypto-1_1-x64.dll); second definition ignored
libcrypto_static.lib(bio_meth.obj) : warning LNK4006: BIO_meth_set_create already defined in libcrypto.lib(libcrypto-1_1-x64.dll); second definition ignored
libcrypto_static.lib(bio_meth.obj) : warning LNK4006: BIO_meth_get_destroy already defined in libcrypto.lib(libcrypto-1_1-x64.dll); second definition ignored
libcrypto_static.lib(bio_meth.obj) : warning LNK4006: BIO_meth_set_destroy already defined in libcrypto.lib(libcrypto-1_1-x64.dll); second definition ignored
libcrypto_static.lib(bio_meth.obj) : warning LNK4006: BIO_meth_get_callback_ctrl already defined in libcrypto.lib(libcrypto-1_1-x64.dll); second definition ignored
libcrypto_static.lib(bio_meth.obj) : warning LNK4006: BIO_meth_set_callback_ctrl already defined in libcrypto.lib(libcrypto-1_1-x64.dll); second definition ignored
libcrypto_static.lib(bss_acpt.obj) : warning LNK4006: BIO_s_accept already defined in libcrypto.lib(libcrypto-1_1-x64.dll); second definition ignored
libcrypto_static.lib(bss_acpt.obj) : warning LNK4006: BIO_new_accept already defined in libcrypto.lib(libcrypto-1_1-x64.dll); second definition ignored
libcrypto_static.lib(bss_bio.obj) : warning LNK4006: BIO_ctrl_get_write_guarantee already defined in libcrypto.lib(libcrypto-1_1-x64.dll); second definition ignored
libcrypto_static.lib(bss_bio.obj) : warning LNK4006: BIO_ctrl_get_read_request already defined in libcrypto.lib(libcrypto-1_1-x64.dll); second definition ignored
libcrypto_static.lib(bss_bio.obj) : warning LNK4006: BIO_ctrl_reset_read_request already defined in libcrypto.lib(libcrypto-1_1-x64.dll); second definition ignored
libcrypto_static.lib(bss_bio.obj) : warning LNK4006: BIO_nread0 already defined in libcrypto.lib(libcrypto-1_1-x64.dll); second definition ignored
libcrypto_static.lib(bss_bio.obj) : warning LNK4006: BIO_nread already defined in libcrypto.lib(libcrypto-1_1-x64.dll); second definition ignored
libcrypto_static.lib(bss_bio.obj) : warning LNK4006: BIO_nwrite0 already defined in libcrypto.lib(libcrypto-1_1-x64.dll); second definition ignored
libcrypto_static.lib(bss_bio.obj) : warning LNK4006: BIO_nwrite already defined in libcrypto.lib(libcrypto-1_1-x64.dll); second definition ignored
libcrypto_static.lib(bss_bio.obj) : warning LNK4006: BIO_s_bio already defined in libcrypto.lib(libcrypto-1_1-x64.dll); second definition ignored
libcrypto_static.lib(bss_bio.obj) : warning LNK4006: BIO_new_bio_pair already defined in libcrypto.lib(libcrypto-1_1-x64.dll); second definition ignored
libcrypto_static.lib(bss_conn.obj) : warning LNK4006: BIO_s_connect already defined in libcrypto.lib(libcrypto-1_1-x64.dll); second definition ignored
libcrypto_static.lib(bss_conn.obj) : warning LNK4006: BIO_new_connect already defined in libcrypto.lib(libcrypto-1_1-x64.dll); second definition ignored
libcrypto_static.lib(bss_dgram.obj) : warning LNK4006: BIO_s_datagram already defined in libcrypto.lib(libcrypto-1_1-x64.dll); second definition ignored
libcrypto_static.lib(bss_dgram.obj) : warning LNK4006: BIO_dgram_non_fatal_error already defined in libcrypto.lib(libcrypto-1_1-x64.dll); second definition ignored
libcrypto_static.lib(bss_dgram.obj) : warning LNK4006: BIO_new_dgram already defined in libcrypto.lib(libcrypto-1_1-x64.dll); second definition ignored
libcrypto_static.lib(bss_fd.obj) : warning LNK4006: BIO_s_fd already defined in libcrypto.lib(libcrypto-1_1-x64.dll); second definition ignored
libcrypto_static.lib(bss_fd.obj) : warning LNK4006: BIO_fd_should_retry already defined in libcrypto.lib(libcrypto-1_1-x64.dll); second definition ignored
libcrypto_static.lib(bss_fd.obj) : warning LNK4006: BIO_fd_non_fatal_error already defined in libcrypto.lib(libcrypto-1_1-x64.dll); second definition ignored
libcrypto_static.lib(bss_fd.obj) : warning LNK4006: BIO_new_fd already defined in libcrypto.lib(libcrypto-1_1-x64.dll); second definition ignored
libcrypto_static.lib(bss_file.obj) : warning LNK4006: BIO_s_file already defined in libcrypto.lib(libcrypto-1_1-x64.dll); second definition ignored
libcrypto_static.lib(bss_file.obj) : warning LNK4006: BIO_new_file already defined in libcrypto.lib(libcrypto-1_1-x64.dll); second definition ignored
libcrypto_static.lib(bss_file.obj) : warning LNK4006: BIO_new_fp already defined in libcrypto.lib(libcrypto-1_1-x64.dll); second definition ignored
libcrypto_static.lib(bss_log.obj) : warning LNK4006: BIO_s_log already defined in libcrypto.lib(libcrypto-1_1-x64.dll); second definition ignored
libcrypto_static.lib(bss_mem.obj) : warning LNK4006: BIO_s_mem already defined in libcrypto.lib(libcrypto-1_1-x64.dll); second definition ignored
libcrypto_static.lib(bss_mem.obj) : warning LNK4006: BIO_s_secmem already defined in libcrypto.lib(libcrypto-1_1-x64.dll); second definition ignored
libcrypto_static.lib(bss_mem.obj) : warning LNK4006: BIO_new_mem_buf already defined in libcrypto.lib(libcrypto-1_1-x64.dll); second definition ignored
libcrypto_static.lib(bss_null.obj) : warning LNK4006: BIO_s_null already defined in libcrypto.lib(libcrypto-1_1-x64.dll); second definition ignored
libcrypto_static.lib(bss_sock.obj) : warning LNK4006: BIO_s_socket already defined in libcrypto.lib(libcrypto-1_1-x64.dll); second definition ignored
libcrypto_static.lib(bss_sock.obj) : warning LNK4006: BIO_sock_should_retry already defined in libcrypto.lib(libcrypto-1_1-x64.dll); second definition ignored
libcrypto_static.lib(bss_sock.obj) : warning LNK4006: BIO_sock_non_fatal_error already defined in libcrypto.lib(libcrypto-1_1-x64.dll); second definition ignored
libcrypto_static.lib(bss_sock.obj) : warning LNK4006: BIO_new_socket already defined in libcrypto.lib(libcrypto-1_1-x64.dll); second definition ignored
libcrypto_static.lib(m_blake2b.obj) : warning LNK4006: EVP_blake2b512 already defined in libcrypto.lib(libcrypto-1_1-x64.dll); second definition ignored
libcrypto_static.lib(m_blake2s.obj) : warning LNK4006: EVP_blake2s256 already defined in libcrypto.lib(libcrypto-1_1-x64.dll); second definition ignored
libcrypto_static.lib(bn_add.obj) : warning LNK4006: BN_sub already defined in libcrypto.lib(libcrypto-1_1-x64.dll); second definition ignored
libcrypto_static.lib(bn_add.obj) : warning LNK4006: BN_usub already defined in libcrypto.lib(libcrypto-1_1-x64.dll); second definition ignored
libcrypto_static.lib(bn_add.obj) : warning LNK4006: BN_uadd already defined in libcrypto.lib(libcrypto-1_1-x64.dll); second definition ignored
libcrypto_static.lib(bn_add.obj) : warning LNK4006: BN_add already defined in libcrypto.lib(libcrypto-1_1-x64.dll); second definition ignored
libcrypto_static.lib(bn_blind.obj) : warning LNK4006: BN_BLINDING_new already defined in libcrypto.lib(libcrypto-1_1-x64.dll); second definition ignored
libcrypto_static.lib(bn_blind.obj) : warning LNK4006: BN_BLINDING_free already defined in libcrypto.lib(libcrypto-1_1-x64.dll); second definition ignored
libcrypto_static.lib(bn_blind.obj) : warning LNK4006: BN_BLINDING_update already defined in libcrypto.lib(libcrypto-1_1-x64.dll); second definition ignored
libcrypto_static.lib(bn_blind.obj) : warning LNK4006: BN_BLINDING_convert already defined in libcrypto.lib(libcrypto-1_1-x64.dll); second definition ignored
libcrypto_static.lib(bn_blind.obj) : warning LNK4006: BN_BLINDING_invert already defined in libcrypto.lib(libcrypto-1_1-x64.dll); second definition ignored
libcrypto_static.lib(bn_blind.obj) : warning LNK4006: BN_BLINDING_convert_ex already defined in libcrypto.lib(libcrypto-1_1-x64.dll); second definition ignored
libcrypto_static.lib(bn_blind.obj) : warning LNK4006: BN_BLINDING_invert_ex already defined in libcrypto.lib(libcrypto-1_1-x64.dll); second definition ignored
libcrypto_static.lib(bn_blind.obj) : warning LNK4006: BN_BLINDING_is_current_thread already defined in libcrypto.lib(libcrypto-1_1-x64.dll); second definition ignored
libcrypto_static.lib(bn_blind.obj) : warning LNK4006: BN_BLINDING_set_current_thread already defined in libcrypto.lib(libcrypto-1_1-x64.dll); second definition ignored
libcrypto_static.lib(bn_blind.obj) : warning LNK4006: BN_BLINDING_lock already defined in libcrypto.lib(libcrypto-1_1-x64.dll); second definition ignored
libcrypto_static.lib(bn_blind.obj) : warning LNK4006: BN_BLINDING_unlock already defined in libcrypto.lib(libcrypto-1_1-x64.dll); second definition ignored
libcrypto_static.lib(bn_blind.obj) : warning LNK4006: BN_BLINDING_get_flags already defined in libcrypto.lib(libcrypto-1_1-x64.dll); second definition ignored
libcrypto_static.lib(bn_blind.obj) : warning LNK4006: BN_BLINDING_set_flags already defined in libcrypto.lib(libcrypto-1_1-x64.dll); second definition ignored
libcrypto_static.lib(bn_blind.obj) : warning LNK4006: BN_BLINDING_create_param already defined in libcrypto.lib(libcrypto-1_1-x64.dll); second definition ignored
libcrypto_static.lib(bn_const.obj) : warning LNK4006: BN_get_rfc2409_prime_768 already defined in libcrypto.lib(libcrypto-1_1-x64.dll); second definition ignored
libcrypto_static.lib(bn_const.obj) : warning LNK4006: BN_get_rfc2409_prime_1024 already defined in libcrypto.lib(libcrypto-1_1-x64.dll); second definition ignored
libcrypto_static.lib(bn_const.obj) : warning LNK4006: BN_get_rfc3526_prime_1536 already defined in libcrypto.lib(libcrypto-1_1-x64.dll); second definition ignored
libcrypto_static.lib(bn_const.obj) : warning LNK4006: BN_get_rfc3526_prime_2048 already defined in libcrypto.lib(libcrypto-1_1-x64.dll); second definition ignored
libcrypto_static.lib(bn_const.obj) : warning LNK4006: BN_get_rfc3526_prime_3072 already defined in libcrypto.lib(libcrypto-1_1-x64.dll); second definition ignored
libcrypto_static.lib(bn_const.obj) : warning LNK4006: BN_get_rfc3526_prime_4096 already defined in libcrypto.lib(libcrypto-1_1-x64.dll); second definition ignored
libcrypto_static.lib(bn_const.obj) : warning LNK4006: BN_get_rfc3526_prime_6144 already defined in libcrypto.lib(libcrypto-1_1-x64.dll); second definition ignored
libcrypto_static.lib(bn_const.obj) : warning LNK4006: BN_get_rfc3526_prime_8192 already defined in libcrypto.lib(libcrypto-1_1-x64.dll); second definition ignored
libcrypto_static.lib(bn_ctx.obj) : warning LNK4006: BN_CTX_new already defined in libcrypto.lib(libcrypto-1_1-x64.dll); second definition ignored
libcrypto_static.lib(bn_ctx.obj) : warning LNK4006: BN_CTX_secure_new already defined in libcrypto.lib(libcrypto-1_1-x64.dll); second definition ignored
libcrypto_static.lib(bn_ctx.obj) : warning LNK4006: BN_CTX_free already defined in libcrypto.lib(libcrypto-1_1-x64.dll); second definition ignored
libcrypto_static.lib(bn_ctx.obj) : warning LNK4006: BN_CTX_start already defined in libcrypto.lib(libcrypto-1_1-x64.dll); second definition ignored
libcrypto_static.lib(bn_ctx.obj) : warning LNK4006: BN_CTX_get already defined in libcrypto.lib(libcrypto-1_1-x64.dll); second definition ignored
libcrypto_static.lib(bn_ctx.obj) : warning LNK4006: BN_CTX_end already defined in libcrypto.lib(libcrypto-1_1-x64.dll); second definition ignored
libcrypto_static.lib(bn_depr.obj) : warning LNK4006: BN_generate_prime already defined in libcrypto.lib(libcrypto-1_1-x64.dll); second definition ignored
libcrypto_static.lib(bn_depr.obj) : warning LNK4006: BN_is_prime already defined in libcrypto.lib(libcrypto-1_1-x64.dll); second definition ignored
libcrypto_static.lib(bn_depr.obj) : warning LNK4006: BN_is_prime_fasttest already defined in libcrypto.lib(libcrypto-1_1-x64.dll); second definition ignored
libcrypto_static.lib(bn_div.obj) : warning LNK4006: BN_div already defined in libcrypto.lib(libcrypto-1_1-x64.dll); second definition ignored
libcrypto_static.lib(bn_err.obj) : warning LNK4006: ERR_load_BN_strings already defined in libcrypto.lib(libcrypto-1_1-x64.dll); second definition ignored
libcrypto_static.lib(bn_exp.obj) : warning LNK4006: BN_exp already defined in libcrypto.lib(libcrypto-1_1-x64.dll); second definition ignored
libcrypto_static.lib(bn_exp.obj) : warning LNK4006: BN_mod_exp already defined in libcrypto.lib(libcrypto-1_1-x64.dll); second definition ignored
libcrypto_static.lib(bn_exp.obj) : warning LNK4006: BN_mod_exp_mont already defined in libcrypto.lib(libcrypto-1_1-x64.dll); second definition ignored
libcrypto_static.lib(bn_exp.obj) : warning LNK4006: BN_mod_exp_mont_consttime already defined in libcrypto.lib(libcrypto-1_1-x64.dll); second definition ignored
libcrypto_static.lib(bn_exp.obj) : warning LNK4006: BN_mod_exp_mont_word already defined in libcrypto.lib(libcrypto-1_1-x64.dll); second definition ignored
libcrypto_static.lib(bn_exp.obj) : warning LNK4006: BN_mod_exp_simple already defined in libcrypto.lib(libcrypto-1_1-x64.dll); second definition ignored
libcrypto_static.lib(bn_exp.obj) : warning LNK4006: BN_mod_exp_recp already defined in libcrypto.lib(libcrypto-1_1-x64.dll); second definition ignored
libcrypto_static.lib(bn_exp2.obj) : warning LNK4006: BN_mod_exp2_mont already defined in libcrypto.lib(libcrypto-1_1-x64.dll); second definition ignored
libcrypto_static.lib(bn_gcd.obj) : warning LNK4006: BN_gcd already defined in libcrypto.lib(libcrypto-1_1-x64.dll); second definition ignored
libcrypto_static.lib(bn_gcd.obj) : warning LNK4006: BN_mod_inverse already defined in libcrypto.lib(libcrypto-1_1-x64.dll); second definition ignored
libcrypto_static.lib(bn_gf2m.obj) : warning LNK4006: BN_GF2m_add already defined in libcrypto.lib(libcrypto-1_1-x64.dll); second definition ignored
libcrypto_static.lib(bn_gf2m.obj) : warning LNK4006: BN_GF2m_mod already defined in libcrypto.lib(libcrypto-1_1-x64.dll); second definition ignored
libcrypto_static.lib(bn_gf2m.obj) : warning LNK4006: BN_GF2m_mod_mul already defined in libcrypto.lib(libcrypto-1_1-x64.dll); second definition ignored
libcrypto_static.lib(bn_gf2m.obj) : warning LNK4006: BN_GF2m_mod_sqr already defined in libcrypto.lib(libcrypto-1_1-x64.dll); second definition ignored
libcrypto_static.lib(bn_gf2m.obj) : warning LNK4006: BN_GF2m_mod_inv already defined in libcrypto.lib(libcrypto-1_1-x64.dll); second definition ignored
libcrypto_static.lib(bn_gf2m.obj) : warning LNK4006: BN_GF2m_mod_div already defined in libcrypto.lib(libcrypto-1_1-x64.dll); second definition ignored
libcrypto_static.lib(bn_gf2m.obj) : warning LNK4006: BN_GF2m_mod_exp already defined in libcrypto.lib(libcrypto-1_1-x64.dll); second definition ignored
libcrypto_static.lib(bn_gf2m.obj) : warning LNK4006: BN_GF2m_mod_sqrt already defined in libcrypto.lib(libcrypto-1_1-x64.dll); second definition ignored
libcrypto_static.lib(bn_gf2m.obj) : warning LNK4006: BN_GF2m_mod_solve_quad already defined in libcrypto.lib(libcrypto-1_1-x64.dll); second definition ignored
libcrypto_static.lib(bn_gf2m.obj) : warning LNK4006: BN_GF2m_mod_arr already defined in libcrypto.lib(libcrypto-1_1-x64.dll); second definition ignored
libcrypto_static.lib(bn_gf2m.obj) : warning LNK4006: BN_GF2m_mod_mul_arr already defined in libcrypto.lib(libcrypto-1_1-x64.dll); second definition ignored
libcrypto_static.lib(bn_gf2m.obj) : warning LNK4006: BN_GF2m_mod_sqr_arr already defined in libcrypto.lib(libcrypto-1_1-x64.dll); second definition ignored
libcrypto_static.lib(bn_gf2m.obj) : warning LNK4006: BN_GF2m_mod_inv_arr already defined in libcrypto.lib(libcrypto-1_1-x64.dll); second definition ignored
libcrypto_static.lib(bn_gf2m.obj) : warning LNK4006: BN_GF2m_mod_div_arr already defined in libcrypto.lib(libcrypto-1_1-x64.dll); second definition ignored
libcrypto_static.lib(bn_gf2m.obj) : warning LNK4006: BN_GF2m_mod_exp_arr already defined in libcrypto.lib(libcrypto-1_1-x64.dll); second definition ignored
libcrypto_static.lib(bn_gf2m.obj) : warning LNK4006: BN_GF2m_mod_sqrt_arr already defined in libcrypto.lib(libcrypto-1_1-x64.dll); second definition ignored
libcrypto_static.lib(bn_gf2m.obj) : warning LNK4006: BN_GF2m_mod_solve_quad_arr already defined in libcrypto.lib(libcrypto-1_1-x64.dll); second definition ignored
libcrypto_static.lib(bn_gf2m.obj) : warning LNK4006: BN_GF2m_poly2arr already defined in libcrypto.lib(libcrypto-1_1-x64.dll); second definition ignored
libcrypto_static.lib(bn_gf2m.obj) : warning LNK4006: BN_GF2m_arr2poly already defined in libcrypto.lib(libcrypto-1_1-x64.dll); second definition ignored
libcrypto_static.lib(bn_kron.obj) : warning LNK4006: BN_kronecker already defined in libcrypto.lib(libcrypto-1_1-x64.dll); second definition ignored
libcrypto_static.lib(bn_lib.obj) : warning LNK4006: BN_set_flags already defined in libcrypto.lib(libcrypto-1_1-x64.dll); second definition ignored
libcrypto_static.lib(bn_lib.obj) : warning LNK4006: BN_get_flags already defined in libcrypto.lib(libcrypto-1_1-x64.dll); second definition ignored
libcrypto_static.lib(bn_lib.obj) : warning LNK4006: BN_with_flags already defined in libcrypto.lib(libcrypto-1_1-x64.dll); second definition ignored
libcrypto_static.lib(bn_lib.obj) : warning LNK4006: BN_GENCB_new already defined in libcrypto.lib(libcrypto-1_1-x64.dll); second definition ignored
libcrypto_static.lib(bn_lib.obj) : warning LNK4006: BN_GENCB_free already defined in libcrypto.lib(libcrypto-1_1-x64.dll); second definition ignored
libcrypto_static.lib(bn_lib.obj) : warning LNK4006: BN_GENCB_set_old already defined in libcrypto.lib(libcrypto-1_1-x64.dll); second definition ignored
libcrypto_static.lib(bn_lib.obj) : warning LNK4006: BN_GENCB_set already defined in libcrypto.lib(libcrypto-1_1-x64.dll); second definition ignored
libcrypto_static.lib(bn_lib.obj) : warning LNK4006: BN_GENCB_get_arg already defined in libcrypto.lib(libcrypto-1_1-x64.dll); second definition ignored
libcrypto_static.lib(bn_lib.obj) : warning LNK4006: BN_abs_is_word already defined in libcrypto.lib(libcrypto-1_1-x64.dll); second definition ignored
libcrypto_static.lib(bn_lib.obj) : warning LNK4006: BN_is_zero already defined in libcrypto.lib(libcrypto-1_1-x64.dll); second definition ignored
libcrypto_static.lib(bn_lib.obj) : warning LNK4006: BN_is_one already defined in libcrypto.lib(libcrypto-1_1-x64.dll); second definition ignored
libcrypto_static.lib(bn_lib.obj) : warning LNK4006: BN_is_word already defined in libcrypto.lib(libcrypto-1_1-x64.dll); second definition ignored
libcrypto_static.lib(bn_lib.obj) : warning LNK4006: BN_is_odd already defined in libcrypto.lib(libcrypto-1_1-x64.dll); second definition ignored
libcrypto_static.lib(bn_lib.obj) : warning LNK4006: BN_zero_ex already defined in libcrypto.lib(libcrypto-1_1-x64.dll); second definition ignored
libcrypto_static.lib(bn_lib.obj) : warning LNK4006: BN_value_one already defined in libcrypto.lib(libcrypto-1_1-x64.dll); second definition ignored
libcrypto_static.lib(bn_lib.obj) : warning LNK4006: BN_num_bits already defined in libcrypto.lib(libcrypto-1_1-x64.dll); second definition ignored
libcrypto_static.lib(bn_lib.obj) : warning LNK4006: BN_num_bits_word already defined in libcrypto.lib(libcrypto-1_1-x64.dll); second definition ignored
libcrypto_static.lib(bn_lib.obj) : warning LNK4006: BN_security_bits already defined in libcrypto.lib(libcrypto-1_1-x64.dll); second definition ignored
libcrypto_static.lib(bn_lib.obj) : warning LNK4006: BN_new already defined in libcrypto.lib(libcrypto-1_1-x64.dll); second definition ignored
libcrypto_static.lib(bn_lib.obj) : warning LNK4006: BN_secure_new already defined in libcrypto.lib(libcrypto-1_1-x64.dll); second definition ignored
libcrypto_static.lib(bn_lib.obj) : warning LNK4006: BN_clear_free already defined in libcrypto.lib(libcrypto-1_1-x64.dll); second definition ignored
libcrypto_static.lib(bn_lib.obj) : warning LNK4006: BN_copy already defined in libcrypto.lib(libcrypto-1_1-x64.dll); second definition ignored
libcrypto_static.lib(bn_lib.obj) : warning LNK4006: BN_swap already defined in libcrypto.lib(libcrypto-1_1-x64.dll); second definition ignored
libcrypto_static.lib(bn_lib.obj) : warning LNK4006: BN_bin2bn already defined in libcrypto.lib(libcrypto-1_1-x64.dll); second definition ignored
libcrypto_static.lib(bn_lib.obj) : warning LNK4006: BN_bn2bin already defined in libcrypto.lib(libcrypto-1_1-x64.dll); second definition ignored
libcrypto_static.lib(bn_lib.obj) : warning LNK4006: BN_bn2binpad already defined in libcrypto.lib(libcrypto-1_1-x64.dll); second definition ignored
libcrypto_static.lib(bn_lib.obj) : warning LNK4006: BN_lebin2bn already defined in libcrypto.lib(libcrypto-1_1-x64.dll); second definition ignored
libcrypto_static.lib(bn_lib.obj) : warning LNK4006: BN_bn2lebinpad already defined in libcrypto.lib(libcrypto-1_1-x64.dll); second definition ignored
libcrypto_static.lib(bn_lib.obj) : warning LNK4006: BN_set_negative already defined in libcrypto.lib(libcrypto-1_1-x64.dll); second definition ignored
libcrypto_static.lib(bn_lib.obj) : warning LNK4006: BN_is_negative already defined in libcrypto.lib(libcrypto-1_1-x64.dll); second definition ignored
libcrypto_static.lib(bn_lib.obj) : warning LNK4006: BN_set_word already defined in libcrypto.lib(libcrypto-1_1-x64.dll); second definition ignored
libcrypto_static.lib(bn_lib.obj) : warning LNK4006: BN_get_word already defined in libcrypto.lib(libcrypto-1_1-x64.dll); second definition ignored
libcrypto_static.lib(bn_lib.obj) : warning LNK4006: BN_cmp already defined in libcrypto.lib(libcrypto-1_1-x64.dll); second definition ignored
libcrypto_static.lib(bn_lib.obj) : warning LNK4006: BN_free already defined in libcrypto.lib(libcrypto-1_1-x64.dll); second definition ignored
libcrypto_static.lib(bn_lib.obj) : warning LNK4006: BN_is_bit_set already defined in libcrypto.lib(libcrypto-1_1-x64.dll); second definition ignored
libcrypto_static.lib(bn_lib.obj) : warning LNK4006: BN_mask_bits already defined in libcrypto.lib(libcrypto-1_1-x64.dll); second definition ignored
libcrypto_static.lib(bn_lib.obj) : warning LNK4006: BN_clear already defined in libcrypto.lib(libcrypto-1_1-x64.dll); second definition ignored
libcrypto_static.lib(bn_lib.obj) : warning LNK4006: BN_dup already defined in libcrypto.lib(libcrypto-1_1-x64.dll); second definition ignored
libcrypto_static.lib(bn_lib.obj) : warning LNK4006: BN_ucmp already defined in libcrypto.lib(libcrypto-1_1-x64.dll); second definition ignored
libcrypto_static.lib(bn_lib.obj) : warning LNK4006: BN_set_bit already defined in libcrypto.lib(libcrypto-1_1-x64.dll); second definition ignored
libcrypto_static.lib(bn_lib.obj) : warning LNK4006: BN_clear_bit already defined in libcrypto.lib(libcrypto-1_1-x64.dll); second definition ignored
libcrypto_static.lib(bn_lib.obj) : warning LNK4006: BN_consttime_swap already defined in libcrypto.lib(libcrypto-1_1-x64.dll); second definition ignored
libcrypto_static.lib(bn_lib.obj) : warning LNK4006: BN_to_montgomery already defined in libcrypto.lib(libcrypto-1_1-x64.dll); second definition ignored
libcrypto_static.lib(bn_lib.obj) : warning LNK4006: BN_set_params already defined in libcrypto.lib(libcrypto-1_1-x64.dll); second definition ignored
libcrypto_static.lib(bn_lib.obj) : warning LNK4006: BN_get_params already defined in libcrypto.lib(libcrypto-1_1-x64.dll); second definition ignored
libcrypto_static.lib(bn_mod.obj) : warning LNK4006: BN_nnmod already defined in libcrypto.lib(libcrypto-1_1-x64.dll); second definition ignored
libcrypto_static.lib(bn_mod.obj) : warning LNK4006: BN_mod_add already defined in libcrypto.lib(libcrypto-1_1-x64.dll); second definition ignored
libcrypto_static.lib(bn_mod.obj) : warning LNK4006: BN_mod_add_quick already defined in libcrypto.lib(libcrypto-1_1-x64.dll); second definition ignored
libcrypto_static.lib(bn_mod.obj) : warning LNK4006: BN_mod_sub already defined in libcrypto.lib(libcrypto-1_1-x64.dll); second definition ignored
libcrypto_static.lib(bn_mod.obj) : warning LNK4006: BN_mod_sub_quick already defined in libcrypto.lib(libcrypto-1_1-x64.dll); second definition ignored
libcrypto_static.lib(bn_mod.obj) : warning LNK4006: BN_mod_mul already defined in libcrypto.lib(libcrypto-1_1-x64.dll); second definition ignored
libcrypto_static.lib(bn_mod.obj) : warning LNK4006: BN_mod_sqr already defined in libcrypto.lib(libcrypto-1_1-x64.dll); second definition ignored
libcrypto_static.lib(bn_mod.obj) : warning LNK4006: BN_mod_lshift1 already defined in libcrypto.lib(libcrypto-1_1-x64.dll); second definition ignored
libcrypto_static.lib(bn_mod.obj) : warning LNK4006: BN_mod_lshift1_quick already defined in libcrypto.lib(libcrypto-1_1-x64.dll); second definition ignored
libcrypto_static.lib(bn_mod.obj) : warning LNK4006: BN_mod_lshift already defined in libcrypto.lib(libcrypto-1_1-x64.dll); second definition ignored
libcrypto_static.lib(bn_mod.obj) : warning LNK4006: BN_mod_lshift_quick already defined in libcrypto.lib(libcrypto-1_1-x64.dll); second definition ignored
libcrypto_static.lib(bn_mont.obj) : warning LNK4006: BN_MONT_CTX_new already defined in libcrypto.lib(libcrypto-1_1-x64.dll); second definition ignored
libcrypto_static.lib(bn_mont.obj) : warning LNK4006: BN_mod_mul_montgomery already defined in libcrypto.lib(libcrypto-1_1-x64.dll); second definition ignored
libcrypto_static.lib(bn_mont.obj) : warning LNK4006: BN_from_montgomery already defined in libcrypto.lib(libcrypto-1_1-x64.dll); second definition ignored
libcrypto_static.lib(bn_mont.obj) : warning LNK4006: BN_MONT_CTX_free already defined in libcrypto.lib(libcrypto-1_1-x64.dll); second definition ignored
libcrypto_static.lib(bn_mont.obj) : warning LNK4006: BN_MONT_CTX_set already defined in libcrypto.lib(libcrypto-1_1-x64.dll); second definition ignored
libcrypto_static.lib(bn_mont.obj) : warning LNK4006: BN_MONT_CTX_copy already defined in libcrypto.lib(libcrypto-1_1-x64.dll); second definition ignored
libcrypto_static.lib(bn_mont.obj) : warning LNK4006: BN_MONT_CTX_set_locked already defined in libcrypto.lib(libcrypto-1_1-x64.dll); second definition ignored
libcrypto_static.lib(bn_mpi.obj) : warning LNK4006: BN_mpi2bn already defined in libcrypto.lib(libcrypto-1_1-x64.dll); second definition ignored
libcrypto_static.lib(bn_mpi.obj) : warning LNK4006: BN_bn2mpi already defined in libcrypto.lib(libcrypto-1_1-x64.dll); second definition ignored
libcrypto_static.lib(bn_mul.obj) : warning LNK4006: BN_mul already defined in libcrypto.lib(libcrypto-1_1-x64.dll); second definition ignored
libcrypto_static.lib(bn_nist.obj) : warning LNK4006: BN_nist_mod_192 already defined in libcrypto.lib(libcrypto-1_1-x64.dll); second definition ignored
libcrypto_static.lib(bn_nist.obj) : warning LNK4006: BN_nist_mod_224 already defined in libcrypto.lib(libcrypto-1_1-x64.dll); second definition ignored
libcrypto_static.lib(bn_nist.obj) : warning LNK4006: BN_nist_mod_256 already defined in libcrypto.lib(libcrypto-1_1-x64.dll); second definition ignored
libcrypto_static.lib(bn_nist.obj) : warning LNK4006: BN_nist_mod_384 already defined in libcrypto.lib(libcrypto-1_1-x64.dll); second definition ignored
libcrypto_static.lib(bn_nist.obj) : warning LNK4006: BN_nist_mod_521 already defined in libcrypto.lib(libcrypto-1_1-x64.dll); second definition ignored
libcrypto_static.lib(bn_nist.obj) : warning LNK4006: BN_get0_nist_prime_192 already defined in libcrypto.lib(libcrypto-1_1-x64.dll); second definition ignored
libcrypto_static.lib(bn_nist.obj) : warning LNK4006: BN_get0_nist_prime_224 already defined in libcrypto.lib(libcrypto-1_1-x64.dll); second definition ignored
libcrypto_static.lib(bn_nist.obj) : warning LNK4006: BN_get0_nist_prime_256 already defined in libcrypto.lib(libcrypto-1_1-x64.dll); second definition ignored
libcrypto_static.lib(bn_nist.obj) : warning LNK4006: BN_get0_nist_prime_384 already defined in libcrypto.lib(libcrypto-1_1-x64.dll); second definition ignored
libcrypto_static.lib(bn_nist.obj) : warning LNK4006: BN_get0_nist_prime_521 already defined in libcrypto.lib(libcrypto-1_1-x64.dll); second definition ignored
libcrypto_static.lib(bn_nist.obj) : warning LNK4006: BN_nist_mod_func already defined in libcrypto.lib(libcrypto-1_1-x64.dll); second definition ignored
libcrypto_static.lib(bn_prime.obj) : warning LNK4006: BN_GENCB_call already defined in libcrypto.lib(libcrypto-1_1-x64.dll); second definition ignored
libcrypto_static.lib(bn_prime.obj) : warning LNK4006: BN_generate_prime_ex already defined in libcrypto.lib(libcrypto-1_1-x64.dll); second definition ignored
libcrypto_static.lib(bn_prime.obj) : warning LNK4006: BN_is_prime_ex already defined in libcrypto.lib(libcrypto-1_1-x64.dll); second definition ignored
libcrypto_static.lib(bn_prime.obj) : warning LNK4006: BN_is_prime_fasttest_ex already defined in libcrypto.lib(libcrypto-1_1-x64.dll); second definition ignored
libcrypto_static.lib(bn_print.obj) : warning LNK4006: BN_options already defined in libcrypto.lib(libcrypto-1_1-x64.dll); second definition ignored
libcrypto_static.lib(bn_print.obj) : warning LNK4006: BN_print_fp already defined in libcrypto.lib(libcrypto-1_1-x64.dll); second definition ignored
libcrypto_static.lib(bn_print.obj) : warning LNK4006: BN_print already defined in libcrypto.lib(libcrypto-1_1-x64.dll); second definition ignored
libcrypto_static.lib(bn_print.obj) : warning LNK4006: BN_bn2hex already defined in libcrypto.lib(libcrypto-1_1-x64.dll); second definition ignored
libcrypto_static.lib(bn_print.obj) : warning LNK4006: BN_bn2dec already defined in libcrypto.lib(libcrypto-1_1-x64.dll); second definition ignored
libcrypto_static.lib(bn_print.obj) : warning LNK4006: BN_hex2bn already defined in libcrypto.lib(libcrypto-1_1-x64.dll); second definition ignored
libcrypto_static.lib(bn_print.obj) : warning LNK4006: BN_dec2bn already defined in libcrypto.lib(libcrypto-1_1-x64.dll); second definition ignored
libcrypto_static.lib(bn_print.obj) : warning LNK4006: BN_asc2bn already defined in libcrypto.lib(libcrypto-1_1-x64.dll); second definition ignored
libcrypto_static.lib(bn_rand.obj) : warning LNK4006: BN_rand already defined in libcrypto.lib(libcrypto-1_1-x64.dll); second definition ignored
libcrypto_static.lib(bn_rand.obj) : warning LNK4006: BN_priv_rand already defined in libcrypto.lib(libcrypto-1_1-x64.dll); second definition ignored
libcrypto_static.lib(bn_rand.obj) : warning LNK4006: BN_rand_range already defined in libcrypto.lib(libcrypto-1_1-x64.dll); second definition ignored
libcrypto_static.lib(bn_rand.obj) : warning LNK4006: BN_priv_rand_range already defined in libcrypto.lib(libcrypto-1_1-x64.dll); second definition ignored
libcrypto_static.lib(bn_rand.obj) : warning LNK4006: BN_pseudo_rand already defined in libcrypto.lib(libcrypto-1_1-x64.dll); second definition ignored
libcrypto_static.lib(bn_rand.obj) : warning LNK4006: BN_pseudo_rand_range already defined in libcrypto.lib(libcrypto-1_1-x64.dll); second definition ignored
libcrypto_static.lib(bn_rand.obj) : warning LNK4006: BN_generate_dsa_nonce already defined in libcrypto.lib(libcrypto-1_1-x64.dll); second definition ignored
libcrypto_static.lib(bn_rand.obj) : warning LNK4006: BN_bntest_rand already defined in libcrypto.lib(libcrypto-1_1-x64.dll); second definition ignored
libcrypto_static.lib(bn_recp.obj) : warning LNK4006: BN_reciprocal already defined in libcrypto.lib(libcrypto-1_1-x64.dll); second definition ignored
libcrypto_static.lib(bn_recp.obj) : warning LNK4006: BN_RECP_CTX_new already defined in libcrypto.lib(libcrypto-1_1-x64.dll); second definition ignored
libcrypto_static.lib(bn_recp.obj) : warning LNK4006: BN_RECP_CTX_free already defined in libcrypto.lib(libcrypto-1_1-x64.dll); second definition ignored
libcrypto_static.lib(bn_recp.obj) : warning LNK4006: BN_RECP_CTX_set already defined in libcrypto.lib(libcrypto-1_1-x64.dll); second definition ignored
libcrypto_static.lib(bn_recp.obj) : warning LNK4006: BN_mod_mul_reciprocal already defined in libcrypto.lib(libcrypto-1_1-x64.dll); second definition ignored
libcrypto_static.lib(bn_recp.obj) : warning LNK4006: BN_div_recp already defined in libcrypto.lib(libcrypto-1_1-x64.dll); second definition ignored
libcrypto_static.lib(bn_shift.obj) : warning LNK4006: BN_lshift already defined in libcrypto.lib(libcrypto-1_1-x64.dll); second definition ignored
libcrypto_static.lib(bn_shift.obj) : warning LNK4006: BN_lshift1 already defined in libcrypto.lib(libcrypto-1_1-x64.dll); second definition ignored
libcrypto_static.lib(bn_shift.obj) : warning LNK4006: BN_rshift already defined in libcrypto.lib(libcrypto-1_1-x64.dll); second definition ignored
libcrypto_static.lib(bn_shift.obj) : warning LNK4006: BN_rshift1 already defined in libcrypto.lib(libcrypto-1_1-x64.dll); second definition ignored
libcrypto_static.lib(bn_sqr.obj) : warning LNK4006: BN_sqr already defined in libcrypto.lib(libcrypto-1_1-x64.dll); second definition ignored
libcrypto_static.lib(bn_sqrt.obj) : warning LNK4006: BN_mod_sqrt already defined in libcrypto.lib(libcrypto-1_1-x64.dll); second definition ignored
libcrypto_static.lib(bn_word.obj) : warning LNK4006: BN_mod_word already defined in libcrypto.lib(libcrypto-1_1-x64.dll); second definition ignored
libcrypto_static.lib(bn_word.obj) : warning LNK4006: BN_div_word already defined in libcrypto.lib(libcrypto-1_1-x64.dll); second definition ignored
libcrypto_static.lib(bn_word.obj) : warning LNK4006: BN_mul_word already defined in libcrypto.lib(libcrypto-1_1-x64.dll); second definition ignored
libcrypto_static.lib(bn_word.obj) : warning LNK4006: BN_add_word already defined in libcrypto.lib(libcrypto-1_1-x64.dll); second definition ignored
libcrypto_static.lib(bn_word.obj) : warning LNK4006: BN_sub_word already defined in libcrypto.lib(libcrypto-1_1-x64.dll); second definition ignored
libcrypto_static.lib(bn_x931p.obj) : warning LNK4006: BN_X931_generate_Xpq already defined in libcrypto.lib(libcrypto-1_1-x64.dll); second definition ignored
libcrypto_static.lib(bn_x931p.obj) : warning LNK4006: BN_X931_derive_prime_ex already defined in libcrypto.lib(libcrypto-1_1-x64.dll); second definition ignored
libcrypto_static.lib(bn_x931p.obj) : warning LNK4006: BN_X931_generate_prime_ex already defined in libcrypto.lib(libcrypto-1_1-x64.dll); second definition ignored
libcrypto_static.lib(buf_err.obj) : warning LNK4006: ERR_load_BUF_strings already defined in libcrypto.lib(libcrypto-1_1-x64.dll); second definition ignored
libcrypto_static.lib(buffer.obj) : warning LNK4006: BUF_MEM_new already defined in libcrypto.lib(libcrypto-1_1-x64.dll); second definition ignored
libcrypto_static.lib(buffer.obj) : warning LNK4006: BUF_MEM_new_ex already defined in libcrypto.lib(libcrypto-1_1-x64.dll); second definition ignored
libcrypto_static.lib(buffer.obj) : warning LNK4006: BUF_MEM_free already defined in libcrypto.lib(libcrypto-1_1-x64.dll); second definition ignored
libcrypto_static.lib(buffer.obj) : warning LNK4006: BUF_MEM_grow already defined in libcrypto.lib(libcrypto-1_1-x64.dll); second definition ignored
libcrypto_static.lib(buffer.obj) : warning LNK4006: BUF_MEM_grow_clean already defined in libcrypto.lib(libcrypto-1_1-x64.dll); second definition ignored
libcrypto_static.lib(buffer.obj) : warning LNK4006: BUF_reverse already defined in libcrypto.lib(libcrypto-1_1-x64.dll); second definition ignored
libcrypto_static.lib(cmll-x86_64.obj) : warning LNK4006: Camellia_cbc_encrypt already defined in libcrypto.lib(libcrypto-1_1-x64.dll); second definition ignored
libcrypto_static.lib(cmll_cfb.obj) : warning LNK4006: Camellia_cfb128_encrypt already defined in libcrypto.lib(libcrypto-1_1-x64.dll); second definition ignored
libcrypto_static.lib(cmll_cfb.obj) : warning LNK4006: Camellia_cfb1_encrypt already defined in libcrypto.lib(libcrypto-1_1-x64.dll); second definition ignored
libcrypto_static.lib(cmll_cfb.obj) : warning LNK4006: Camellia_cfb8_encrypt already defined in libcrypto.lib(libcrypto-1_1-x64.dll); second definition ignored
libcrypto_static.lib(cmll_ctr.obj) : warning LNK4006: Camellia_ctr128_encrypt already defined in libcrypto.lib(libcrypto-1_1-x64.dll); second definition ignored
libcrypto_static.lib(cmll_ecb.obj) : warning LNK4006: Camellia_ecb_encrypt already defined in libcrypto.lib(libcrypto-1_1-x64.dll); second definition ignored
libcrypto_static.lib(cmll_misc.obj) : warning LNK4006: Camellia_set_key already defined in libcrypto.lib(libcrypto-1_1-x64.dll); second definition ignored
libcrypto_static.lib(cmll_misc.obj) : warning LNK4006: Camellia_encrypt already defined in libcrypto.lib(libcrypto-1_1-x64.dll); second definition ignored
libcrypto_static.lib(cmll_misc.obj) : warning LNK4006: Camellia_decrypt already defined in libcrypto.lib(libcrypto-1_1-x64.dll); second definition ignored
libcrypto_static.lib(cmll_ofb.obj) : warning LNK4006: Camellia_ofb128_encrypt already defined in libcrypto.lib(libcrypto-1_1-x64.dll); second definition ignored
libcrypto_static.lib(c_cfb64.obj) : warning LNK4006: CAST_cfb64_encrypt already defined in libcrypto.lib(libcrypto-1_1-x64.dll); second definition ignored
libcrypto_static.lib(c_ecb.obj) : warning LNK4006: CAST_ecb_encrypt already defined in libcrypto.lib(libcrypto-1_1-x64.dll); second definition ignored
libcrypto_static.lib(c_enc.obj) : warning LNK4006: CAST_encrypt already defined in libcrypto.lib(libcrypto-1_1-x64.dll); second definition ignored
libcrypto_static.lib(c_enc.obj) : warning LNK4006: CAST_decrypt already defined in libcrypto.lib(libcrypto-1_1-x64.dll); second definition ignored
libcrypto_static.lib(c_enc.obj) : warning LNK4006: CAST_cbc_encrypt already defined in libcrypto.lib(libcrypto-1_1-x64.dll); second definition ignored
libcrypto_static.lib(c_ofb64.obj) : warning LNK4006: CAST_ofb64_encrypt already defined in libcrypto.lib(libcrypto-1_1-x64.dll); second definition ignored
libcrypto_static.lib(c_skey.obj) : warning LNK4006: CAST_set_key already defined in libcrypto.lib(libcrypto-1_1-x64.dll); second definition ignored
libcrypto_static.lib(cmac.obj) : warning LNK4006: CMAC_CTX_new already defined in libcrypto.lib(libcrypto-1_1-x64.dll); second definition ignored
libcrypto_static.lib(cmac.obj) : warning LNK4006: CMAC_CTX_cleanup already defined in libcrypto.lib(libcrypto-1_1-x64.dll); second definition ignored
libcrypto_static.lib(cmac.obj) : warning LNK4006: CMAC_CTX_free already defined in libcrypto.lib(libcrypto-1_1-x64.dll); second definition ignored
libcrypto_static.lib(cmac.obj) : warning LNK4006: CMAC_CTX_get0_cipher_ctx already defined in libcrypto.lib(libcrypto-1_1-x64.dll); second definition ignored
libcrypto_static.lib(cmac.obj) : warning LNK4006: CMAC_CTX_copy already defined in libcrypto.lib(libcrypto-1_1-x64.dll); second definition ignored
libcrypto_static.lib(cmac.obj) : warning LNK4006: CMAC_Init already defined in libcrypto.lib(libcrypto-1_1-x64.dll); second definition ignored
libcrypto_static.lib(cmac.obj) : warning LNK4006: CMAC_Update already defined in libcrypto.lib(libcrypto-1_1-x64.dll); second definition ignored
libcrypto_static.lib(cmac.obj) : warning LNK4006: CMAC_Final already defined in libcrypto.lib(libcrypto-1_1-x64.dll); second definition ignored
libcrypto_static.lib(cmac.obj) : warning LNK4006: CMAC_resume already defined in libcrypto.lib(libcrypto-1_1-x64.dll); second definition ignored
libcrypto_static.lib(cms_asn1.obj) : warning LNK4006: CMS_ContentInfo_it already defined in libcrypto.lib(libcrypto-1_1-x64.dll); second definition ignored
libcrypto_static.lib(cms_asn1.obj) : warning LNK4006: CMS_ReceiptRequest_it already defined in libcrypto.lib(libcrypto-1_1-x64.dll); second definition ignored
libcrypto_static.lib(cms_asn1.obj) : warning LNK4006: CMS_SharedInfo_encode already defined in libcrypto.lib(libcrypto-1_1-x64.dll); second definition ignored
libcrypto_static.lib(cms_att.obj) : warning LNK4006: CMS_signed_get_attr_count already defined in libcrypto.lib(libcrypto-1_1-x64.dll); second definition ignored
libcrypto_static.lib(cms_att.obj) : warning LNK4006: CMS_signed_get_attr_by_NID already defined in libcrypto.lib(libcrypto-1_1-x64.dll); second definition ignored
libcrypto_static.lib(cms_att.obj) : warning LNK4006: CMS_signed_get_attr_by_OBJ already defined in libcrypto.lib(libcrypto-1_1-x64.dll); second definition ignored
libcrypto_static.lib(cms_att.obj) : warning LNK4006: CMS_signed_get_attr already defined in libcrypto.lib(libcrypto-1_1-x64.dll); second definition ignored
libcrypto_static.lib(cms_att.obj) : warning LNK4006: CMS_signed_delete_attr already defined in libcrypto.lib(libcrypto-1_1-x64.dll); second definition ignored
libcrypto_static.lib(cms_att.obj) : warning LNK4006: CMS_signed_add1_attr already defined in libcrypto.lib(libcrypto-1_1-x64.dll); second definition ignored
libcrypto_static.lib(cms_att.obj) : warning LNK4006: CMS_signed_add1_attr_by_OBJ already defined in libcrypto.lib(libcrypto-1_1-x64.dll); second definition ignored
libcrypto_static.lib(cms_att.obj) : warning LNK4006: CMS_signed_add1_attr_by_NID already defined in libcrypto.lib(libcrypto-1_1-x64.dll); second definition ignored
libcrypto_static.lib(cms_att.obj) : warning LNK4006: CMS_signed_add1_attr_by_txt already defined in libcrypto.lib(libcrypto-1_1-x64.dll); second definition ignored
libcrypto_static.lib(cms_att.obj) : warning LNK4006: CMS_signed_get0_data_by_OBJ already defined in libcrypto.lib(libcrypto-1_1-x64.dll); second definition ignored
libcrypto_static.lib(cms_att.obj) : warning LNK4006: CMS_unsigned_get_attr_count already defined in libcrypto.lib(libcrypto-1_1-x64.dll); second definition ignored
libcrypto_static.lib(cms_att.obj) : warning LNK4006: CMS_unsigned_get_attr_by_NID already defined in libcrypto.lib(libcrypto-1_1-x64.dll); second definition ignored
libcrypto_static.lib(cms_att.obj) : warning LNK4006: CMS_unsigned_get_attr_by_OBJ already defined in libcrypto.lib(libcrypto-1_1-x64.dll); second definition ignored
libcrypto_static.lib(cms_att.obj) : warning LNK4006: CMS_unsigned_get_attr already defined in libcrypto.lib(libcrypto-1_1-x64.dll); second definition ignored
libcrypto_static.lib(cms_att.obj) : warning LNK4006: CMS_unsigned_delete_attr already defined in libcrypto.lib(libcrypto-1_1-x64.dll); second definition ignored
libcrypto_static.lib(cms_att.obj) : warning LNK4006: CMS_unsigned_add1_attr already defined in libcrypto.lib(libcrypto-1_1-x64.dll); second definition ignored
libcrypto_static.lib(cms_att.obj) : warning LNK4006: CMS_unsigned_add1_attr_by_OBJ already defined in libcrypto.lib(libcrypto-1_1-x64.dll); second definition ignored
libcrypto_static.lib(cms_att.obj) : warning LNK4006: CMS_unsigned_add1_attr_by_NID already defined in libcrypto.lib(libcrypto-1_1-x64.dll); second definition ignored
libcrypto_static.lib(cms_att.obj) : warning LNK4006: CMS_unsigned_add1_attr_by_txt already defined in libcrypto.lib(libcrypto-1_1-x64.dll); second definition ignored
libcrypto_static.lib(cms_att.obj) : warning LNK4006: CMS_unsigned_get0_data_by_OBJ already defined in libcrypto.lib(libcrypto-1_1-x64.dll); second definition ignored
libcrypto_static.lib(cms_enc.obj) : warning LNK4006: CMS_EncryptedData_set1_key already defined in libcrypto.lib(libcrypto-1_1-x64.dll); second definition ignored
libcrypto_static.lib(cms_env.obj) : warning LNK4006: CMS_get0_RecipientInfos already defined in libcrypto.lib(libcrypto-1_1-x64.dll); second definition ignored
libcrypto_static.lib(cms_env.obj) : warning LNK4006: CMS_RecipientInfo_type already defined in libcrypto.lib(libcrypto-1_1-x64.dll); second definition ignored
libcrypto_static.lib(cms_env.obj) : warning LNK4006: CMS_RecipientInfo_get0_pkey_ctx already defined in libcrypto.lib(libcrypto-1_1-x64.dll); second definition ignored
libcrypto_static.lib(cms_env.obj) : warning LNK4006: CMS_EnvelopedData_create already defined in libcrypto.lib(libcrypto-1_1-x64.dll); second definition ignored
libcrypto_static.lib(cms_env.obj) : warning LNK4006: CMS_add1_recipient_cert already defined in libcrypto.lib(libcrypto-1_1-x64.dll); second definition ignored
libcrypto_static.lib(cms_env.obj) : warning LNK4006: CMS_RecipientInfo_set0_pkey already defined in libcrypto.lib(libcrypto-1_1-x64.dll); second definition ignored
libcrypto_static.lib(cms_env.obj) : warning LNK4006: CMS_RecipientInfo_ktri_cert_cmp already defined in libcrypto.lib(libcrypto-1_1-x64.dll); second definition ignored
libcrypto_static.lib(cms_env.obj) : warning LNK4006: CMS_RecipientInfo_ktri_get0_algs already defined in libcrypto.lib(libcrypto-1_1-x64.dll); second definition ignored
libcrypto_static.lib(cms_env.obj) : warning LNK4006: CMS_RecipientInfo_ktri_get0_signer_id already defined in libcrypto.lib(libcrypto-1_1-x64.dll); second definition ignored
libcrypto_static.lib(cms_env.obj) : warning LNK4006: CMS_add0_recipient_key already defined in libcrypto.lib(libcrypto-1_1-x64.dll); second definition ignored
libcrypto_static.lib(cms_env.obj) : warning LNK4006: CMS_RecipientInfo_kekri_get0_id already defined in libcrypto.lib(libcrypto-1_1-x64.dll); second definition ignored
libcrypto_static.lib(cms_env.obj) : warning LNK4006: CMS_RecipientInfo_set0_key already defined in libcrypto.lib(libcrypto-1_1-x64.dll); second definition ignored
libcrypto_static.lib(cms_env.obj) : warning LNK4006: CMS_RecipientInfo_kekri_id_cmp already defined in libcrypto.lib(libcrypto-1_1-x64.dll); second definition ignored
libcrypto_static.lib(cms_env.obj) : warning LNK4006: CMS_RecipientInfo_decrypt already defined in libcrypto.lib(libcrypto-1_1-x64.dll); second definition ignored
libcrypto_static.lib(cms_env.obj) : warning LNK4006: CMS_RecipientInfo_encrypt already defined in libcrypto.lib(libcrypto-1_1-x64.dll); second definition ignored
libcrypto_static.lib(cms_err.obj) : warning LNK4006: ERR_load_CMS_strings already defined in libcrypto.lib(libcrypto-1_1-x64.dll); second definition ignored
libcrypto_static.lib(cms_ess.obj) : warning LNK4006: CMS_ReceiptRequest_new already defined in libcrypto.lib(libcrypto-1_1-x64.dll); second definition ignored
libcrypto_static.lib(cms_ess.obj) : warning LNK4006: CMS_ReceiptRequest_free already defined in libcrypto.lib(libcrypto-1_1-x64.dll); second definition ignored
libcrypto_static.lib(cms_ess.obj) : warning LNK4006: d2i_CMS_ReceiptRequest already defined in libcrypto.lib(libcrypto-1_1-x64.dll); second definition ignored
libcrypto_static.lib(cms_ess.obj) : warning LNK4006: i2d_CMS_ReceiptRequest already defined in libcrypto.lib(libcrypto-1_1-x64.dll); second definition ignored
libcrypto_static.lib(cms_ess.obj) : warning LNK4006: CMS_get1_ReceiptRequest already defined in libcrypto.lib(libcrypto-1_1-x64.dll); second definition ignored
libcrypto_static.lib(cms_ess.obj) : warning LNK4006: CMS_ReceiptRequest_create0 already defined in libcrypto.lib(libcrypto-1_1-x64.dll); second definition ignored
libcrypto_static.lib(cms_ess.obj) : warning LNK4006: CMS_add1_ReceiptRequest already defined in libcrypto.lib(libcrypto-1_1-x64.dll); second definition ignored
libcrypto_static.lib(cms_ess.obj) : warning LNK4006: CMS_ReceiptRequest_get0_values already defined in libcrypto.lib(libcrypto-1_1-x64.dll); second definition ignored
libcrypto_static.lib(cms_io.obj) : warning LNK4006: PEM_read_bio_CMS already defined in libcrypto.lib(libcrypto-1_1-x64.dll); second definition ignored
libcrypto_static.lib(cms_io.obj) : warning LNK4006: PEM_read_CMS already defined in libcrypto.lib(libcrypto-1_1-x64.dll); second definition ignored
libcrypto_static.lib(cms_io.obj) : warning LNK4006: PEM_write_bio_CMS already defined in libcrypto.lib(libcrypto-1_1-x64.dll); second definition ignored
libcrypto_static.lib(cms_io.obj) : warning LNK4006: PEM_write_CMS already defined in libcrypto.lib(libcrypto-1_1-x64.dll); second definition ignored
libcrypto_static.lib(cms_io.obj) : warning LNK4006: CMS_stream already defined in libcrypto.lib(libcrypto-1_1-x64.dll); second definition ignored
libcrypto_static.lib(cms_io.obj) : warning LNK4006: d2i_CMS_bio already defined in libcrypto.lib(libcrypto-1_1-x64.dll); second definition ignored
libcrypto_static.lib(cms_io.obj) : warning LNK4006: i2d_CMS_bio already defined in libcrypto.lib(libcrypto-1_1-x64.dll); second definition ignored
libcrypto_static.lib(cms_io.obj) : warning LNK4006: BIO_new_CMS already defined in libcrypto.lib(libcrypto-1_1-x64.dll); second definition ignored
libcrypto_static.lib(cms_io.obj) : warning LNK4006: i2d_CMS_bio_stream already defined in libcrypto.lib(libcrypto-1_1-x64.dll); second definition ignored
libcrypto_static.lib(cms_io.obj) : warning LNK4006: PEM_write_bio_CMS_stream already defined in libcrypto.lib(libcrypto-1_1-x64.dll); second definition ignored
libcrypto_static.lib(cms_io.obj) : warning LNK4006: SMIME_read_CMS already defined in libcrypto.lib(libcrypto-1_1-x64.dll); second definition ignored
libcrypto_static.lib(cms_io.obj) : warning LNK4006: SMIME_write_CMS already defined in libcrypto.lib(libcrypto-1_1-x64.dll); second definition ignored
libcrypto_static.lib(cms_kari.obj) : warning LNK4006: CMS_RecipientInfo_kari_get0_alg already defined in libcrypto.lib(libcrypto-1_1-x64.dll); second definition ignored
libcrypto_static.lib(cms_kari.obj) : warning LNK4006: CMS_RecipientInfo_kari_get0_reks already defined in libcrypto.lib(libcrypto-1_1-x64.dll); second definition ignored
libcrypto_static.lib(cms_kari.obj) : warning LNK4006: CMS_RecipientInfo_kari_get0_orig_id already defined in libcrypto.lib(libcrypto-1_1-x64.dll); second definition ignored
libcrypto_static.lib(cms_kari.obj) : warning LNK4006: CMS_RecipientInfo_kari_orig_id_cmp already defined in libcrypto.lib(libcrypto-1_1-x64.dll); second definition ignored
libcrypto_static.lib(cms_kari.obj) : warning LNK4006: CMS_RecipientEncryptedKey_get0_id already defined in libcrypto.lib(libcrypto-1_1-x64.dll); second definition ignored
libcrypto_static.lib(cms_kari.obj) : warning LNK4006: CMS_RecipientEncryptedKey_cert_cmp already defined in libcrypto.lib(libcrypto-1_1-x64.dll); second definition ignored
libcrypto_static.lib(cms_kari.obj) : warning LNK4006: CMS_RecipientInfo_kari_set0_pkey already defined in libcrypto.lib(libcrypto-1_1-x64.dll); second definition ignored
libcrypto_static.lib(cms_kari.obj) : warning LNK4006: CMS_RecipientInfo_kari_get0_ctx already defined in libcrypto.lib(libcrypto-1_1-x64.dll); second definition ignored
libcrypto_static.lib(cms_kari.obj) : warning LNK4006: CMS_RecipientInfo_kari_decrypt already defined in libcrypto.lib(libcrypto-1_1-x64.dll); second definition ignored
libcrypto_static.lib(cms_lib.obj) : warning LNK4006: CMS_ContentInfo_new already defined in libcrypto.lib(libcrypto-1_1-x64.dll); second definition ignored
libcrypto_static.lib(cms_lib.obj) : warning LNK4006: CMS_ContentInfo_free already defined in libcrypto.lib(libcrypto-1_1-x64.dll); second definition ignored
libcrypto_static.lib(cms_lib.obj) : warning LNK4006: d2i_CMS_ContentInfo already defined in libcrypto.lib(libcrypto-1_1-x64.dll); second definition ignored
libcrypto_static.lib(cms_lib.obj) : warning LNK4006: i2d_CMS_ContentInfo already defined in libcrypto.lib(libcrypto-1_1-x64.dll); second definition ignored
libcrypto_static.lib(cms_lib.obj) : warning LNK4006: CMS_ContentInfo_print_ctx already defined in libcrypto.lib(libcrypto-1_1-x64.dll); second definition ignored
libcrypto_static.lib(cms_lib.obj) : warning LNK4006: CMS_get0_type already defined in libcrypto.lib(libcrypto-1_1-x64.dll); second definition ignored
libcrypto_static.lib(cms_lib.obj) : warning LNK4006: CMS_dataInit already defined in libcrypto.lib(libcrypto-1_1-x64.dll); second definition ignored
libcrypto_static.lib(cms_lib.obj) : warning LNK4006: CMS_dataFinal already defined in libcrypto.lib(libcrypto-1_1-x64.dll); second definition ignored
libcrypto_static.lib(cms_lib.obj) : warning LNK4006: CMS_get0_content already defined in libcrypto.lib(libcrypto-1_1-x64.dll); second definition ignored
libcrypto_static.lib(cms_lib.obj) : warning LNK4006: CMS_is_detached already defined in libcrypto.lib(libcrypto-1_1-x64.dll); second definition ignored
libcrypto_static.lib(cms_lib.obj) : warning LNK4006: CMS_set_detached already defined in libcrypto.lib(libcrypto-1_1-x64.dll); second definition ignored
libcrypto_static.lib(cms_lib.obj) : warning LNK4006: CMS_set1_eContentType already defined in libcrypto.lib(libcrypto-1_1-x64.dll); second definition ignored
libcrypto_static.lib(cms_lib.obj) : warning LNK4006: CMS_get0_eContentType already defined in libcrypto.lib(libcrypto-1_1-x64.dll); second definition ignored
libcrypto_static.lib(cms_lib.obj) : warning LNK4006: CMS_add0_CertificateChoices already defined in libcrypto.lib(libcrypto-1_1-x64.dll); second definition ignored
libcrypto_static.lib(cms_lib.obj) : warning LNK4006: CMS_add0_cert already defined in libcrypto.lib(libcrypto-1_1-x64.dll); second definition ignored
libcrypto_static.lib(cms_lib.obj) : warning LNK4006: CMS_add1_cert already defined in libcrypto.lib(libcrypto-1_1-x64.dll); second definition ignored
libcrypto_static.lib(cms_lib.obj) : warning LNK4006: CMS_get1_certs already defined in libcrypto.lib(libcrypto-1_1-x64.dll); second definition ignored
libcrypto_static.lib(cms_lib.obj) : warning LNK4006: CMS_add0_RevocationInfoChoice already defined in libcrypto.lib(libcrypto-1_1-x64.dll); second definition ignored
libcrypto_static.lib(cms_lib.obj) : warning LNK4006: CMS_add0_crl already defined in libcrypto.lib(libcrypto-1_1-x64.dll); second definition ignored
libcrypto_static.lib(cms_lib.obj) : warning LNK4006: CMS_add1_crl already defined in libcrypto.lib(libcrypto-1_1-x64.dll); second definition ignored
libcrypto_static.lib(cms_lib.obj) : warning LNK4006: CMS_get1_crls already defined in libcrypto.lib(libcrypto-1_1-x64.dll); second definition ignored
libcrypto_static.lib(cms_pwri.obj) : warning LNK4006: CMS_RecipientInfo_set0_password already defined in libcrypto.lib(libcrypto-1_1-x64.dll); second definition ignored
libcrypto_static.lib(cms_pwri.obj) : warning LNK4006: CMS_add0_recipient_password already defined in libcrypto.lib(libcrypto-1_1-x64.dll); second definition ignored
libcrypto_static.lib(cms_sd.obj) : warning LNK4006: CMS_get0_signers already defined in libcrypto.lib(libcrypto-1_1-x64.dll); second definition ignored
libcrypto_static.lib(cms_sd.obj) : warning LNK4006: CMS_SignedData_init already defined in libcrypto.lib(libcrypto-1_1-x64.dll); second definition ignored
libcrypto_static.lib(cms_sd.obj) : warning LNK4006: CMS_add1_signer already defined in libcrypto.lib(libcrypto-1_1-x64.dll); second definition ignored
libcrypto_static.lib(cms_sd.obj) : warning LNK4006: CMS_SignerInfo_get0_pkey_ctx already defined in libcrypto.lib(libcrypto-1_1-x64.dll); second definition ignored
libcrypto_static.lib(cms_sd.obj) : warning LNK4006: CMS_SignerInfo_get0_md_ctx already defined in libcrypto.lib(libcrypto-1_1-x64.dll); second definition ignored
libcrypto_static.lib(cms_sd.obj) : warning LNK4006: CMS_get0_SignerInfos already defined in libcrypto.lib(libcrypto-1_1-x64.dll); second definition ignored
libcrypto_static.lib(cms_sd.obj) : warning LNK4006: CMS_SignerInfo_set1_signer_cert already defined in libcrypto.lib(libcrypto-1_1-x64.dll); second definition ignored
libcrypto_static.lib(cms_sd.obj) : warning LNK4006: CMS_SignerInfo_get0_signer_id already defined in libcrypto.lib(libcrypto-1_1-x64.dll); second definition ignored
libcrypto_static.lib(cms_sd.obj) : warning LNK4006: CMS_SignerInfo_cert_cmp already defined in libcrypto.lib(libcrypto-1_1-x64.dll); second definition ignored
libcrypto_static.lib(cms_sd.obj) : warning LNK4006: CMS_set1_signers_certs already defined in libcrypto.lib(libcrypto-1_1-x64.dll); second definition ignored
libcrypto_static.lib(cms_sd.obj) : warning LNK4006: CMS_SignerInfo_get0_algs already defined in libcrypto.lib(libcrypto-1_1-x64.dll); second definition ignored
libcrypto_static.lib(cms_sd.obj) : warning LNK4006: CMS_SignerInfo_get0_signature already defined in libcrypto.lib(libcrypto-1_1-x64.dll); second definition ignored
libcrypto_static.lib(cms_sd.obj) : warning LNK4006: CMS_SignerInfo_sign already defined in libcrypto.lib(libcrypto-1_1-x64.dll); second definition ignored
libcrypto_static.lib(cms_sd.obj) : warning LNK4006: CMS_SignerInfo_verify already defined in libcrypto.lib(libcrypto-1_1-x64.dll); second definition ignored
libcrypto_static.lib(cms_sd.obj) : warning LNK4006: CMS_SignerInfo_verify_content already defined in libcrypto.lib(libcrypto-1_1-x64.dll); second definition ignored
libcrypto_static.lib(cms_sd.obj) : warning LNK4006: CMS_add_smimecap already defined in libcrypto.lib(libcrypto-1_1-x64.dll); second definition ignored
libcrypto_static.lib(cms_sd.obj) : warning LNK4006: CMS_add_simple_smimecap already defined in libcrypto.lib(libcrypto-1_1-x64.dll); second definition ignored
libcrypto_static.lib(cms_sd.obj) : warning LNK4006: CMS_add_standard_smimecap already defined in libcrypto.lib(libcrypto-1_1-x64.dll); second definition ignored
libcrypto_static.lib(cms_smime.obj) : warning LNK4006: CMS_final already defined in libcrypto.lib(libcrypto-1_1-x64.dll); second definition ignored
libcrypto_static.lib(cms_smime.obj) : warning LNK4006: CMS_sign already defined in libcrypto.lib(libcrypto-1_1-x64.dll); second definition ignored
libcrypto_static.lib(cms_smime.obj) : warning LNK4006: CMS_sign_receipt already defined in libcrypto.lib(libcrypto-1_1-x64.dll); second definition ignored
libcrypto_static.lib(cms_smime.obj) : warning LNK4006: CMS_data already defined in libcrypto.lib(libcrypto-1_1-x64.dll); second definition ignored
libcrypto_static.lib(cms_smime.obj) : warning LNK4006: CMS_data_create already defined in libcrypto.lib(libcrypto-1_1-x64.dll); second definition ignored
libcrypto_static.lib(cms_smime.obj) : warning LNK4006: CMS_digest_verify already defined in libcrypto.lib(libcrypto-1_1-x64.dll); second definition ignored
libcrypto_static.lib(cms_smime.obj) : warning LNK4006: CMS_digest_create already defined in libcrypto.lib(libcrypto-1_1-x64.dll); second definition ignored
libcrypto_static.lib(cms_smime.obj) : warning LNK4006: CMS_EncryptedData_decrypt already defined in libcrypto.lib(libcrypto-1_1-x64.dll); second definition ignored
libcrypto_static.lib(cms_smime.obj) : warning LNK4006: CMS_EncryptedData_encrypt already defined in libcrypto.lib(libcrypto-1_1-x64.dll); second definition ignored
libcrypto_static.lib(cms_smime.obj) : warning LNK4006: CMS_verify already defined in libcrypto.lib(libcrypto-1_1-x64.dll); second definition ignored
libcrypto_static.lib(cms_smime.obj) : warning LNK4006: CMS_verify_receipt already defined in libcrypto.lib(libcrypto-1_1-x64.dll); second definition ignored
libcrypto_static.lib(cms_smime.obj) : warning LNK4006: CMS_encrypt already defined in libcrypto.lib(libcrypto-1_1-x64.dll); second definition ignored
libcrypto_static.lib(cms_smime.obj) : warning LNK4006: CMS_decrypt already defined in libcrypto.lib(libcrypto-1_1-x64.dll); second definition ignored
libcrypto_static.lib(cms_smime.obj) : warning LNK4006: CMS_decrypt_set1_pkey already defined in libcrypto.lib(libcrypto-1_1-x64.dll); second definition ignored
libcrypto_static.lib(cms_smime.obj) : warning LNK4006: CMS_decrypt_set1_key already defined in libcrypto.lib(libcrypto-1_1-x64.dll); second definition ignored
libcrypto_static.lib(cms_smime.obj) : warning LNK4006: CMS_decrypt_set1_password already defined in libcrypto.lib(libcrypto-1_1-x64.dll); second definition ignored
libcrypto_static.lib(cms_smime.obj) : warning LNK4006: CMS_uncompress already defined in libcrypto.lib(libcrypto-1_1-x64.dll); second definition ignored
libcrypto_static.lib(cms_smime.obj) : warning LNK4006: CMS_compress already defined in libcrypto.lib(libcrypto-1_1-x64.dll); second definition ignored
libcrypto_static.lib(c_zlib.obj) : warning LNK4006: COMP_zlib already defined in libcrypto.lib(libcrypto-1_1-x64.dll); second definition ignored
libcrypto_static.lib(comp_err.obj) : warning LNK4006: ERR_load_COMP_strings already defined in libcrypto.lib(libcrypto-1_1-x64.dll); second definition ignored
libcrypto_static.lib(comp_lib.obj) : warning LNK4006: COMP_CTX_new already defined in libcrypto.lib(libcrypto-1_1-x64.dll); second definition ignored
libcrypto_static.lib(comp_lib.obj) : warning LNK4006: COMP_CTX_get_method already defined in libcrypto.lib(libcrypto-1_1-x64.dll); second definition ignored
libcrypto_static.lib(comp_lib.obj) : warning LNK4006: COMP_CTX_get_type already defined in libcrypto.lib(libcrypto-1_1-x64.dll); second definition ignored
libcrypto_static.lib(comp_lib.obj) : warning LNK4006: COMP_get_type already defined in libcrypto.lib(libcrypto-1_1-x64.dll); second definition ignored
libcrypto_static.lib(comp_lib.obj) : warning LNK4006: COMP_get_name already defined in libcrypto.lib(libcrypto-1_1-x64.dll); second definition ignored
libcrypto_static.lib(comp_lib.obj) : warning LNK4006: COMP_CTX_free already defined in libcrypto.lib(libcrypto-1_1-x64.dll); second definition ignored
libcrypto_static.lib(comp_lib.obj) : warning LNK4006: COMP_compress_block already defined in libcrypto.lib(libcrypto-1_1-x64.dll); second definition ignored
libcrypto_static.lib(comp_lib.obj) : warning LNK4006: COMP_expand_block already defined in libcrypto.lib(libcrypto-1_1-x64.dll); second definition ignored
libcrypto_static.lib(conf_def.obj) : warning LNK4006: NCONF_default already defined in libcrypto.lib(libcrypto-1_1-x64.dll); second definition ignored
libcrypto_static.lib(conf_def.obj) : warning LNK4006: NCONF_WIN32 already defined in libcrypto.lib(libcrypto-1_1-x64.dll); second definition ignored
libcrypto_static.lib(conf_err.obj) : warning LNK4006: ERR_load_CONF_strings already defined in libcrypto.lib(libcrypto-1_1-x64.dll); second definition ignored
libcrypto_static.lib(conf_lib.obj) : warning LNK4006: OPENSSL_INIT_new already defined in libcrypto.lib(libcrypto-1_1-x64.dll); second definition ignored
libcrypto_static.lib(conf_lib.obj) : warning LNK4006: OPENSSL_INIT_set_config_appname already defined in libcrypto.lib(libcrypto-1_1-x64.dll); second definition ignored
libcrypto_static.lib(conf_lib.obj) : warning LNK4006: OPENSSL_INIT_free already defined in libcrypto.lib(libcrypto-1_1-x64.dll); second definition ignored
libcrypto_static.lib(conf_lib.obj) : warning LNK4006: CONF_set_default_method already defined in libcrypto.lib(libcrypto-1_1-x64.dll); second definition ignored
libcrypto_static.lib(conf_lib.obj) : warning LNK4006: CONF_set_nconf already defined in libcrypto.lib(libcrypto-1_1-x64.dll); second definition ignored
libcrypto_static.lib(conf_lib.obj) : warning LNK4006: CONF_load already defined in libcrypto.lib(libcrypto-1_1-x64.dll); second definition ignored
libcrypto_static.lib(conf_lib.obj) : warning LNK4006: CONF_load_fp already defined in libcrypto.lib(libcrypto-1_1-x64.dll); second definition ignored
libcrypto_static.lib(conf_lib.obj) : warning LNK4006: CONF_load_bio already defined in libcrypto.lib(libcrypto-1_1-x64.dll); second definition ignored
libcrypto_static.lib(conf_lib.obj) : warning LNK4006: CONF_get_section already defined in libcrypto.lib(libcrypto-1_1-x64.dll); second definition ignored
libcrypto_static.lib(conf_lib.obj) : warning LNK4006: CONF_get_string already defined in libcrypto.lib(libcrypto-1_1-x64.dll); second definition ignored
libcrypto_static.lib(conf_lib.obj) : warning LNK4006: CONF_get_number already defined in libcrypto.lib(libcrypto-1_1-x64.dll); second definition ignored
libcrypto_static.lib(conf_lib.obj) : warning LNK4006: CONF_free already defined in libcrypto.lib(libcrypto-1_1-x64.dll); second definition ignored
libcrypto_static.lib(conf_lib.obj) : warning LNK4006: CONF_dump_fp already defined in libcrypto.lib(libcrypto-1_1-x64.dll); second definition ignored
libcrypto_static.lib(conf_lib.obj) : warning LNK4006: CONF_dump_bio already defined in libcrypto.lib(libcrypto-1_1-x64.dll); second definition ignored
libcrypto_static.lib(conf_lib.obj) : warning LNK4006: NCONF_new already defined in libcrypto.lib(libcrypto-1_1-x64.dll); second definition ignored
libcrypto_static.lib(conf_lib.obj) : warning LNK4006: NCONF_free already defined in libcrypto.lib(libcrypto-1_1-x64.dll); second definition ignored
libcrypto_static.lib(conf_lib.obj) : warning LNK4006: NCONF_free_data already defined in libcrypto.lib(libcrypto-1_1-x64.dll); second definition ignored
libcrypto_static.lib(conf_lib.obj) : warning LNK4006: NCONF_load already defined in libcrypto.lib(libcrypto-1_1-x64.dll); second definition ignored
libcrypto_static.lib(conf_lib.obj) : warning LNK4006: NCONF_load_fp already defined in libcrypto.lib(libcrypto-1_1-x64.dll); second definition ignored
libcrypto_static.lib(conf_lib.obj) : warning LNK4006: NCONF_load_bio already defined in libcrypto.lib(libcrypto-1_1-x64.dll); second definition ignored
libcrypto_static.lib(conf_lib.obj) : warning LNK4006: NCONF_get_section already defined in libcrypto.lib(libcrypto-1_1-x64.dll); second definition ignored
libcrypto_static.lib(conf_lib.obj) : warning LNK4006: NCONF_get_string already defined in libcrypto.lib(libcrypto-1_1-x64.dll); second definition ignored
libcrypto_static.lib(conf_lib.obj) : warning LNK4006: NCONF_get_number_e already defined in libcrypto.lib(libcrypto-1_1-x64.dll); second definition ignored
libcrypto_static.lib(conf_lib.obj) : warning LNK4006: NCONF_dump_fp already defined in libcrypto.lib(libcrypto-1_1-x64.dll); second definition ignored
libcrypto_static.lib(conf_lib.obj) : warning LNK4006: NCONF_dump_bio already defined in libcrypto.lib(libcrypto-1_1-x64.dll); second definition ignored
libcrypto_static.lib(conf_mall.obj) : warning LNK4006: OPENSSL_load_builtin_modules already defined in libcrypto.lib(libcrypto-1_1-x64.dll); second definition ignored
libcrypto_static.lib(conf_mod.obj) : warning LNK4006: CONF_modules_load already defined in libcrypto.lib(libcrypto-1_1-x64.dll); second definition ignored
libcrypto_static.lib(conf_mod.obj) : warning LNK4006: CONF_modules_load_file already defined in libcrypto.lib(libcrypto-1_1-x64.dll); second definition ignored
libcrypto_static.lib(conf_mod.obj) : warning LNK4006: CONF_modules_unload already defined in libcrypto.lib(libcrypto-1_1-x64.dll); second definition ignored
libcrypto_static.lib(conf_mod.obj) : warning LNK4006: CONF_modules_finish already defined in libcrypto.lib(libcrypto-1_1-x64.dll); second definition ignored
libcrypto_static.lib(conf_mod.obj) : warning LNK4006: CONF_module_add already defined in libcrypto.lib(libcrypto-1_1-x64.dll); second definition ignored
libcrypto_static.lib(conf_mod.obj) : warning LNK4006: CONF_imodule_get_name already defined in libcrypto.lib(libcrypto-1_1-x64.dll); second definition ignored
libcrypto_static.lib(conf_mod.obj) : warning LNK4006: CONF_imodule_get_value already defined in libcrypto.lib(libcrypto-1_1-x64.dll); second definition ignored
libcrypto_static.lib(conf_mod.obj) : warning LNK4006: CONF_imodule_get_usr_data already defined in libcrypto.lib(libcrypto-1_1-x64.dll); second definition ignored
libcrypto_static.lib(conf_mod.obj) : warning LNK4006: CONF_imodule_set_usr_data already defined in libcrypto.lib(libcrypto-1_1-x64.dll); second definition ignored
libcrypto_static.lib(conf_mod.obj) : warning LNK4006: CONF_imodule_get_module already defined in libcrypto.lib(libcrypto-1_1-x64.dll); second definition ignored
libcrypto_static.lib(conf_mod.obj) : warning LNK4006: CONF_imodule_get_flags already defined in libcrypto.lib(libcrypto-1_1-x64.dll); second definition ignored
libcrypto_static.lib(conf_mod.obj) : warning LNK4006: CONF_imodule_set_flags already defined in libcrypto.lib(libcrypto-1_1-x64.dll); second definition ignored
libcrypto_static.lib(conf_mod.obj) : warning LNK4006: CONF_module_get_usr_data already defined in libcrypto.lib(libcrypto-1_1-x64.dll); second definition ignored
libcrypto_static.lib(conf_mod.obj) : warning LNK4006: CONF_module_set_usr_data already defined in libcrypto.lib(libcrypto-1_1-x64.dll); second definition ignored
libcrypto_static.lib(conf_mod.obj) : warning LNK4006: CONF_get1_default_config_file already defined in libcrypto.lib(libcrypto-1_1-x64.dll); second definition ignored
libcrypto_static.lib(conf_mod.obj) : warning LNK4006: CONF_parse_list already defined in libcrypto.lib(libcrypto-1_1-x64.dll); second definition ignored
libcrypto_static.lib(conf_sap.obj) : warning LNK4006: OPENSSL_config already defined in libcrypto.lib(libcrypto-1_1-x64.dll); second definition ignored
libcrypto_static.lib(conf_ssl.obj) : warning LNK4006: conf_ssl_get already defined in libcrypto.lib(libcrypto-1_1-x64.dll); second definition ignored
libcrypto_static.lib(conf_ssl.obj) : warning LNK4006: conf_ssl_name_find already defined in libcrypto.lib(libcrypto-1_1-x64.dll); second definition ignored
libcrypto_static.lib(conf_ssl.obj) : warning LNK4006: conf_ssl_get_cmd already defined in libcrypto.lib(libcrypto-1_1-x64.dll); second definition ignored
libcrypto_static.lib(cpt_err.obj) : warning LNK4006: ERR_load_CRYPTO_strings already defined in libcrypto.lib(libcrypto-1_1-x64.dll); second definition ignored
libcrypto_static.lib(cryptlib.obj) : warning LNK4006: OPENSSL_die already defined in libcrypto.lib(libcrypto-1_1-x64.dll); second definition ignored
libcrypto_static.lib(cryptlib.obj) : warning LNK4006: OPENSSL_isservice already defined in libcrypto.lib(libcrypto-1_1-x64.dll); second definition ignored
libcrypto_static.lib(ct_b64.obj) : warning LNK4006: SCT_new_from_base64 already defined in libcrypto.lib(libcrypto-1_1-x64.dll); second definition ignored
libcrypto_static.lib(ct_b64.obj) : warning LNK4006: CTLOG_new_from_base64 already defined in libcrypto.lib(libcrypto-1_1-x64.dll); second definition ignored
libcrypto_static.lib(ct_err.obj) : warning LNK4006: ERR_load_CT_strings already defined in libcrypto.lib(libcrypto-1_1-x64.dll); second definition ignored
libcrypto_static.lib(ct_log.obj) : warning LNK4006: CTLOG_new already defined in libcrypto.lib(libcrypto-1_1-x64.dll); second definition ignored
libcrypto_static.lib(ct_log.obj) : warning LNK4006: CTLOG_free already defined in libcrypto.lib(libcrypto-1_1-x64.dll); second definition ignored
libcrypto_static.lib(ct_log.obj) : warning LNK4006: CTLOG_get0_name already defined in libcrypto.lib(libcrypto-1_1-x64.dll); second definition ignored
libcrypto_static.lib(ct_log.obj) : warning LNK4006: CTLOG_get0_log_id already defined in libcrypto.lib(libcrypto-1_1-x64.dll); second definition ignored
libcrypto_static.lib(ct_log.obj) : warning LNK4006: CTLOG_get0_public_key already defined in libcrypto.lib(libcrypto-1_1-x64.dll); second definition ignored
libcrypto_static.lib(ct_log.obj) : warning LNK4006: CTLOG_STORE_new already defined in libcrypto.lib(libcrypto-1_1-x64.dll); second definition ignored
libcrypto_static.lib(ct_log.obj) : warning LNK4006: CTLOG_STORE_free already defined in libcrypto.lib(libcrypto-1_1-x64.dll); second definition ignored
libcrypto_static.lib(ct_log.obj) : warning LNK4006: CTLOG_STORE_get0_log_by_id already defined in libcrypto.lib(libcrypto-1_1-x64.dll); second definition ignored
libcrypto_static.lib(ct_log.obj) : warning LNK4006: CTLOG_STORE_load_file already defined in libcrypto.lib(libcrypto-1_1-x64.dll); second definition ignored
libcrypto_static.lib(ct_log.obj) : warning LNK4006: CTLOG_STORE_load_default_file already defined in libcrypto.lib(libcrypto-1_1-x64.dll); second definition ignored
libcrypto_static.lib(ct_oct.obj) : warning LNK4006: i2o_SCT_LIST already defined in libcrypto.lib(libcrypto-1_1-x64.dll); second definition ignored
libcrypto_static.lib(ct_oct.obj) : warning LNK4006: o2i_SCT_LIST already defined in libcrypto.lib(libcrypto-1_1-x64.dll); second definition ignored
libcrypto_static.lib(ct_oct.obj) : warning LNK4006: i2d_SCT_LIST already defined in libcrypto.lib(libcrypto-1_1-x64.dll); second definition ignored
libcrypto_static.lib(ct_oct.obj) : warning LNK4006: d2i_SCT_LIST already defined in libcrypto.lib(libcrypto-1_1-x64.dll); second definition ignored
libcrypto_static.lib(ct_oct.obj) : warning LNK4006: i2o_SCT already defined in libcrypto.lib(libcrypto-1_1-x64.dll); second definition ignored
libcrypto_static.lib(ct_oct.obj) : warning LNK4006: o2i_SCT already defined in libcrypto.lib(libcrypto-1_1-x64.dll); second definition ignored
libcrypto_static.lib(ct_policy.obj) : warning LNK4006: CT_POLICY_EVAL_CTX_new already defined in libcrypto.lib(libcrypto-1_1-x64.dll); second definition ignored
libcrypto_static.lib(ct_policy.obj) : warning LNK4006: CT_POLICY_EVAL_CTX_free already defined in libcrypto.lib(libcrypto-1_1-x64.dll); second definition ignored
libcrypto_static.lib(ct_policy.obj) : warning LNK4006: CT_POLICY_EVAL_CTX_get0_cert already defined in libcrypto.lib(libcrypto-1_1-x64.dll); second definition ignored
libcrypto_static.lib(ct_policy.obj) : warning LNK4006: CT_POLICY_EVAL_CTX_set1_cert already defined in libcrypto.lib(libcrypto-1_1-x64.dll); second definition ignored
libcrypto_static.lib(ct_policy.obj) : warning LNK4006: CT_POLICY_EVAL_CTX_get0_issuer already defined in libcrypto.lib(libcrypto-1_1-x64.dll); second definition ignored
libcrypto_static.lib(ct_policy.obj) : warning LNK4006: CT_POLICY_EVAL_CTX_set1_issuer already defined in libcrypto.lib(libcrypto-1_1-x64.dll); second definition ignored
libcrypto_static.lib(ct_policy.obj) : warning LNK4006: CT_POLICY_EVAL_CTX_get0_log_store already defined in libcrypto.lib(libcrypto-1_1-x64.dll); second definition ignored
libcrypto_static.lib(ct_policy.obj) : warning LNK4006: CT_POLICY_EVAL_CTX_set_shared_CTLOG_STORE already defined in libcrypto.lib(libcrypto-1_1-x64.dll); second definition ignored
libcrypto_static.lib(ct_policy.obj) : warning LNK4006: CT_POLICY_EVAL_CTX_get_time already defined in libcrypto.lib(libcrypto-1_1-x64.dll); second definition ignored
libcrypto_static.lib(ct_policy.obj) : warning LNK4006: CT_POLICY_EVAL_CTX_set_time already defined in libcrypto.lib(libcrypto-1_1-x64.dll); second definition ignored
libcrypto_static.lib(ct_prn.obj) : warning LNK4006: SCT_validation_status_string already defined in libcrypto.lib(libcrypto-1_1-x64.dll); second definition ignored
libcrypto_static.lib(ct_prn.obj) : warning LNK4006: SCT_print already defined in libcrypto.lib(libcrypto-1_1-x64.dll); second definition ignored
libcrypto_static.lib(ct_prn.obj) : warning LNK4006: SCT_LIST_print already defined in libcrypto.lib(libcrypto-1_1-x64.dll); second definition ignored
libcrypto_static.lib(ct_sct.obj) : warning LNK4006: SCT_new already defined in libcrypto.lib(libcrypto-1_1-x64.dll); second definition ignored
libcrypto_static.lib(ct_sct.obj) : warning LNK4006: SCT_free already defined in libcrypto.lib(libcrypto-1_1-x64.dll); second definition ignored
libcrypto_static.lib(ct_sct.obj) : warning LNK4006: SCT_LIST_free already defined in libcrypto.lib(libcrypto-1_1-x64.dll); second definition ignored
libcrypto_static.lib(ct_sct.obj) : warning LNK4006: SCT_get_version already defined in libcrypto.lib(libcrypto-1_1-x64.dll); second definition ignored
libcrypto_static.lib(ct_sct.obj) : warning LNK4006: SCT_set_version already defined in libcrypto.lib(libcrypto-1_1-x64.dll); second definition ignored
libcrypto_static.lib(ct_sct.obj) : warning LNK4006: SCT_get_log_entry_type already defined in libcrypto.lib(libcrypto-1_1-x64.dll); second definition ignored
libcrypto_static.lib(ct_sct.obj) : warning LNK4006: SCT_set_log_entry_type already defined in libcrypto.lib(libcrypto-1_1-x64.dll); second definition ignored
libcrypto_static.lib(ct_sct.obj) : warning LNK4006: SCT_get0_log_id already defined in libcrypto.lib(libcrypto-1_1-x64.dll); second definition ignored
libcrypto_static.lib(ct_sct.obj) : warning LNK4006: SCT_set0_log_id already defined in libcrypto.lib(libcrypto-1_1-x64.dll); second definition ignored
libcrypto_static.lib(ct_sct.obj) : warning LNK4006: SCT_set1_log_id already defined in libcrypto.lib(libcrypto-1_1-x64.dll); second definition ignored
libcrypto_static.lib(ct_sct.obj) : warning LNK4006: SCT_get_timestamp already defined in libcrypto.lib(libcrypto-1_1-x64.dll); second definition ignored
libcrypto_static.lib(ct_sct.obj) : warning LNK4006: SCT_set_timestamp already defined in libcrypto.lib(libcrypto-1_1-x64.dll); second definition ignored
libcrypto_static.lib(ct_sct.obj) : warning LNK4006: SCT_get_signature_nid already defined in libcrypto.lib(libcrypto-1_1-x64.dll); second definition ignored
libcrypto_static.lib(ct_sct.obj) : warning LNK4006: SCT_set_signature_nid already defined in libcrypto.lib(libcrypto-1_1-x64.dll); second definition ignored
libcrypto_static.lib(ct_sct.obj) : warning LNK4006: SCT_get0_extensions already defined in libcrypto.lib(libcrypto-1_1-x64.dll); second definition ignored
libcrypto_static.lib(ct_sct.obj) : warning LNK4006: SCT_set0_extensions already defined in libcrypto.lib(libcrypto-1_1-x64.dll); second definition ignored
libcrypto_static.lib(ct_sct.obj) : warning LNK4006: SCT_set1_extensions already defined in libcrypto.lib(libcrypto-1_1-x64.dll); second definition ignored
libcrypto_static.lib(ct_sct.obj) : warning LNK4006: SCT_get0_signature already defined in libcrypto.lib(libcrypto-1_1-x64.dll); second definition ignored
libcrypto_static.lib(ct_sct.obj) : warning LNK4006: SCT_set0_signature already defined in libcrypto.lib(libcrypto-1_1-x64.dll); second definition ignored
libcrypto_static.lib(ct_sct.obj) : warning LNK4006: SCT_set1_signature already defined in libcrypto.lib(libcrypto-1_1-x64.dll); second definition ignored
libcrypto_static.lib(ct_sct.obj) : warning LNK4006: SCT_get_source already defined in libcrypto.lib(libcrypto-1_1-x64.dll); second definition ignored
libcrypto_static.lib(ct_sct.obj) : warning LNK4006: SCT_set_source already defined in libcrypto.lib(libcrypto-1_1-x64.dll); second definition ignored
libcrypto_static.lib(ct_sct.obj) : warning LNK4006: SCT_get_validation_status already defined in libcrypto.lib(libcrypto-1_1-x64.dll); second definition ignored
libcrypto_static.lib(ct_sct.obj) : warning LNK4006: SCT_validate already defined in libcrypto.lib(libcrypto-1_1-x64.dll); second definition ignored
libcrypto_static.lib(ct_sct.obj) : warning LNK4006: SCT_LIST_validate already defined in libcrypto.lib(libcrypto-1_1-x64.dll); second definition ignored
libcrypto_static.lib(cversion.obj) : warning LNK4006: OpenSSL_version_num already defined in libcrypto.lib(libcrypto-1_1-x64.dll); second definition ignored
libcrypto_static.lib(cversion.obj) : warning LNK4006: OpenSSL_version already defined in libcrypto.lib(libcrypto-1_1-x64.dll); second definition ignored
libcrypto_static.lib(cbc_cksm.obj) : warning LNK4006: DES_cbc_cksum already defined in libcrypto.lib(libcrypto-1_1-x64.dll); second definition ignored
libcrypto_static.lib(cbc_enc.obj) : warning LNK4006: DES_cbc_encrypt already defined in libcrypto.lib(libcrypto-1_1-x64.dll); second definition ignored
libcrypto_static.lib(cfb64ede.obj) : warning LNK4006: DES_ede3_cfb64_encrypt already defined in libcrypto.lib(libcrypto-1_1-x64.dll); second definition ignored
libcrypto_static.lib(cfb64ede.obj) : warning LNK4006: DES_ede3_cfb_encrypt already defined in libcrypto.lib(libcrypto-1_1-x64.dll); second definition ignored
libcrypto_static.lib(cfb64enc.obj) : warning LNK4006: DES_cfb64_encrypt already defined in libcrypto.lib(libcrypto-1_1-x64.dll); second definition ignored
libcrypto_static.lib(cfb_enc.obj) : warning LNK4006: DES_cfb_encrypt already defined in libcrypto.lib(libcrypto-1_1-x64.dll); second definition ignored
libcrypto_static.lib(des_enc.obj) : warning LNK4006: DES_ncbc_encrypt already defined in libcrypto.lib(libcrypto-1_1-x64.dll); second definition ignored
libcrypto_static.lib(des_enc.obj) : warning LNK4006: DES_encrypt1 already defined in libcrypto.lib(libcrypto-1_1-x64.dll); second definition ignored
libcrypto_static.lib(des_enc.obj) : warning LNK4006: DES_encrypt2 already defined in libcrypto.lib(libcrypto-1_1-x64.dll); second definition ignored
libcrypto_static.lib(des_enc.obj) : warning LNK4006: DES_encrypt3 already defined in libcrypto.lib(libcrypto-1_1-x64.dll); second definition ignored
libcrypto_static.lib(des_enc.obj) : warning LNK4006: DES_decrypt3 already defined in libcrypto.lib(libcrypto-1_1-x64.dll); second definition ignored
libcrypto_static.lib(des_enc.obj) : warning LNK4006: DES_ede3_cbc_encrypt already defined in libcrypto.lib(libcrypto-1_1-x64.dll); second definition ignored
libcrypto_static.lib(ecb3_enc.obj) : warning LNK4006: DES_ecb3_encrypt already defined in libcrypto.lib(libcrypto-1_1-x64.dll); second definition ignored
libcrypto_static.lib(ecb_enc.obj) : warning LNK4006: DES_options already defined in libcrypto.lib(libcrypto-1_1-x64.dll); second definition ignored
libcrypto_static.lib(ecb_enc.obj) : warning LNK4006: DES_ecb_encrypt already defined in libcrypto.lib(libcrypto-1_1-x64.dll); second definition ignored
libcrypto_static.lib(fcrypt.obj) : warning LNK4006: DES_fcrypt already defined in libcrypto.lib(libcrypto-1_1-x64.dll); second definition ignored
libcrypto_static.lib(fcrypt.obj) : warning LNK4006: DES_crypt already defined in libcrypto.lib(libcrypto-1_1-x64.dll); second definition ignored
libcrypto_static.lib(ofb64ede.obj) : warning LNK4006: DES_ede3_ofb64_encrypt already defined in libcrypto.lib(libcrypto-1_1-x64.dll); second definition ignored
libcrypto_static.lib(ofb64enc.obj) : warning LNK4006: DES_ofb64_encrypt already defined in libcrypto.lib(libcrypto-1_1-x64.dll); second definition ignored
libcrypto_static.lib(ofb_enc.obj) : warning LNK4006: DES_ofb_encrypt already defined in libcrypto.lib(libcrypto-1_1-x64.dll); second definition ignored
libcrypto_static.lib(pcbc_enc.obj) : warning LNK4006: DES_pcbc_encrypt already defined in libcrypto.lib(libcrypto-1_1-x64.dll); second definition ignored
libcrypto_static.lib(qud_cksm.obj) : warning LNK4006: DES_quad_cksum already defined in libcrypto.lib(libcrypto-1_1-x64.dll); second definition ignored
libcrypto_static.lib(rand_key.obj) : warning LNK4006: DES_random_key already defined in libcrypto.lib(libcrypto-1_1-x64.dll); second definition ignored
libcrypto_static.lib(set_key.obj) : warning LNK4006: _shadow_DES_check_key already defined in libcrypto.lib(libcrypto-1_1-x64.dll); second definition ignored
libcrypto_static.lib(set_key.obj) : warning LNK4006: DES_set_odd_parity already defined in libcrypto.lib(libcrypto-1_1-x64.dll); second definition ignored
libcrypto_static.lib(set_key.obj) : warning LNK4006: DES_check_key_parity already defined in libcrypto.lib(libcrypto-1_1-x64.dll); second definition ignored
libcrypto_static.lib(set_key.obj) : warning LNK4006: DES_is_weak_key already defined in libcrypto.lib(libcrypto-1_1-x64.dll); second definition ignored
libcrypto_static.lib(set_key.obj) : warning LNK4006: DES_set_key already defined in libcrypto.lib(libcrypto-1_1-x64.dll); second definition ignored
libcrypto_static.lib(set_key.obj) : warning LNK4006: DES_key_sched already defined in libcrypto.lib(libcrypto-1_1-x64.dll); second definition ignored
libcrypto_static.lib(set_key.obj) : warning LNK4006: DES_set_key_checked already defined in libcrypto.lib(libcrypto-1_1-x64.dll); second definition ignored
libcrypto_static.lib(set_key.obj) : warning LNK4006: DES_set_key_unchecked already defined in libcrypto.lib(libcrypto-1_1-x64.dll); second definition ignored
libcrypto_static.lib(str2key.obj) : warning LNK4006: DES_string_to_key already defined in libcrypto.lib(libcrypto-1_1-x64.dll); second definition ignored
libcrypto_static.lib(str2key.obj) : warning LNK4006: DES_string_to_2keys already defined in libcrypto.lib(libcrypto-1_1-x64.dll); second definition ignored
libcrypto_static.lib(xcbc_enc.obj) : warning LNK4006: DES_xcbc_encrypt already defined in libcrypto.lib(libcrypto-1_1-x64.dll); second definition ignored
libcrypto_static.lib(dh_ameth.obj) : warning LNK4006: DHparams_dup already defined in libcrypto.lib(libcrypto-1_1-x64.dll); second definition ignored
libcrypto_static.lib(dh_ameth.obj) : warning LNK4006: DHparams_print already defined in libcrypto.lib(libcrypto-1_1-x64.dll); second definition ignored
libcrypto_static.lib(dh_asn1.obj) : warning LNK4006: DHparams_it already defined in libcrypto.lib(libcrypto-1_1-x64.dll); second definition ignored
libcrypto_static.lib(dh_asn1.obj) : warning LNK4006: d2i_DHparams already defined in libcrypto.lib(libcrypto-1_1-x64.dll); second definition ignored
libcrypto_static.lib(dh_asn1.obj) : warning LNK4006: i2d_DHparams already defined in libcrypto.lib(libcrypto-1_1-x64.dll); second definition ignored
libcrypto_static.lib(dh_asn1.obj) : warning LNK4006: d2i_DHxparams already defined in libcrypto.lib(libcrypto-1_1-x64.dll); second definition ignored
libcrypto_static.lib(dh_asn1.obj) : warning LNK4006: i2d_DHxparams already defined in libcrypto.lib(libcrypto-1_1-x64.dll); second definition ignored
libcrypto_static.lib(dh_check.obj) : warning LNK4006: DH_check_params_ex already defined in libcrypto.lib(libcrypto-1_1-x64.dll); second definition ignored
libcrypto_static.lib(dh_check.obj) : warning LNK4006: DH_check_ex already defined in libcrypto.lib(libcrypto-1_1-x64.dll); second definition ignored
libcrypto_static.lib(dh_check.obj) : warning LNK4006: DH_check_pub_key_ex already defined in libcrypto.lib(libcrypto-1_1-x64.dll); second definition ignored
libcrypto_static.lib(dh_check.obj) : warning LNK4006: DH_check_params already defined in libcrypto.lib(libcrypto-1_1-x64.dll); second definition ignored
libcrypto_static.lib(dh_check.obj) : warning LNK4006: DH_check already defined in libcrypto.lib(libcrypto-1_1-x64.dll); second definition ignored
libcrypto_static.lib(dh_check.obj) : warning LNK4006: DH_check_pub_key already defined in libcrypto.lib(libcrypto-1_1-x64.dll); second definition ignored
libcrypto_static.lib(dh_depr.obj) : warning LNK4006: DH_generate_parameters already defined in libcrypto.lib(libcrypto-1_1-x64.dll); second definition ignored
libcrypto_static.lib(dh_err.obj) : warning LNK4006: ERR_load_DH_strings already defined in libcrypto.lib(libcrypto-1_1-x64.dll); second definition ignored
libcrypto_static.lib(dh_gen.obj) : warning LNK4006: DH_generate_parameters_ex already defined in libcrypto.lib(libcrypto-1_1-x64.dll); second definition ignored
libcrypto_static.lib(dh_kdf.obj) : warning LNK4006: DH_KDF_X9_42 already defined in libcrypto.lib(libcrypto-1_1-x64.dll); second definition ignored
libcrypto_static.lib(dh_key.obj) : warning LNK4006: DH_OpenSSL already defined in libcrypto.lib(libcrypto-1_1-x64.dll); second definition ignored
libcrypto_static.lib(dh_key.obj) : warning LNK4006: DH_set_default_method already defined in libcrypto.lib(libcrypto-1_1-x64.dll); second definition ignored
libcrypto_static.lib(dh_key.obj) : warning LNK4006: DH_get_default_method already defined in libcrypto.lib(libcrypto-1_1-x64.dll); second definition ignored
libcrypto_static.lib(dh_key.obj) : warning LNK4006: DH_generate_key already defined in libcrypto.lib(libcrypto-1_1-x64.dll); second definition ignored
libcrypto_static.lib(dh_key.obj) : warning LNK4006: DH_compute_key already defined in libcrypto.lib(libcrypto-1_1-x64.dll); second definition ignored
libcrypto_static.lib(dh_key.obj) : warning LNK4006: DH_compute_key_padded already defined in libcrypto.lib(libcrypto-1_1-x64.dll); second definition ignored
libcrypto_static.lib(dh_lib.obj) : warning LNK4006: DH_set_method already defined in libcrypto.lib(libcrypto-1_1-x64.dll); second definition ignored
libcrypto_static.lib(dh_lib.obj) : warning LNK4006: DH_new_method already defined in libcrypto.lib(libcrypto-1_1-x64.dll); second definition ignored
libcrypto_static.lib(dh_lib.obj) : warning LNK4006: DH_new already defined in libcrypto.lib(libcrypto-1_1-x64.dll); second definition ignored
libcrypto_static.lib(dh_lib.obj) : warning LNK4006: DH_free already defined in libcrypto.lib(libcrypto-1_1-x64.dll); second definition ignored
libcrypto_static.lib(dh_lib.obj) : warning LNK4006: DH_up_ref already defined in libcrypto.lib(libcrypto-1_1-x64.dll); second definition ignored
libcrypto_static.lib(dh_lib.obj) : warning LNK4006: DH_bits already defined in libcrypto.lib(libcrypto-1_1-x64.dll); second definition ignored
libcrypto_static.lib(dh_lib.obj) : warning LNK4006: DH_size already defined in libcrypto.lib(libcrypto-1_1-x64.dll); second definition ignored
libcrypto_static.lib(dh_lib.obj) : warning LNK4006: DH_security_bits already defined in libcrypto.lib(libcrypto-1_1-x64.dll); second definition ignored
libcrypto_static.lib(dh_lib.obj) : warning LNK4006: DH_set_ex_data already defined in libcrypto.lib(libcrypto-1_1-x64.dll); second definition ignored
libcrypto_static.lib(dh_lib.obj) : warning LNK4006: DH_get_ex_data already defined in libcrypto.lib(libcrypto-1_1-x64.dll); second definition ignored
libcrypto_static.lib(dh_lib.obj) : warning LNK4006: DH_get0_pqg already defined in libcrypto.lib(libcrypto-1_1-x64.dll); second definition ignored
libcrypto_static.lib(dh_lib.obj) : warning LNK4006: DH_set0_pqg already defined in libcrypto.lib(libcrypto-1_1-x64.dll); second definition ignored
libcrypto_static.lib(dh_lib.obj) : warning LNK4006: DH_get0_key already defined in libcrypto.lib(libcrypto-1_1-x64.dll); second definition ignored
libcrypto_static.lib(dh_lib.obj) : warning LNK4006: DH_set0_key already defined in libcrypto.lib(libcrypto-1_1-x64.dll); second definition ignored
libcrypto_static.lib(dh_lib.obj) : warning LNK4006: DH_get0_p already defined in libcrypto.lib(libcrypto-1_1-x64.dll); second definition ignored
libcrypto_static.lib(dh_lib.obj) : warning LNK4006: DH_get0_q already defined in libcrypto.lib(libcrypto-1_1-x64.dll); second definition ignored
libcrypto_static.lib(dh_lib.obj) : warning LNK4006: DH_get0_g already defined in libcrypto.lib(libcrypto-1_1-x64.dll); second definition ignored
libcrypto_static.lib(dh_lib.obj) : warning LNK4006: DH_get0_priv_key already defined in libcrypto.lib(libcrypto-1_1-x64.dll); second definition ignored
libcrypto_static.lib(dh_lib.obj) : warning LNK4006: DH_get0_pub_key already defined in libcrypto.lib(libcrypto-1_1-x64.dll); second definition ignored
libcrypto_static.lib(dh_lib.obj) : warning LNK4006: DH_clear_flags already defined in libcrypto.lib(libcrypto-1_1-x64.dll); second definition ignored
libcrypto_static.lib(dh_lib.obj) : warning LNK4006: DH_test_flags already defined in libcrypto.lib(libcrypto-1_1-x64.dll); second definition ignored
libcrypto_static.lib(dh_lib.obj) : warning LNK4006: DH_set_flags already defined in libcrypto.lib(libcrypto-1_1-x64.dll); second definition ignored
libcrypto_static.lib(dh_lib.obj) : warning LNK4006: DH_get0_engine already defined in libcrypto.lib(libcrypto-1_1-x64.dll); second definition ignored
libcrypto_static.lib(dh_lib.obj) : warning LNK4006: DH_get_length already defined in libcrypto.lib(libcrypto-1_1-x64.dll); second definition ignored
libcrypto_static.lib(dh_lib.obj) : warning LNK4006: DH_set_length already defined in libcrypto.lib(libcrypto-1_1-x64.dll); second definition ignored
libcrypto_static.lib(dh_meth.obj) : warning LNK4006: DH_meth_new already defined in libcrypto.lib(libcrypto-1_1-x64.dll); second definition ignored
libcrypto_static.lib(dh_meth.obj) : warning LNK4006: DH_meth_free already defined in libcrypto.lib(libcrypto-1_1-x64.dll); second definition ignored
libcrypto_static.lib(dh_meth.obj) : warning LNK4006: DH_meth_dup already defined in libcrypto.lib(libcrypto-1_1-x64.dll); second definition ignored
libcrypto_static.lib(dh_meth.obj) : warning LNK4006: DH_meth_get0_name already defined in libcrypto.lib(libcrypto-1_1-x64.dll); second definition ignored
libcrypto_static.lib(dh_meth.obj) : warning LNK4006: DH_meth_set1_name already defined in libcrypto.lib(libcrypto-1_1-x64.dll); second definition ignored
libcrypto_static.lib(dh_meth.obj) : warning LNK4006: DH_meth_get_flags already defined in libcrypto.lib(libcrypto-1_1-x64.dll); second definition ignored
libcrypto_static.lib(dh_meth.obj) : warning LNK4006: DH_meth_set_flags already defined in libcrypto.lib(libcrypto-1_1-x64.dll); second definition ignored
libcrypto_static.lib(dh_meth.obj) : warning LNK4006: DH_meth_get0_app_data already defined in libcrypto.lib(libcrypto-1_1-x64.dll); second definition ignored
libcrypto_static.lib(dh_meth.obj) : warning LNK4006: DH_meth_set0_app_data already defined in libcrypto.lib(libcrypto-1_1-x64.dll); second definition ignored
libcrypto_static.lib(dh_meth.obj) : warning LNK4006: DH_meth_get_generate_key already defined in libcrypto.lib(libcrypto-1_1-x64.dll); second definition ignored
libcrypto_static.lib(dh_meth.obj) : warning LNK4006: DH_meth_set_generate_key already defined in libcrypto.lib(libcrypto-1_1-x64.dll); second definition ignored
libcrypto_static.lib(dh_meth.obj) : warning LNK4006: DH_meth_get_compute_key already defined in libcrypto.lib(libcrypto-1_1-x64.dll); second definition ignored
libcrypto_static.lib(dh_meth.obj) : warning LNK4006: DH_meth_set_compute_key already defined in libcrypto.lib(libcrypto-1_1-x64.dll); second definition ignored
libcrypto_static.lib(dh_meth.obj) : warning LNK4006: DH_meth_get_bn_mod_exp already defined in libcrypto.lib(libcrypto-1_1-x64.dll); second definition ignored
libcrypto_static.lib(dh_meth.obj) : warning LNK4006: DH_meth_set_bn_mod_exp already defined in libcrypto.lib(libcrypto-1_1-x64.dll); second definition ignored
libcrypto_static.lib(dh_meth.obj) : warning LNK4006: DH_meth_get_init already defined in libcrypto.lib(libcrypto-1_1-x64.dll); second definition ignored
libcrypto_static.lib(dh_meth.obj) : warning LNK4006: DH_meth_set_init already defined in libcrypto.lib(libcrypto-1_1-x64.dll); second definition ignored
libcrypto_static.lib(dh_meth.obj) : warning LNK4006: DH_meth_get_finish already defined in libcrypto.lib(libcrypto-1_1-x64.dll); second definition ignored
libcrypto_static.lib(dh_meth.obj) : warning LNK4006: DH_meth_set_finish already defined in libcrypto.lib(libcrypto-1_1-x64.dll); second definition ignored
libcrypto_static.lib(dh_meth.obj) : warning LNK4006: DH_meth_get_generate_params already defined in libcrypto.lib(libcrypto-1_1-x64.dll); second definition ignored
libcrypto_static.lib(dh_meth.obj) : warning LNK4006: DH_meth_set_generate_params already defined in libcrypto.lib(libcrypto-1_1-x64.dll); second definition ignored
libcrypto_static.lib(dh_prn.obj) : warning LNK4006: DHparams_print_fp already defined in libcrypto.lib(libcrypto-1_1-x64.dll); second definition ignored
libcrypto_static.lib(dh_rfc5114.obj) : warning LNK4006: DH_get_1024_160 already defined in libcrypto.lib(libcrypto-1_1-x64.dll); second definition ignored
libcrypto_static.lib(dh_rfc5114.obj) : warning LNK4006: DH_get_2048_224 already defined in libcrypto.lib(libcrypto-1_1-x64.dll); second definition ignored
libcrypto_static.lib(dh_rfc5114.obj) : warning LNK4006: DH_get_2048_256 already defined in libcrypto.lib(libcrypto-1_1-x64.dll); second definition ignored
libcrypto_static.lib(dh_rfc7919.obj) : warning LNK4006: DH_new_by_nid already defined in libcrypto.lib(libcrypto-1_1-x64.dll); second definition ignored
libcrypto_static.lib(dh_rfc7919.obj) : warning LNK4006: DH_get_nid already defined in libcrypto.lib(libcrypto-1_1-x64.dll); second definition ignored
libcrypto_static.lib(dsa_asn1.obj) : warning LNK4006: DSAparams_dup already defined in libcrypto.lib(libcrypto-1_1-x64.dll); second definition ignored
libcrypto_static.lib(dsa_asn1.obj) : warning LNK4006: DSA_SIG_new already defined in libcrypto.lib(libcrypto-1_1-x64.dll); second definition ignored
libcrypto_static.lib(dsa_asn1.obj) : warning LNK4006: DSA_SIG_free already defined in libcrypto.lib(libcrypto-1_1-x64.dll); second definition ignored
libcrypto_static.lib(dsa_asn1.obj) : warning LNK4006: i2d_DSA_SIG already defined in libcrypto.lib(libcrypto-1_1-x64.dll); second definition ignored
libcrypto_static.lib(dsa_asn1.obj) : warning LNK4006: d2i_DSA_SIG already defined in libcrypto.lib(libcrypto-1_1-x64.dll); second definition ignored
libcrypto_static.lib(dsa_asn1.obj) : warning LNK4006: DSA_SIG_get0 already defined in libcrypto.lib(libcrypto-1_1-x64.dll); second definition ignored
libcrypto_static.lib(dsa_asn1.obj) : warning LNK4006: DSA_SIG_set0 already defined in libcrypto.lib(libcrypto-1_1-x64.dll); second definition ignored
libcrypto_static.lib(dsa_asn1.obj) : warning LNK4006: DSA_sign already defined in libcrypto.lib(libcrypto-1_1-x64.dll); second definition ignored
libcrypto_static.lib(dsa_asn1.obj) : warning LNK4006: DSA_verify already defined in libcrypto.lib(libcrypto-1_1-x64.dll); second definition ignored
libcrypto_static.lib(dsa_asn1.obj) : warning LNK4006: d2i_DSAPublicKey already defined in libcrypto.lib(libcrypto-1_1-x64.dll); second definition ignored
libcrypto_static.lib(dsa_asn1.obj) : warning LNK4006: d2i_DSAPrivateKey already defined in libcrypto.lib(libcrypto-1_1-x64.dll); second definition ignored
libcrypto_static.lib(dsa_asn1.obj) : warning LNK4006: d2i_DSAparams already defined in libcrypto.lib(libcrypto-1_1-x64.dll); second definition ignored
libcrypto_static.lib(dsa_asn1.obj) : warning LNK4006: i2d_DSAPublicKey already defined in libcrypto.lib(libcrypto-1_1-x64.dll); second definition ignored
libcrypto_static.lib(dsa_asn1.obj) : warning LNK4006: i2d_DSAPrivateKey already defined in libcrypto.lib(libcrypto-1_1-x64.dll); second definition ignored
libcrypto_static.lib(dsa_asn1.obj) : warning LNK4006: i2d_DSAparams already defined in libcrypto.lib(libcrypto-1_1-x64.dll); second definition ignored
libcrypto_static.lib(dsa_depr.obj) : warning LNK4006: DSA_generate_parameters already defined in libcrypto.lib(libcrypto-1_1-x64.dll); second definition ignored
libcrypto_static.lib(dsa_err.obj) : warning LNK4006: ERR_load_DSA_strings already defined in libcrypto.lib(libcrypto-1_1-x64.dll); second definition ignored
libcrypto_static.lib(dsa_gen.obj) : warning LNK4006: DSA_generate_parameters_ex already defined in libcrypto.lib(libcrypto-1_1-x64.dll); second definition ignored
libcrypto_static.lib(dsa_key.obj) : warning LNK4006: DSA_generate_key already defined in libcrypto.lib(libcrypto-1_1-x64.dll); second definition ignored
libcrypto_static.lib(dsa_lib.obj) : warning LNK4006: DSA_set_method already defined in libcrypto.lib(libcrypto-1_1-x64.dll); second definition ignored
libcrypto_static.lib(dsa_lib.obj) : warning LNK4006: DSA_get_method already defined in libcrypto.lib(libcrypto-1_1-x64.dll); second definition ignored
libcrypto_static.lib(dsa_lib.obj) : warning LNK4006: DSA_new already defined in libcrypto.lib(libcrypto-1_1-x64.dll); second definition ignored
libcrypto_static.lib(dsa_lib.obj) : warning LNK4006: DSA_new_method already defined in libcrypto.lib(libcrypto-1_1-x64.dll); second definition ignored
libcrypto_static.lib(dsa_lib.obj) : warning LNK4006: DSA_free already defined in libcrypto.lib(libcrypto-1_1-x64.dll); second definition ignored
libcrypto_static.lib(dsa_lib.obj) : warning LNK4006: DSA_up_ref already defined in libcrypto.lib(libcrypto-1_1-x64.dll); second definition ignored
libcrypto_static.lib(dsa_lib.obj) : warning LNK4006: DSA_size already defined in libcrypto.lib(libcrypto-1_1-x64.dll); second definition ignored
libcrypto_static.lib(dsa_lib.obj) : warning LNK4006: DSA_bits already defined in libcrypto.lib(libcrypto-1_1-x64.dll); second definition ignored
libcrypto_static.lib(dsa_lib.obj) : warning LNK4006: DSA_security_bits already defined in libcrypto.lib(libcrypto-1_1-x64.dll); second definition ignored
libcrypto_static.lib(dsa_lib.obj) : warning LNK4006: DSA_set_ex_data already defined in libcrypto.lib(libcrypto-1_1-x64.dll); second definition ignored
libcrypto_static.lib(dsa_lib.obj) : warning LNK4006: DSA_get_ex_data already defined in libcrypto.lib(libcrypto-1_1-x64.dll); second definition ignored
libcrypto_static.lib(dsa_lib.obj) : warning LNK4006: DSA_dup_DH already defined in libcrypto.lib(libcrypto-1_1-x64.dll); second definition ignored
libcrypto_static.lib(dsa_lib.obj) : warning LNK4006: DSA_get0_pqg already defined in libcrypto.lib(libcrypto-1_1-x64.dll); second definition ignored
libcrypto_static.lib(dsa_lib.obj) : warning LNK4006: DSA_set0_pqg already defined in libcrypto.lib(libcrypto-1_1-x64.dll); second definition ignored
libcrypto_static.lib(dsa_lib.obj) : warning LNK4006: DSA_get0_key already defined in libcrypto.lib(libcrypto-1_1-x64.dll); second definition ignored
libcrypto_static.lib(dsa_lib.obj) : warning LNK4006: DSA_set0_key already defined in libcrypto.lib(libcrypto-1_1-x64.dll); second definition ignored
libcrypto_static.lib(dsa_lib.obj) : warning LNK4006: DSA_get0_p already defined in libcrypto.lib(libcrypto-1_1-x64.dll); second definition ignored
libcrypto_static.lib(dsa_lib.obj) : warning LNK4006: DSA_get0_q already defined in libcrypto.lib(libcrypto-1_1-x64.dll); second definition ignored
libcrypto_static.lib(dsa_lib.obj) : warning LNK4006: DSA_get0_g already defined in libcrypto.lib(libcrypto-1_1-x64.dll); second definition ignored
libcrypto_static.lib(dsa_lib.obj) : warning LNK4006: DSA_get0_pub_key already defined in libcrypto.lib(libcrypto-1_1-x64.dll); second definition ignored
libcrypto_static.lib(dsa_lib.obj) : warning LNK4006: DSA_get0_priv_key already defined in libcrypto.lib(libcrypto-1_1-x64.dll); second definition ignored
libcrypto_static.lib(dsa_lib.obj) : warning LNK4006: DSA_clear_flags already defined in libcrypto.lib(libcrypto-1_1-x64.dll); second definition ignored
libcrypto_static.lib(dsa_lib.obj) : warning LNK4006: DSA_test_flags already defined in libcrypto.lib(libcrypto-1_1-x64.dll); second definition ignored
libcrypto_static.lib(dsa_lib.obj) : warning LNK4006: DSA_set_flags already defined in libcrypto.lib(libcrypto-1_1-x64.dll); second definition ignored
libcrypto_static.lib(dsa_lib.obj) : warning LNK4006: DSA_get0_engine already defined in libcrypto.lib(libcrypto-1_1-x64.dll); second definition ignored
libcrypto_static.lib(dsa_meth.obj) : warning LNK4006: DSA_meth_new already defined in libcrypto.lib(libcrypto-1_1-x64.dll); second definition ignored
libcrypto_static.lib(dsa_meth.obj) : warning LNK4006: DSA_meth_free already defined in libcrypto.lib(libcrypto-1_1-x64.dll); second definition ignored
libcrypto_static.lib(dsa_meth.obj) : warning LNK4006: DSA_meth_dup already defined in libcrypto.lib(libcrypto-1_1-x64.dll); second definition ignored
libcrypto_static.lib(dsa_meth.obj) : warning LNK4006: DSA_meth_get0_name already defined in libcrypto.lib(libcrypto-1_1-x64.dll); second definition ignored
libcrypto_static.lib(dsa_meth.obj) : warning LNK4006: DSA_meth_set1_name already defined in libcrypto.lib(libcrypto-1_1-x64.dll); second definition ignored
libcrypto_static.lib(dsa_meth.obj) : warning LNK4006: DSA_meth_get_flags already defined in libcrypto.lib(libcrypto-1_1-x64.dll); second definition ignored
libcrypto_static.lib(dsa_meth.obj) : warning LNK4006: DSA_meth_set_flags already defined in libcrypto.lib(libcrypto-1_1-x64.dll); second definition ignored
libcrypto_static.lib(dsa_meth.obj) : warning LNK4006: DSA_meth_get0_app_data already defined in libcrypto.lib(libcrypto-1_1-x64.dll); second definition ignored
libcrypto_static.lib(dsa_meth.obj) : warning LNK4006: DSA_meth_set0_app_data already defined in libcrypto.lib(libcrypto-1_1-x64.dll); second definition ignored
libcrypto_static.lib(dsa_meth.obj) : warning LNK4006: DSA_meth_get_sign already defined in libcrypto.lib(libcrypto-1_1-x64.dll); second definition ignored
libcrypto_static.lib(dsa_meth.obj) : warning LNK4006: DSA_meth_set_sign already defined in libcrypto.lib(libcrypto-1_1-x64.dll); second definition ignored
libcrypto_static.lib(dsa_meth.obj) : warning LNK4006: DSA_meth_get_sign_setup already defined in libcrypto.lib(libcrypto-1_1-x64.dll); second definition ignored
libcrypto_static.lib(dsa_meth.obj) : warning LNK4006: DSA_meth_set_sign_setup already defined in libcrypto.lib(libcrypto-1_1-x64.dll); second definition ignored
libcrypto_static.lib(dsa_meth.obj) : warning LNK4006: DSA_meth_get_verify already defined in libcrypto.lib(libcrypto-1_1-x64.dll); second definition ignored
libcrypto_static.lib(dsa_meth.obj) : warning LNK4006: DSA_meth_set_verify already defined in libcrypto.lib(libcrypto-1_1-x64.dll); second definition ignored
libcrypto_static.lib(dsa_meth.obj) : warning LNK4006: DSA_meth_get_mod_exp already defined in libcrypto.lib(libcrypto-1_1-x64.dll); second definition ignored
libcrypto_static.lib(dsa_meth.obj) : warning LNK4006: DSA_meth_set_mod_exp already defined in libcrypto.lib(libcrypto-1_1-x64.dll); second definition ignored
libcrypto_static.lib(dsa_meth.obj) : warning LNK4006: DSA_meth_get_bn_mod_exp already defined in libcrypto.lib(libcrypto-1_1-x64.dll); second definition ignored
libcrypto_static.lib(dsa_meth.obj) : warning LNK4006: DSA_meth_set_bn_mod_exp already defined in libcrypto.lib(libcrypto-1_1-x64.dll); second definition ignored
libcrypto_static.lib(dsa_meth.obj) : warning LNK4006: DSA_meth_get_init already defined in libcrypto.lib(libcrypto-1_1-x64.dll); second definition ignored
libcrypto_static.lib(dsa_meth.obj) : warning LNK4006: DSA_meth_set_init already defined in libcrypto.lib(libcrypto-1_1-x64.dll); second definition ignored
libcrypto_static.lib(dsa_meth.obj) : warning LNK4006: DSA_meth_get_finish already defined in libcrypto.lib(libcrypto-1_1-x64.dll); second definition ignored
libcrypto_static.lib(dsa_meth.obj) : warning LNK4006: DSA_meth_set_finish already defined in libcrypto.lib(libcrypto-1_1-x64.dll); second definition ignored
libcrypto_static.lib(dsa_meth.obj) : warning LNK4006: DSA_meth_get_paramgen already defined in libcrypto.lib(libcrypto-1_1-x64.dll); second definition ignored
libcrypto_static.lib(dsa_meth.obj) : warning LNK4006: DSA_meth_set_paramgen already defined in libcrypto.lib(libcrypto-1_1-x64.dll); second definition ignored
libcrypto_static.lib(dsa_meth.obj) : warning LNK4006: DSA_meth_get_keygen already defined in libcrypto.lib(libcrypto-1_1-x64.dll); second definition ignored
libcrypto_static.lib(dsa_meth.obj) : warning LNK4006: DSA_meth_set_keygen already defined in libcrypto.lib(libcrypto-1_1-x64.dll); second definition ignored
libcrypto_static.lib(dsa_ossl.obj) : warning LNK4006: DSA_OpenSSL already defined in libcrypto.lib(libcrypto-1_1-x64.dll); second definition ignored
libcrypto_static.lib(dsa_ossl.obj) : warning LNK4006: DSA_set_default_method already defined in libcrypto.lib(libcrypto-1_1-x64.dll); second definition ignored
libcrypto_static.lib(dsa_ossl.obj) : warning LNK4006: DSA_get_default_method already defined in libcrypto.lib(libcrypto-1_1-x64.dll); second definition ignored
libcrypto_static.lib(dsa_prn.obj) : warning LNK4006: DSAparams_print already defined in libcrypto.lib(libcrypto-1_1-x64.dll); second definition ignored
libcrypto_static.lib(dsa_prn.obj) : warning LNK4006: DSA_print already defined in libcrypto.lib(libcrypto-1_1-x64.dll); second definition ignored
libcrypto_static.lib(dsa_prn.obj) : warning LNK4006: DSAparams_print_fp already defined in libcrypto.lib(libcrypto-1_1-x64.dll); second definition ignored
libcrypto_static.lib(dsa_prn.obj) : warning LNK4006: DSA_print_fp already defined in libcrypto.lib(libcrypto-1_1-x64.dll); second definition ignored
libcrypto_static.lib(dsa_sign.obj) : warning LNK4006: DSA_do_sign already defined in libcrypto.lib(libcrypto-1_1-x64.dll); second definition ignored
libcrypto_static.lib(dsa_sign.obj) : warning LNK4006: DSA_sign_setup already defined in libcrypto.lib(libcrypto-1_1-x64.dll); second definition ignored
libcrypto_static.lib(dsa_vrf.obj) : warning LNK4006: DSA_do_verify already defined in libcrypto.lib(libcrypto-1_1-x64.dll); second definition ignored
libcrypto_static.lib(dso_err.obj) : warning LNK4006: ERR_load_DSO_strings already defined in libcrypto.lib(libcrypto-1_1-x64.dll); second definition ignored
libcrypto_static.lib(dso_lib.obj) : warning LNK4006: DSO_new already defined in libcrypto.lib(libcrypto-1_1-x64.dll); second definition ignored
libcrypto_static.lib(dso_lib.obj) : warning LNK4006: DSO_free already defined in libcrypto.lib(libcrypto-1_1-x64.dll); second definition ignored
libcrypto_static.lib(dso_lib.obj) : warning LNK4006: DSO_flags already defined in libcrypto.lib(libcrypto-1_1-x64.dll); second definition ignored
libcrypto_static.lib(dso_lib.obj) : warning LNK4006: DSO_up_ref already defined in libcrypto.lib(libcrypto-1_1-x64.dll); second definition ignored
libcrypto_static.lib(dso_lib.obj) : warning LNK4006: DSO_ctrl already defined in libcrypto.lib(libcrypto-1_1-x64.dll); second definition ignored
libcrypto_static.lib(dso_lib.obj) : warning LNK4006: DSO_get_filename already defined in libcrypto.lib(libcrypto-1_1-x64.dll); second definition ignored
libcrypto_static.lib(dso_lib.obj) : warning LNK4006: DSO_set_filename already defined in libcrypto.lib(libcrypto-1_1-x64.dll); second definition ignored
libcrypto_static.lib(dso_lib.obj) : warning LNK4006: DSO_convert_filename already defined in libcrypto.lib(libcrypto-1_1-x64.dll); second definition ignored
libcrypto_static.lib(dso_lib.obj) : warning LNK4006: DSO_merge already defined in libcrypto.lib(libcrypto-1_1-x64.dll); second definition ignored
libcrypto_static.lib(dso_lib.obj) : warning LNK4006: DSO_load already defined in libcrypto.lib(libcrypto-1_1-x64.dll); second definition ignored
libcrypto_static.lib(dso_lib.obj) : warning LNK4006: DSO_bind_func already defined in libcrypto.lib(libcrypto-1_1-x64.dll); second definition ignored
libcrypto_static.lib(dso_lib.obj) : warning LNK4006: DSO_pathbyaddr already defined in libcrypto.lib(libcrypto-1_1-x64.dll); second definition ignored
libcrypto_static.lib(dso_lib.obj) : warning LNK4006: DSO_dsobyaddr already defined in libcrypto.lib(libcrypto-1_1-x64.dll); second definition ignored
libcrypto_static.lib(dso_lib.obj) : warning LNK4006: DSO_global_lookup already defined in libcrypto.lib(libcrypto-1_1-x64.dll); second definition ignored
libcrypto_static.lib(dso_win32.obj) : warning LNK4006: DSO_METHOD_openssl already defined in libcrypto.lib(libcrypto-1_1-x64.dll); second definition ignored
libcrypto_static.lib(ec2_smpl.obj) : warning LNK4006: EC_GF2m_simple_method already defined in libcrypto.lib(libcrypto-1_1-x64.dll); second definition ignored
libcrypto_static.lib(ec_ameth.obj) : warning LNK4006: ECParameters_print already defined in libcrypto.lib(libcrypto-1_1-x64.dll); second definition ignored
libcrypto_static.lib(ec_ameth.obj) : warning LNK4006: EC_KEY_print already defined in libcrypto.lib(libcrypto-1_1-x64.dll); second definition ignored
libcrypto_static.lib(ec_asn1.obj) : warning LNK4006: ECPKPARAMETERS_it already defined in libcrypto.lib(libcrypto-1_1-x64.dll); second definition ignored
libcrypto_static.lib(ec_asn1.obj) : warning LNK4006: ECPARAMETERS_it already defined in libcrypto.lib(libcrypto-1_1-x64.dll); second definition ignored
libcrypto_static.lib(ec_asn1.obj) : warning LNK4006: EC_GROUP_new_from_ecparameters already defined in libcrypto.lib(libcrypto-1_1-x64.dll); second definition ignored
libcrypto_static.lib(ec_asn1.obj) : warning LNK4006: EC_GROUP_get_ecparameters already defined in libcrypto.lib(libcrypto-1_1-x64.dll); second definition ignored
libcrypto_static.lib(ec_asn1.obj) : warning LNK4006: EC_GROUP_new_from_ecpkparameters already defined in libcrypto.lib(libcrypto-1_1-x64.dll); second definition ignored
libcrypto_static.lib(ec_asn1.obj) : warning LNK4006: EC_GROUP_get_ecpkparameters already defined in libcrypto.lib(libcrypto-1_1-x64.dll); second definition ignored
libcrypto_static.lib(ec_asn1.obj) : warning LNK4006: ECPKPARAMETERS_new already defined in libcrypto.lib(libcrypto-1_1-x64.dll); second definition ignored
libcrypto_static.lib(ec_asn1.obj) : warning LNK4006: ECPKPARAMETERS_free already defined in libcrypto.lib(libcrypto-1_1-x64.dll); second definition ignored
libcrypto_static.lib(ec_asn1.obj) : warning LNK4006: ECPARAMETERS_new already defined in libcrypto.lib(libcrypto-1_1-x64.dll); second definition ignored
libcrypto_static.lib(ec_asn1.obj) : warning LNK4006: ECPARAMETERS_free already defined in libcrypto.lib(libcrypto-1_1-x64.dll); second definition ignored
libcrypto_static.lib(ec_asn1.obj) : warning LNK4006: EC_GROUP_get_basis_type already defined in libcrypto.lib(libcrypto-1_1-x64.dll); second definition ignored
libcrypto_static.lib(ec_asn1.obj) : warning LNK4006: EC_GROUP_get_trinomial_basis already defined in libcrypto.lib(libcrypto-1_1-x64.dll); second definition ignored
libcrypto_static.lib(ec_asn1.obj) : warning LNK4006: EC_GROUP_get_pentanomial_basis already defined in libcrypto.lib(libcrypto-1_1-x64.dll); second definition ignored
libcrypto_static.lib(ec_asn1.obj) : warning LNK4006: d2i_ECPKParameters already defined in libcrypto.lib(libcrypto-1_1-x64.dll); second definition ignored
libcrypto_static.lib(ec_asn1.obj) : warning LNK4006: i2d_ECPKParameters already defined in libcrypto.lib(libcrypto-1_1-x64.dll); second definition ignored
libcrypto_static.lib(ec_asn1.obj) : warning LNK4006: d2i_ECPrivateKey already defined in libcrypto.lib(libcrypto-1_1-x64.dll); second definition ignored
libcrypto_static.lib(ec_asn1.obj) : warning LNK4006: i2d_ECPrivateKey already defined in libcrypto.lib(libcrypto-1_1-x64.dll); second definition ignored
libcrypto_static.lib(ec_asn1.obj) : warning LNK4006: d2i_ECParameters already defined in libcrypto.lib(libcrypto-1_1-x64.dll); second definition ignored
libcrypto_static.lib(ec_asn1.obj) : warning LNK4006: i2d_ECParameters already defined in libcrypto.lib(libcrypto-1_1-x64.dll); second definition ignored
libcrypto_static.lib(ec_asn1.obj) : warning LNK4006: o2i_ECPublicKey already defined in libcrypto.lib(libcrypto-1_1-x64.dll); second definition ignored
libcrypto_static.lib(ec_asn1.obj) : warning LNK4006: i2o_ECPublicKey already defined in libcrypto.lib(libcrypto-1_1-x64.dll); second definition ignored
libcrypto_static.lib(ec_asn1.obj) : warning LNK4006: ECDSA_SIG_new already defined in libcrypto.lib(libcrypto-1_1-x64.dll); second definition ignored
libcrypto_static.lib(ec_asn1.obj) : warning LNK4006: ECDSA_SIG_free already defined in libcrypto.lib(libcrypto-1_1-x64.dll); second definition ignored
libcrypto_static.lib(ec_asn1.obj) : warning LNK4006: i2d_ECDSA_SIG already defined in libcrypto.lib(libcrypto-1_1-x64.dll); second definition ignored
libcrypto_static.lib(ec_asn1.obj) : warning LNK4006: d2i_ECDSA_SIG already defined in libcrypto.lib(libcrypto-1_1-x64.dll); second definition ignored
libcrypto_static.lib(ec_asn1.obj) : warning LNK4006: ECDSA_SIG_get0 already defined in libcrypto.lib(libcrypto-1_1-x64.dll); second definition ignored
libcrypto_static.lib(ec_asn1.obj) : warning LNK4006: ECDSA_SIG_get0_r already defined in libcrypto.lib(libcrypto-1_1-x64.dll); second definition ignored
libcrypto_static.lib(ec_asn1.obj) : warning LNK4006: ECDSA_SIG_get0_s already defined in libcrypto.lib(libcrypto-1_1-x64.dll); second definition ignored
libcrypto_static.lib(ec_asn1.obj) : warning LNK4006: ECDSA_SIG_set0 already defined in libcrypto.lib(libcrypto-1_1-x64.dll); second definition ignored
libcrypto_static.lib(ec_asn1.obj) : warning LNK4006: ECDSA_size already defined in libcrypto.lib(libcrypto-1_1-x64.dll); second definition ignored
libcrypto_static.lib(ec_check.obj) : warning LNK4006: EC_GROUP_check already defined in libcrypto.lib(libcrypto-1_1-x64.dll); second definition ignored
libcrypto_static.lib(ec_curve.obj) : warning LNK4006: EC_GROUP_new_by_curve_name already defined in libcrypto.lib(libcrypto-1_1-x64.dll); second definition ignored
libcrypto_static.lib(ec_curve.obj) : warning LNK4006: EC_get_builtin_curves already defined in libcrypto.lib(libcrypto-1_1-x64.dll); second definition ignored
libcrypto_static.lib(ec_curve.obj) : warning LNK4006: EC_curve_nid2nist already defined in libcrypto.lib(libcrypto-1_1-x64.dll); second definition ignored
libcrypto_static.lib(ec_curve.obj) : warning LNK4006: EC_curve_nist2nid already defined in libcrypto.lib(libcrypto-1_1-x64.dll); second definition ignored
libcrypto_static.lib(ec_cvt.obj) : warning LNK4006: EC_GROUP_new_curve_GFp already defined in libcrypto.lib(libcrypto-1_1-x64.dll); second definition ignored
libcrypto_static.lib(ec_cvt.obj) : warning LNK4006: EC_GROUP_new_curve_GF2m already defined in libcrypto.lib(libcrypto-1_1-x64.dll); second definition ignored
libcrypto_static.lib(ec_err.obj) : warning LNK4006: ERR_load_EC_strings already defined in libcrypto.lib(libcrypto-1_1-x64.dll); second definition ignored
libcrypto_static.lib(ec_key.obj) : warning LNK4006: EC_KEY_new already defined in libcrypto.lib(libcrypto-1_1-x64.dll); second definition ignored
libcrypto_static.lib(ec_key.obj) : warning LNK4006: EC_KEY_get_flags already defined in libcrypto.lib(libcrypto-1_1-x64.dll); second definition ignored
libcrypto_static.lib(ec_key.obj) : warning LNK4006: EC_KEY_set_flags already defined in libcrypto.lib(libcrypto-1_1-x64.dll); second definition ignored
libcrypto_static.lib(ec_key.obj) : warning LNK4006: EC_KEY_clear_flags already defined in libcrypto.lib(libcrypto-1_1-x64.dll); second definition ignored
libcrypto_static.lib(ec_key.obj) : warning LNK4006: EC_KEY_new_by_curve_name already defined in libcrypto.lib(libcrypto-1_1-x64.dll); second definition ignored
libcrypto_static.lib(ec_key.obj) : warning LNK4006: EC_KEY_free already defined in libcrypto.lib(libcrypto-1_1-x64.dll); second definition ignored
libcrypto_static.lib(ec_key.obj) : warning LNK4006: EC_KEY_copy already defined in libcrypto.lib(libcrypto-1_1-x64.dll); second definition ignored
libcrypto_static.lib(ec_key.obj) : warning LNK4006: EC_KEY_dup already defined in libcrypto.lib(libcrypto-1_1-x64.dll); second definition ignored
libcrypto_static.lib(ec_key.obj) : warning LNK4006: EC_KEY_up_ref already defined in libcrypto.lib(libcrypto-1_1-x64.dll); second definition ignored
libcrypto_static.lib(ec_key.obj) : warning LNK4006: EC_KEY_get0_engine already defined in libcrypto.lib(libcrypto-1_1-x64.dll); second definition ignored
libcrypto_static.lib(ec_key.obj) : warning LNK4006: EC_KEY_get0_group already defined in libcrypto.lib(libcrypto-1_1-x64.dll); second definition ignored
libcrypto_static.lib(ec_key.obj) : warning LNK4006: EC_KEY_set_group already defined in libcrypto.lib(libcrypto-1_1-x64.dll); second definition ignored
libcrypto_static.lib(ec_key.obj) : warning LNK4006: EC_KEY_get0_private_key already defined in libcrypto.lib(libcrypto-1_1-x64.dll); second definition ignored
libcrypto_static.lib(ec_key.obj) : warning LNK4006: EC_KEY_set_private_key already defined in libcrypto.lib(libcrypto-1_1-x64.dll); second definition ignored
libcrypto_static.lib(ec_key.obj) : warning LNK4006: EC_KEY_get0_public_key already defined in libcrypto.lib(libcrypto-1_1-x64.dll); second definition ignored
libcrypto_static.lib(ec_key.obj) : warning LNK4006: EC_KEY_set_public_key already defined in libcrypto.lib(libcrypto-1_1-x64.dll); second definition ignored
libcrypto_static.lib(ec_key.obj) : warning LNK4006: EC_KEY_get_enc_flags already defined in libcrypto.lib(libcrypto-1_1-x64.dll); second definition ignored
libcrypto_static.lib(ec_key.obj) : warning LNK4006: EC_KEY_set_enc_flags already defined in libcrypto.lib(libcrypto-1_1-x64.dll); second definition ignored
libcrypto_static.lib(ec_key.obj) : warning LNK4006: EC_KEY_get_conv_form already defined in libcrypto.lib(libcrypto-1_1-x64.dll); second definition ignored
libcrypto_static.lib(ec_key.obj) : warning LNK4006: EC_KEY_set_conv_form already defined in libcrypto.lib(libcrypto-1_1-x64.dll); second definition ignored
libcrypto_static.lib(ec_key.obj) : warning LNK4006: EC_KEY_set_asn1_flag already defined in libcrypto.lib(libcrypto-1_1-x64.dll); second definition ignored
libcrypto_static.lib(ec_key.obj) : warning LNK4006: EC_KEY_precompute_mult already defined in libcrypto.lib(libcrypto-1_1-x64.dll); second definition ignored
libcrypto_static.lib(ec_key.obj) : warning LNK4006: EC_KEY_generate_key already defined in libcrypto.lib(libcrypto-1_1-x64.dll); second definition ignored
libcrypto_static.lib(ec_key.obj) : warning LNK4006: EC_KEY_check_key already defined in libcrypto.lib(libcrypto-1_1-x64.dll); second definition ignored
libcrypto_static.lib(ec_key.obj) : warning LNK4006: EC_KEY_can_sign already defined in libcrypto.lib(libcrypto-1_1-x64.dll); second definition ignored
libcrypto_static.lib(ec_key.obj) : warning LNK4006: EC_KEY_set_public_key_affine_coordinates already defined in libcrypto.lib(libcrypto-1_1-x64.dll); second definition ignored
libcrypto_static.lib(ec_key.obj) : warning LNK4006: EC_KEY_key2buf already defined in libcrypto.lib(libcrypto-1_1-x64.dll); second definition ignored
libcrypto_static.lib(ec_key.obj) : warning LNK4006: EC_KEY_oct2key already defined in libcrypto.lib(libcrypto-1_1-x64.dll); second definition ignored
libcrypto_static.lib(ec_key.obj) : warning LNK4006: EC_KEY_oct2priv already defined in libcrypto.lib(libcrypto-1_1-x64.dll); second definition ignored
libcrypto_static.lib(ec_key.obj) : warning LNK4006: EC_KEY_priv2oct already defined in libcrypto.lib(libcrypto-1_1-x64.dll); second definition ignored
libcrypto_static.lib(ec_key.obj) : warning LNK4006: EC_KEY_priv2buf already defined in libcrypto.lib(libcrypto-1_1-x64.dll); second definition ignored
libcrypto_static.lib(ec_kmeth.obj) : warning LNK4006: EC_KEY_OpenSSL already defined in libcrypto.lib(libcrypto-1_1-x64.dll); second definition ignored
libcrypto_static.lib(ec_kmeth.obj) : warning LNK4006: EC_KEY_get_default_method already defined in libcrypto.lib(libcrypto-1_1-x64.dll); second definition ignored
libcrypto_static.lib(ec_kmeth.obj) : warning LNK4006: EC_KEY_set_default_method already defined in libcrypto.lib(libcrypto-1_1-x64.dll); second definition ignored
libcrypto_static.lib(ec_kmeth.obj) : warning LNK4006: EC_KEY_get_method already defined in libcrypto.lib(libcrypto-1_1-x64.dll); second definition ignored
libcrypto_static.lib(ec_kmeth.obj) : warning LNK4006: EC_KEY_set_method already defined in libcrypto.lib(libcrypto-1_1-x64.dll); second definition ignored
libcrypto_static.lib(ec_kmeth.obj) : warning LNK4006: EC_KEY_new_method already defined in libcrypto.lib(libcrypto-1_1-x64.dll); second definition ignored
libcrypto_static.lib(ec_kmeth.obj) : warning LNK4006: ECDH_compute_key already defined in libcrypto.lib(libcrypto-1_1-x64.dll); second definition ignored
libcrypto_static.lib(ec_kmeth.obj) : warning LNK4006: EC_KEY_METHOD_new already defined in libcrypto.lib(libcrypto-1_1-x64.dll); second definition ignored
libcrypto_static.lib(ec_kmeth.obj) : warning LNK4006: EC_KEY_METHOD_free already defined in libcrypto.lib(libcrypto-1_1-x64.dll); second definition ignored
libcrypto_static.lib(ec_kmeth.obj) : warning LNK4006: EC_KEY_METHOD_set_init already defined in libcrypto.lib(libcrypto-1_1-x64.dll); second definition ignored
libcrypto_static.lib(ec_kmeth.obj) : warning LNK4006: EC_KEY_METHOD_set_keygen already defined in libcrypto.lib(libcrypto-1_1-x64.dll); second definition ignored
libcrypto_static.lib(ec_kmeth.obj) : warning LNK4006: EC_KEY_METHOD_set_compute_key already defined in libcrypto.lib(libcrypto-1_1-x64.dll); second definition ignored
libcrypto_static.lib(ec_kmeth.obj) : warning LNK4006: EC_KEY_METHOD_set_sign already defined in libcrypto.lib(libcrypto-1_1-x64.dll); second definition ignored
libcrypto_static.lib(ec_kmeth.obj) : warning LNK4006: EC_KEY_METHOD_set_verify already defined in libcrypto.lib(libcrypto-1_1-x64.dll); second definition ignored
libcrypto_static.lib(ec_kmeth.obj) : warning LNK4006: EC_KEY_METHOD_get_init already defined in libcrypto.lib(libcrypto-1_1-x64.dll); second definition ignored
libcrypto_static.lib(ec_kmeth.obj) : warning LNK4006: EC_KEY_METHOD_get_keygen already defined in libcrypto.lib(libcrypto-1_1-x64.dll); second definition ignored
libcrypto_static.lib(ec_kmeth.obj) : warning LNK4006: EC_KEY_METHOD_get_compute_key already defined in libcrypto.lib(libcrypto-1_1-x64.dll); second definition ignored
libcrypto_static.lib(ec_kmeth.obj) : warning LNK4006: EC_KEY_METHOD_get_sign already defined in libcrypto.lib(libcrypto-1_1-x64.dll); second definition ignored
libcrypto_static.lib(ec_kmeth.obj) : warning LNK4006: EC_KEY_METHOD_get_verify already defined in libcrypto.lib(libcrypto-1_1-x64.dll); second definition ignored
libcrypto_static.lib(ec_lib.obj) : warning LNK4006: EC_GROUP_new already defined in libcrypto.lib(libcrypto-1_1-x64.dll); second definition ignored
libcrypto_static.lib(ec_lib.obj) : warning LNK4006: EC_GROUP_free already defined in libcrypto.lib(libcrypto-1_1-x64.dll); second definition ignored
libcrypto_static.lib(ec_lib.obj) : warning LNK4006: EC_GROUP_clear_free already defined in libcrypto.lib(libcrypto-1_1-x64.dll); second definition ignored
libcrypto_static.lib(ec_lib.obj) : warning LNK4006: EC_GROUP_copy already defined in libcrypto.lib(libcrypto-1_1-x64.dll); second definition ignored
libcrypto_static.lib(ec_lib.obj) : warning LNK4006: EC_GROUP_dup already defined in libcrypto.lib(libcrypto-1_1-x64.dll); second definition ignored
libcrypto_static.lib(ec_lib.obj) : warning LNK4006: EC_GROUP_method_of already defined in libcrypto.lib(libcrypto-1_1-x64.dll); second definition ignored
libcrypto_static.lib(ec_lib.obj) : warning LNK4006: EC_METHOD_get_field_type already defined in libcrypto.lib(libcrypto-1_1-x64.dll); second definition ignored
libcrypto_static.lib(ec_lib.obj) : warning LNK4006: EC_GROUP_set_generator already defined in libcrypto.lib(libcrypto-1_1-x64.dll); second definition ignored
libcrypto_static.lib(ec_lib.obj) : warning LNK4006: EC_GROUP_get0_generator already defined in libcrypto.lib(libcrypto-1_1-x64.dll); second definition ignored
libcrypto_static.lib(ec_lib.obj) : warning LNK4006: EC_GROUP_get_mont_data already defined in libcrypto.lib(libcrypto-1_1-x64.dll); second definition ignored
libcrypto_static.lib(ec_lib.obj) : warning LNK4006: EC_GROUP_get_order already defined in libcrypto.lib(libcrypto-1_1-x64.dll); second definition ignored
libcrypto_static.lib(ec_lib.obj) : warning LNK4006: EC_GROUP_get0_order already defined in libcrypto.lib(libcrypto-1_1-x64.dll); second definition ignored
libcrypto_static.lib(ec_lib.obj) : warning LNK4006: EC_GROUP_order_bits already defined in libcrypto.lib(libcrypto-1_1-x64.dll); second definition ignored
libcrypto_static.lib(ec_lib.obj) : warning LNK4006: EC_GROUP_get_cofactor already defined in libcrypto.lib(libcrypto-1_1-x64.dll); second definition ignored
libcrypto_static.lib(ec_lib.obj) : warning LNK4006: EC_GROUP_get0_cofactor already defined in libcrypto.lib(libcrypto-1_1-x64.dll); second definition ignored
libcrypto_static.lib(ec_lib.obj) : warning LNK4006: EC_GROUP_set_curve_name already defined in libcrypto.lib(libcrypto-1_1-x64.dll); second definition ignored
libcrypto_static.lib(ec_lib.obj) : warning LNK4006: EC_GROUP_get_curve_name already defined in libcrypto.lib(libcrypto-1_1-x64.dll); second definition ignored
libcrypto_static.lib(ec_lib.obj) : warning LNK4006: EC_GROUP_set_asn1_flag already defined in libcrypto.lib(libcrypto-1_1-x64.dll); second definition ignored
libcrypto_static.lib(ec_lib.obj) : warning LNK4006: EC_GROUP_get_asn1_flag already defined in libcrypto.lib(libcrypto-1_1-x64.dll); second definition ignored
libcrypto_static.lib(ec_lib.obj) : warning LNK4006: EC_GROUP_set_point_conversion_form already defined in libcrypto.lib(libcrypto-1_1-x64.dll); second definition ignored
libcrypto_static.lib(ec_lib.obj) : warning LNK4006: EC_GROUP_get_point_conversion_form already defined in libcrypto.lib(libcrypto-1_1-x64.dll); second definition ignored
libcrypto_static.lib(ec_lib.obj) : warning LNK4006: EC_GROUP_get0_seed already defined in libcrypto.lib(libcrypto-1_1-x64.dll); second definition ignored
libcrypto_static.lib(ec_lib.obj) : warning LNK4006: EC_GROUP_get_seed_len already defined in libcrypto.lib(libcrypto-1_1-x64.dll); second definition ignored
libcrypto_static.lib(ec_lib.obj) : warning LNK4006: EC_GROUP_set_seed already defined in libcrypto.lib(libcrypto-1_1-x64.dll); second definition ignored
libcrypto_static.lib(ec_lib.obj) : warning LNK4006: EC_GROUP_set_curve already defined in libcrypto.lib(libcrypto-1_1-x64.dll); second definition ignored
libcrypto_static.lib(ec_lib.obj) : warning LNK4006: EC_GROUP_get_curve already defined in libcrypto.lib(libcrypto-1_1-x64.dll); second definition ignored
libcrypto_static.lib(ec_lib.obj) : warning LNK4006: EC_GROUP_set_curve_GFp already defined in libcrypto.lib(libcrypto-1_1-x64.dll); second definition ignored
libcrypto_static.lib(ec_lib.obj) : warning LNK4006: EC_GROUP_get_curve_GFp already defined in libcrypto.lib(libcrypto-1_1-x64.dll); second definition ignored
libcrypto_static.lib(ec_lib.obj) : warning LNK4006: EC_GROUP_set_curve_GF2m already defined in libcrypto.lib(libcrypto-1_1-x64.dll); second definition ignored
libcrypto_static.lib(ec_lib.obj) : warning LNK4006: EC_GROUP_get_curve_GF2m already defined in libcrypto.lib(libcrypto-1_1-x64.dll); second definition ignored
libcrypto_static.lib(ec_lib.obj) : warning LNK4006: EC_GROUP_get_degree already defined in libcrypto.lib(libcrypto-1_1-x64.dll); second definition ignored
libcrypto_static.lib(ec_lib.obj) : warning LNK4006: EC_GROUP_check_discriminant already defined in libcrypto.lib(libcrypto-1_1-x64.dll); second definition ignored
libcrypto_static.lib(ec_lib.obj) : warning LNK4006: EC_GROUP_cmp already defined in libcrypto.lib(libcrypto-1_1-x64.dll); second definition ignored
libcrypto_static.lib(ec_lib.obj) : warning LNK4006: EC_POINT_new already defined in libcrypto.lib(libcrypto-1_1-x64.dll); second definition ignored
libcrypto_static.lib(ec_lib.obj) : warning LNK4006: EC_POINT_free already defined in libcrypto.lib(libcrypto-1_1-x64.dll); second definition ignored
libcrypto_static.lib(ec_lib.obj) : warning LNK4006: EC_POINT_clear_free already defined in libcrypto.lib(libcrypto-1_1-x64.dll); second definition ignored
libcrypto_static.lib(ec_lib.obj) : warning LNK4006: EC_POINT_copy already defined in libcrypto.lib(libcrypto-1_1-x64.dll); second definition ignored
libcrypto_static.lib(ec_lib.obj) : warning LNK4006: EC_POINT_dup already defined in libcrypto.lib(libcrypto-1_1-x64.dll); second definition ignored
libcrypto_static.lib(ec_lib.obj) : warning LNK4006: EC_POINT_method_of already defined in libcrypto.lib(libcrypto-1_1-x64.dll); second definition ignored
libcrypto_static.lib(ec_lib.obj) : warning LNK4006: EC_POINT_set_to_infinity already defined in libcrypto.lib(libcrypto-1_1-x64.dll); second definition ignored
libcrypto_static.lib(ec_lib.obj) : warning LNK4006: EC_POINT_set_Jprojective_coordinates_GFp already defined in libcrypto.lib(libcrypto-1_1-x64.dll); second definition ignored
libcrypto_static.lib(ec_lib.obj) : warning LNK4006: EC_POINT_get_Jprojective_coordinates_GFp already defined in libcrypto.lib(libcrypto-1_1-x64.dll); second definition ignored
libcrypto_static.lib(ec_lib.obj) : warning LNK4006: EC_POINT_set_affine_coordinates already defined in libcrypto.lib(libcrypto-1_1-x64.dll); second definition ignored
libcrypto_static.lib(ec_lib.obj) : warning LNK4006: EC_POINT_get_affine_coordinates already defined in libcrypto.lib(libcrypto-1_1-x64.dll); second definition ignored
libcrypto_static.lib(ec_lib.obj) : warning LNK4006: EC_POINT_set_affine_coordinates_GFp already defined in libcrypto.lib(libcrypto-1_1-x64.dll); second definition ignored
libcrypto_static.lib(ec_lib.obj) : warning LNK4006: EC_POINT_get_affine_coordinates_GFp already defined in libcrypto.lib(libcrypto-1_1-x64.dll); second definition ignored
libcrypto_static.lib(ec_lib.obj) : warning LNK4006: EC_POINT_set_affine_coordinates_GF2m already defined in libcrypto.lib(libcrypto-1_1-x64.dll); second definition ignored
libcrypto_static.lib(ec_lib.obj) : warning LNK4006: EC_POINT_get_affine_coordinates_GF2m already defined in libcrypto.lib(libcrypto-1_1-x64.dll); second definition ignored
libcrypto_static.lib(ec_lib.obj) : warning LNK4006: EC_POINT_add already defined in libcrypto.lib(libcrypto-1_1-x64.dll); second definition ignored
libcrypto_static.lib(ec_lib.obj) : warning LNK4006: EC_POINT_dbl already defined in libcrypto.lib(libcrypto-1_1-x64.dll); second definition ignored
libcrypto_static.lib(ec_lib.obj) : warning LNK4006: EC_POINT_invert already defined in libcrypto.lib(libcrypto-1_1-x64.dll); second definition ignored
libcrypto_static.lib(ec_lib.obj) : warning LNK4006: EC_POINT_is_at_infinity already defined in libcrypto.lib(libcrypto-1_1-x64.dll); second definition ignored
libcrypto_static.lib(ec_lib.obj) : warning LNK4006: EC_POINT_is_on_curve already defined in libcrypto.lib(libcrypto-1_1-x64.dll); second definition ignored
libcrypto_static.lib(ec_lib.obj) : warning LNK4006: EC_POINT_cmp already defined in libcrypto.lib(libcrypto-1_1-x64.dll); second definition ignored
libcrypto_static.lib(ec_lib.obj) : warning LNK4006: EC_POINT_make_affine already defined in libcrypto.lib(libcrypto-1_1-x64.dll); second definition ignored
libcrypto_static.lib(ec_lib.obj) : warning LNK4006: EC_POINTs_make_affine already defined in libcrypto.lib(libcrypto-1_1-x64.dll); second definition ignored
libcrypto_static.lib(ec_lib.obj) : warning LNK4006: EC_POINTs_mul already defined in libcrypto.lib(libcrypto-1_1-x64.dll); second definition ignored
libcrypto_static.lib(ec_lib.obj) : warning LNK4006: EC_POINT_mul already defined in libcrypto.lib(libcrypto-1_1-x64.dll); second definition ignored
libcrypto_static.lib(ec_lib.obj) : warning LNK4006: EC_GROUP_precompute_mult already defined in libcrypto.lib(libcrypto-1_1-x64.dll); second definition ignored
libcrypto_static.lib(ec_lib.obj) : warning LNK4006: EC_GROUP_have_precompute_mult already defined in libcrypto.lib(libcrypto-1_1-x64.dll); second definition ignored
libcrypto_static.lib(ec_lib.obj) : warning LNK4006: EC_KEY_set_ex_data already defined in libcrypto.lib(libcrypto-1_1-x64.dll); second definition ignored
libcrypto_static.lib(ec_lib.obj) : warning LNK4006: EC_KEY_get_ex_data already defined in libcrypto.lib(libcrypto-1_1-x64.dll); second definition ignored
libcrypto_static.lib(ec_oct.obj) : warning LNK4006: EC_POINT_set_compressed_coordinates already defined in libcrypto.lib(libcrypto-1_1-x64.dll); second definition ignored
libcrypto_static.lib(ec_oct.obj) : warning LNK4006: EC_POINT_set_compressed_coordinates_GFp already defined in libcrypto.lib(libcrypto-1_1-x64.dll); second definition ignored
libcrypto_static.lib(ec_oct.obj) : warning LNK4006: EC_POINT_set_compressed_coordinates_GF2m already defined in libcrypto.lib(libcrypto-1_1-x64.dll); second definition ignored
libcrypto_static.lib(ec_oct.obj) : warning LNK4006: EC_POINT_point2oct already defined in libcrypto.lib(libcrypto-1_1-x64.dll); second definition ignored
libcrypto_static.lib(ec_oct.obj) : warning LNK4006: EC_POINT_oct2point already defined in libcrypto.lib(libcrypto-1_1-x64.dll); second definition ignored
libcrypto_static.lib(ec_oct.obj) : warning LNK4006: EC_POINT_point2buf already defined in libcrypto.lib(libcrypto-1_1-x64.dll); second definition ignored
libcrypto_static.lib(ec_print.obj) : warning LNK4006: EC_POINT_point2bn already defined in libcrypto.lib(libcrypto-1_1-x64.dll); second definition ignored
libcrypto_static.lib(ec_print.obj) : warning LNK4006: EC_POINT_bn2point already defined in libcrypto.lib(libcrypto-1_1-x64.dll); second definition ignored
libcrypto_static.lib(ec_print.obj) : warning LNK4006: EC_POINT_point2hex already defined in libcrypto.lib(libcrypto-1_1-x64.dll); second definition ignored
libcrypto_static.lib(ec_print.obj) : warning LNK4006: EC_POINT_hex2point already defined in libcrypto.lib(libcrypto-1_1-x64.dll); second definition ignored
libcrypto_static.lib(ecdh_kdf.obj) : warning LNK4006: ECDH_KDF_X9_62 already defined in libcrypto.lib(libcrypto-1_1-x64.dll); second definition ignored
libcrypto_static.lib(ecdsa_sign.obj) : warning LNK4006: ECDSA_do_sign already defined in libcrypto.lib(libcrypto-1_1-x64.dll); second definition ignored
libcrypto_static.lib(ecdsa_sign.obj) : warning LNK4006: ECDSA_do_sign_ex already defined in libcrypto.lib(libcrypto-1_1-x64.dll); second definition ignored
libcrypto_static.lib(ecdsa_sign.obj) : warning LNK4006: ECDSA_sign_setup already defined in libcrypto.lib(libcrypto-1_1-x64.dll); second definition ignored
libcrypto_static.lib(ecdsa_sign.obj) : warning LNK4006: ECDSA_sign already defined in libcrypto.lib(libcrypto-1_1-x64.dll); second definition ignored
libcrypto_static.lib(ecdsa_sign.obj) : warning LNK4006: ECDSA_sign_ex already defined in libcrypto.lib(libcrypto-1_1-x64.dll); second definition ignored
libcrypto_static.lib(ecdsa_vrf.obj) : warning LNK4006: ECDSA_do_verify already defined in libcrypto.lib(libcrypto-1_1-x64.dll); second definition ignored
libcrypto_static.lib(ecdsa_vrf.obj) : warning LNK4006: ECDSA_verify already defined in libcrypto.lib(libcrypto-1_1-x64.dll); second definition ignored
libcrypto_static.lib(eck_prn.obj) : warning LNK4006: ECPKParameters_print already defined in libcrypto.lib(libcrypto-1_1-x64.dll); second definition ignored
libcrypto_static.lib(eck_prn.obj) : warning LNK4006: ECPKParameters_print_fp already defined in libcrypto.lib(libcrypto-1_1-x64.dll); second definition ignored
libcrypto_static.lib(eck_prn.obj) : warning LNK4006: ECParameters_print_fp already defined in libcrypto.lib(libcrypto-1_1-x64.dll); second definition ignored
libcrypto_static.lib(eck_prn.obj) : warning LNK4006: EC_KEY_print_fp already defined in libcrypto.lib(libcrypto-1_1-x64.dll); second definition ignored
libcrypto_static.lib(ecp_mont.obj) : warning LNK4006: EC_GFp_mont_method already defined in libcrypto.lib(libcrypto-1_1-x64.dll); second definition ignored
libcrypto_static.lib(ecp_nist.obj) : warning LNK4006: EC_GFp_nist_method already defined in libcrypto.lib(libcrypto-1_1-x64.dll); second definition ignored
libcrypto_static.lib(ecp_smpl.obj) : warning LNK4006: EC_GFp_simple_method already defined in libcrypto.lib(libcrypto-1_1-x64.dll); second definition ignored
libcrypto_static.lib(eng_all.obj) : warning LNK4006: ENGINE_load_builtin_engines already defined in libcrypto.lib(libcrypto-1_1-x64.dll); second definition ignored
libcrypto_static.lib(eng_cnf.obj) : warning LNK4006: ENGINE_add_conf_module already defined in libcrypto.lib(libcrypto-1_1-x64.dll); second definition ignored
libcrypto_static.lib(eng_ctrl.obj) : warning LNK4006: ENGINE_ctrl already defined in libcrypto.lib(libcrypto-1_1-x64.dll); second definition ignored
libcrypto_static.lib(eng_ctrl.obj) : warning LNK4006: ENGINE_cmd_is_executable already defined in libcrypto.lib(libcrypto-1_1-x64.dll); second definition ignored
libcrypto_static.lib(eng_ctrl.obj) : warning LNK4006: ENGINE_ctrl_cmd already defined in libcrypto.lib(libcrypto-1_1-x64.dll); second definition ignored
libcrypto_static.lib(eng_ctrl.obj) : warning LNK4006: ENGINE_ctrl_cmd_string already defined in libcrypto.lib(libcrypto-1_1-x64.dll); second definition ignored
libcrypto_static.lib(eng_err.obj) : warning LNK4006: ERR_load_ENGINE_strings already defined in libcrypto.lib(libcrypto-1_1-x64.dll); second definition ignored
libcrypto_static.lib(eng_fat.obj) : warning LNK4006: ENGINE_register_complete already defined in libcrypto.lib(libcrypto-1_1-x64.dll); second definition ignored
libcrypto_static.lib(eng_fat.obj) : warning LNK4006: ENGINE_register_all_complete already defined in libcrypto.lib(libcrypto-1_1-x64.dll); second definition ignored
libcrypto_static.lib(eng_fat.obj) : warning LNK4006: ENGINE_set_default_string already defined in libcrypto.lib(libcrypto-1_1-x64.dll); second definition ignored
libcrypto_static.lib(eng_fat.obj) : warning LNK4006: ENGINE_set_default already defined in libcrypto.lib(libcrypto-1_1-x64.dll); second definition ignored
libcrypto_static.lib(eng_init.obj) : warning LNK4006: ENGINE_init already defined in libcrypto.lib(libcrypto-1_1-x64.dll); second definition ignored
libcrypto_static.lib(eng_init.obj) : warning LNK4006: ENGINE_finish already defined in libcrypto.lib(libcrypto-1_1-x64.dll); second definition ignored
libcrypto_static.lib(eng_lib.obj) : warning LNK4006: ENGINE_new already defined in libcrypto.lib(libcrypto-1_1-x64.dll); second definition ignored
libcrypto_static.lib(eng_lib.obj) : warning LNK4006: ENGINE_free already defined in libcrypto.lib(libcrypto-1_1-x64.dll); second definition ignored
libcrypto_static.lib(eng_lib.obj) : warning LNK4006: ENGINE_set_id already defined in libcrypto.lib(libcrypto-1_1-x64.dll); second definition ignored
libcrypto_static.lib(eng_lib.obj) : warning LNK4006: ENGINE_set_name already defined in libcrypto.lib(libcrypto-1_1-x64.dll); second definition ignored
libcrypto_static.lib(eng_lib.obj) : warning LNK4006: ENGINE_set_destroy_function already defined in libcrypto.lib(libcrypto-1_1-x64.dll); second definition ignored
libcrypto_static.lib(eng_lib.obj) : warning LNK4006: ENGINE_set_init_function already defined in libcrypto.lib(libcrypto-1_1-x64.dll); second definition ignored
libcrypto_static.lib(eng_lib.obj) : warning LNK4006: ENGINE_set_finish_function already defined in libcrypto.lib(libcrypto-1_1-x64.dll); second definition ignored
libcrypto_static.lib(eng_lib.obj) : warning LNK4006: ENGINE_set_ctrl_function already defined in libcrypto.lib(libcrypto-1_1-x64.dll); second definition ignored
libcrypto_static.lib(eng_lib.obj) : warning LNK4006: ENGINE_set_flags already defined in libcrypto.lib(libcrypto-1_1-x64.dll); second definition ignored
libcrypto_static.lib(eng_lib.obj) : warning LNK4006: ENGINE_set_cmd_defns already defined in libcrypto.lib(libcrypto-1_1-x64.dll); second definition ignored
libcrypto_static.lib(eng_lib.obj) : warning LNK4006: ENGINE_set_ex_data already defined in libcrypto.lib(libcrypto-1_1-x64.dll); second definition ignored
libcrypto_static.lib(eng_lib.obj) : warning LNK4006: ENGINE_get_ex_data already defined in libcrypto.lib(libcrypto-1_1-x64.dll); second definition ignored
libcrypto_static.lib(eng_lib.obj) : warning LNK4006: ENGINE_get_id already defined in libcrypto.lib(libcrypto-1_1-x64.dll); second definition ignored
libcrypto_static.lib(eng_lib.obj) : warning LNK4006: ENGINE_get_name already defined in libcrypto.lib(libcrypto-1_1-x64.dll); second definition ignored
libcrypto_static.lib(eng_lib.obj) : warning LNK4006: ENGINE_get_destroy_function already defined in libcrypto.lib(libcrypto-1_1-x64.dll); second definition ignored
libcrypto_static.lib(eng_lib.obj) : warning LNK4006: ENGINE_get_init_function already defined in libcrypto.lib(libcrypto-1_1-x64.dll); second definition ignored
libcrypto_static.lib(eng_lib.obj) : warning LNK4006: ENGINE_get_finish_function already defined in libcrypto.lib(libcrypto-1_1-x64.dll); second definition ignored
libcrypto_static.lib(eng_lib.obj) : warning LNK4006: ENGINE_get_ctrl_function already defined in libcrypto.lib(libcrypto-1_1-x64.dll); second definition ignored
libcrypto_static.lib(eng_lib.obj) : warning LNK4006: ENGINE_get_cmd_defns already defined in libcrypto.lib(libcrypto-1_1-x64.dll); second definition ignored
libcrypto_static.lib(eng_lib.obj) : warning LNK4006: ENGINE_get_flags already defined in libcrypto.lib(libcrypto-1_1-x64.dll); second definition ignored
libcrypto_static.lib(eng_lib.obj) : warning LNK4006: ENGINE_get_static_state already defined in libcrypto.lib(libcrypto-1_1-x64.dll); second definition ignored
libcrypto_static.lib(eng_list.obj) : warning LNK4006: ENGINE_get_first already defined in libcrypto.lib(libcrypto-1_1-x64.dll); second definition ignored
libcrypto_static.lib(eng_list.obj) : warning LNK4006: ENGINE_get_last already defined in libcrypto.lib(libcrypto-1_1-x64.dll); second definition ignored
libcrypto_static.lib(eng_list.obj) : warning LNK4006: ENGINE_get_next already defined in libcrypto.lib(libcrypto-1_1-x64.dll); second definition ignored
libcrypto_static.lib(eng_list.obj) : warning LNK4006: ENGINE_get_prev already defined in libcrypto.lib(libcrypto-1_1-x64.dll); second definition ignored
libcrypto_static.lib(eng_list.obj) : warning LNK4006: ENGINE_add already defined in libcrypto.lib(libcrypto-1_1-x64.dll); second definition ignored
libcrypto_static.lib(eng_list.obj) : warning LNK4006: ENGINE_remove already defined in libcrypto.lib(libcrypto-1_1-x64.dll); second definition ignored
libcrypto_static.lib(eng_list.obj) : warning LNK4006: ENGINE_by_id already defined in libcrypto.lib(libcrypto-1_1-x64.dll); second definition ignored
libcrypto_static.lib(eng_list.obj) : warning LNK4006: ENGINE_up_ref already defined in libcrypto.lib(libcrypto-1_1-x64.dll); second definition ignored
libcrypto_static.lib(eng_pkey.obj) : warning LNK4006: ENGINE_set_load_privkey_function already defined in libcrypto.lib(libcrypto-1_1-x64.dll); second definition ignored
libcrypto_static.lib(eng_pkey.obj) : warning LNK4006: ENGINE_set_load_pubkey_function already defined in libcrypto.lib(libcrypto-1_1-x64.dll); second definition ignored
libcrypto_static.lib(eng_pkey.obj) : warning LNK4006: ENGINE_set_load_ssl_client_cert_function already defined in libcrypto.lib(libcrypto-1_1-x64.dll); second definition ignored
libcrypto_static.lib(eng_pkey.obj) : warning LNK4006: ENGINE_get_load_privkey_function already defined in libcrypto.lib(libcrypto-1_1-x64.dll); second definition ignored
libcrypto_static.lib(eng_pkey.obj) : warning LNK4006: ENGINE_get_load_pubkey_function already defined in libcrypto.lib(libcrypto-1_1-x64.dll); second definition ignored
libcrypto_static.lib(eng_pkey.obj) : warning LNK4006: ENGINE_get_ssl_client_cert_function already defined in libcrypto.lib(libcrypto-1_1-x64.dll); second definition ignored
libcrypto_static.lib(eng_pkey.obj) : warning LNK4006: ENGINE_load_private_key already defined in libcrypto.lib(libcrypto-1_1-x64.dll); second definition ignored
libcrypto_static.lib(eng_pkey.obj) : warning LNK4006: ENGINE_load_public_key already defined in libcrypto.lib(libcrypto-1_1-x64.dll); second definition ignored
libcrypto_static.lib(eng_pkey.obj) : warning LNK4006: ENGINE_load_ssl_client_cert already defined in libcrypto.lib(libcrypto-1_1-x64.dll); second definition ignored
libcrypto_static.lib(eng_table.obj) : warning LNK4006: ENGINE_get_table_flags already defined in libcrypto.lib(libcrypto-1_1-x64.dll); second definition ignored
libcrypto_static.lib(eng_table.obj) : warning LNK4006: ENGINE_set_table_flags already defined in libcrypto.lib(libcrypto-1_1-x64.dll); second definition ignored
libcrypto_static.lib(tb_asnmth.obj) : warning LNK4006: ENGINE_register_pkey_asn1_meths already defined in libcrypto.lib(libcrypto-1_1-x64.dll); second definition ignored
libcrypto_static.lib(tb_asnmth.obj) : warning LNK4006: ENGINE_unregister_pkey_asn1_meths already defined in libcrypto.lib(libcrypto-1_1-x64.dll); second definition ignored
libcrypto_static.lib(tb_asnmth.obj) : warning LNK4006: ENGINE_register_all_pkey_asn1_meths already defined in libcrypto.lib(libcrypto-1_1-x64.dll); second definition ignored
libcrypto_static.lib(tb_asnmth.obj) : warning LNK4006: ENGINE_set_pkey_asn1_meths already defined in libcrypto.lib(libcrypto-1_1-x64.dll); second definition ignored
libcrypto_static.lib(tb_asnmth.obj) : warning LNK4006: ENGINE_get_pkey_asn1_meths already defined in libcrypto.lib(libcrypto-1_1-x64.dll); second definition ignored
libcrypto_static.lib(tb_asnmth.obj) : warning LNK4006: ENGINE_get_pkey_asn1_meth already defined in libcrypto.lib(libcrypto-1_1-x64.dll); second definition ignored
libcrypto_static.lib(tb_asnmth.obj) : warning LNK4006: ENGINE_get_pkey_asn1_meth_str already defined in libcrypto.lib(libcrypto-1_1-x64.dll); second definition ignored
libcrypto_static.lib(tb_asnmth.obj) : warning LNK4006: ENGINE_pkey_asn1_find_str already defined in libcrypto.lib(libcrypto-1_1-x64.dll); second definition ignored
libcrypto_static.lib(tb_asnmth.obj) : warning LNK4006: ENGINE_get_pkey_asn1_meth_engine already defined in libcrypto.lib(libcrypto-1_1-x64.dll); second definition ignored
libcrypto_static.lib(tb_asnmth.obj) : warning LNK4006: ENGINE_set_default_pkey_asn1_meths already defined in libcrypto.lib(libcrypto-1_1-x64.dll); second definition ignored
libcrypto_static.lib(tb_cipher.obj) : warning LNK4006: ENGINE_register_ciphers already defined in libcrypto.lib(libcrypto-1_1-x64.dll); second definition ignored
libcrypto_static.lib(tb_cipher.obj) : warning LNK4006: ENGINE_unregister_ciphers already defined in libcrypto.lib(libcrypto-1_1-x64.dll); second definition ignored
libcrypto_static.lib(tb_cipher.obj) : warning LNK4006: ENGINE_register_all_ciphers already defined in libcrypto.lib(libcrypto-1_1-x64.dll); second definition ignored
libcrypto_static.lib(tb_cipher.obj) : warning LNK4006: ENGINE_set_ciphers already defined in libcrypto.lib(libcrypto-1_1-x64.dll); second definition ignored
libcrypto_static.lib(tb_cipher.obj) : warning LNK4006: ENGINE_get_ciphers already defined in libcrypto.lib(libcrypto-1_1-x64.dll); second definition ignored
libcrypto_static.lib(tb_cipher.obj) : warning LNK4006: ENGINE_get_cipher already defined in libcrypto.lib(libcrypto-1_1-x64.dll); second definition ignored
libcrypto_static.lib(tb_cipher.obj) : warning LNK4006: ENGINE_get_cipher_engine already defined in libcrypto.lib(libcrypto-1_1-x64.dll); second definition ignored
libcrypto_static.lib(tb_cipher.obj) : warning LNK4006: ENGINE_set_default_ciphers already defined in libcrypto.lib(libcrypto-1_1-x64.dll); second definition ignored
libcrypto_static.lib(tb_dh.obj) : warning LNK4006: ENGINE_register_DH already defined in libcrypto.lib(libcrypto-1_1-x64.dll); second definition ignored
libcrypto_static.lib(tb_dh.obj) : warning LNK4006: ENGINE_unregister_DH already defined in libcrypto.lib(libcrypto-1_1-x64.dll); second definition ignored
libcrypto_static.lib(tb_dh.obj) : warning LNK4006: ENGINE_register_all_DH already defined in libcrypto.lib(libcrypto-1_1-x64.dll); second definition ignored
libcrypto_static.lib(tb_dh.obj) : warning LNK4006: ENGINE_set_DH already defined in libcrypto.lib(libcrypto-1_1-x64.dll); second definition ignored
libcrypto_static.lib(tb_dh.obj) : warning LNK4006: ENGINE_get_DH already defined in libcrypto.lib(libcrypto-1_1-x64.dll); second definition ignored
libcrypto_static.lib(tb_dh.obj) : warning LNK4006: ENGINE_get_default_DH already defined in libcrypto.lib(libcrypto-1_1-x64.dll); second definition ignored
libcrypto_static.lib(tb_dh.obj) : warning LNK4006: ENGINE_set_default_DH already defined in libcrypto.lib(libcrypto-1_1-x64.dll); second definition ignored
libcrypto_static.lib(tb_digest.obj) : warning LNK4006: ENGINE_register_digests already defined in libcrypto.lib(libcrypto-1_1-x64.dll); second definition ignored
libcrypto_static.lib(tb_digest.obj) : warning LNK4006: ENGINE_unregister_digests already defined in libcrypto.lib(libcrypto-1_1-x64.dll); second definition ignored
libcrypto_static.lib(tb_digest.obj) : warning LNK4006: ENGINE_register_all_digests already defined in libcrypto.lib(libcrypto-1_1-x64.dll); second definition ignored
libcrypto_static.lib(tb_digest.obj) : warning LNK4006: ENGINE_set_digests already defined in libcrypto.lib(libcrypto-1_1-x64.dll); second definition ignored
libcrypto_static.lib(tb_digest.obj) : warning LNK4006: ENGINE_get_digests already defined in libcrypto.lib(libcrypto-1_1-x64.dll); second definition ignored
libcrypto_static.lib(tb_digest.obj) : warning LNK4006: ENGINE_get_digest already defined in libcrypto.lib(libcrypto-1_1-x64.dll); second definition ignored
libcrypto_static.lib(tb_digest.obj) : warning LNK4006: ENGINE_get_digest_engine already defined in libcrypto.lib(libcrypto-1_1-x64.dll); second definition ignored
libcrypto_static.lib(tb_digest.obj) : warning LNK4006: ENGINE_set_default_digests already defined in libcrypto.lib(libcrypto-1_1-x64.dll); second definition ignored
libcrypto_static.lib(tb_dsa.obj) : warning LNK4006: ENGINE_register_DSA already defined in libcrypto.lib(libcrypto-1_1-x64.dll); second definition ignored
libcrypto_static.lib(tb_dsa.obj) : warning LNK4006: ENGINE_unregister_DSA already defined in libcrypto.lib(libcrypto-1_1-x64.dll); second definition ignored
libcrypto_static.lib(tb_dsa.obj) : warning LNK4006: ENGINE_register_all_DSA already defined in libcrypto.lib(libcrypto-1_1-x64.dll); second definition ignored
libcrypto_static.lib(tb_dsa.obj) : warning LNK4006: ENGINE_set_DSA already defined in libcrypto.lib(libcrypto-1_1-x64.dll); second definition ignored
libcrypto_static.lib(tb_dsa.obj) : warning LNK4006: ENGINE_get_DSA already defined in libcrypto.lib(libcrypto-1_1-x64.dll); second definition ignored
libcrypto_static.lib(tb_dsa.obj) : warning LNK4006: ENGINE_get_default_DSA already defined in libcrypto.lib(libcrypto-1_1-x64.dll); second definition ignored
libcrypto_static.lib(tb_dsa.obj) : warning LNK4006: ENGINE_set_default_DSA already defined in libcrypto.lib(libcrypto-1_1-x64.dll); second definition ignored
libcrypto_static.lib(tb_eckey.obj) : warning LNK4006: ENGINE_register_EC already defined in libcrypto.lib(libcrypto-1_1-x64.dll); second definition ignored
libcrypto_static.lib(tb_eckey.obj) : warning LNK4006: ENGINE_unregister_EC already defined in libcrypto.lib(libcrypto-1_1-x64.dll); second definition ignored
libcrypto_static.lib(tb_eckey.obj) : warning LNK4006: ENGINE_register_all_EC already defined in libcrypto.lib(libcrypto-1_1-x64.dll); second definition ignored
libcrypto_static.lib(tb_eckey.obj) : warning LNK4006: ENGINE_set_EC already defined in libcrypto.lib(libcrypto-1_1-x64.dll); second definition ignored
libcrypto_static.lib(tb_eckey.obj) : warning LNK4006: ENGINE_get_EC already defined in libcrypto.lib(libcrypto-1_1-x64.dll); second definition ignored
libcrypto_static.lib(tb_eckey.obj) : warning LNK4006: ENGINE_get_default_EC already defined in libcrypto.lib(libcrypto-1_1-x64.dll); second definition ignored
libcrypto_static.lib(tb_eckey.obj) : warning LNK4006: ENGINE_set_default_EC already defined in libcrypto.lib(libcrypto-1_1-x64.dll); second definition ignored
libcrypto_static.lib(tb_pkmeth.obj) : warning LNK4006: ENGINE_register_pkey_meths already defined in libcrypto.lib(libcrypto-1_1-x64.dll); second definition ignored
libcrypto_static.lib(tb_pkmeth.obj) : warning LNK4006: ENGINE_unregister_pkey_meths already defined in libcrypto.lib(libcrypto-1_1-x64.dll); second definition ignored
libcrypto_static.lib(tb_pkmeth.obj) : warning LNK4006: ENGINE_register_all_pkey_meths already defined in libcrypto.lib(libcrypto-1_1-x64.dll); second definition ignored
libcrypto_static.lib(tb_pkmeth.obj) : warning LNK4006: ENGINE_set_pkey_meths already defined in libcrypto.lib(libcrypto-1_1-x64.dll); second definition ignored
libcrypto_static.lib(tb_pkmeth.obj) : warning LNK4006: ENGINE_get_pkey_meths already defined in libcrypto.lib(libcrypto-1_1-x64.dll); second definition ignored
libcrypto_static.lib(tb_pkmeth.obj) : warning LNK4006: ENGINE_get_pkey_meth already defined in libcrypto.lib(libcrypto-1_1-x64.dll); second definition ignored
libcrypto_static.lib(tb_pkmeth.obj) : warning LNK4006: ENGINE_get_pkey_meth_engine already defined in libcrypto.lib(libcrypto-1_1-x64.dll); second definition ignored
libcrypto_static.lib(tb_pkmeth.obj) : warning LNK4006: ENGINE_set_default_pkey_meths already defined in libcrypto.lib(libcrypto-1_1-x64.dll); second definition ignored
libcrypto_static.lib(tb_rand.obj) : warning LNK4006: ENGINE_register_RAND already defined in libcrypto.lib(libcrypto-1_1-x64.dll); second definition ignored
libcrypto_static.lib(tb_rand.obj) : warning LNK4006: ENGINE_unregister_RAND already defined in libcrypto.lib(libcrypto-1_1-x64.dll); second definition ignored
libcrypto_static.lib(tb_rand.obj) : warning LNK4006: ENGINE_register_all_RAND already defined in libcrypto.lib(libcrypto-1_1-x64.dll); second definition ignored
libcrypto_static.lib(tb_rand.obj) : warning LNK4006: ENGINE_set_RAND already defined in libcrypto.lib(libcrypto-1_1-x64.dll); second definition ignored
libcrypto_static.lib(tb_rand.obj) : warning LNK4006: ENGINE_get_RAND already defined in libcrypto.lib(libcrypto-1_1-x64.dll); second definition ignored
libcrypto_static.lib(tb_rand.obj) : warning LNK4006: ENGINE_get_default_RAND already defined in libcrypto.lib(libcrypto-1_1-x64.dll); second definition ignored
libcrypto_static.lib(tb_rand.obj) : warning LNK4006: ENGINE_set_default_RAND already defined in libcrypto.lib(libcrypto-1_1-x64.dll); second definition ignored
libcrypto_static.lib(tb_rsa.obj) : warning LNK4006: ENGINE_register_RSA already defined in libcrypto.lib(libcrypto-1_1-x64.dll); second definition ignored
libcrypto_static.lib(tb_rsa.obj) : warning LNK4006: ENGINE_unregister_RSA already defined in libcrypto.lib(libcrypto-1_1-x64.dll); second definition ignored
libcrypto_static.lib(tb_rsa.obj) : warning LNK4006: ENGINE_register_all_RSA already defined in libcrypto.lib(libcrypto-1_1-x64.dll); second definition ignored
libcrypto_static.lib(tb_rsa.obj) : warning LNK4006: ENGINE_set_RSA already defined in libcrypto.lib(libcrypto-1_1-x64.dll); second definition ignored
libcrypto_static.lib(tb_rsa.obj) : warning LNK4006: ENGINE_get_RSA already defined in libcrypto.lib(libcrypto-1_1-x64.dll); second definition ignored
libcrypto_static.lib(tb_rsa.obj) : warning LNK4006: ENGINE_get_default_RSA already defined in libcrypto.lib(libcrypto-1_1-x64.dll); second definition ignored
libcrypto_static.lib(tb_rsa.obj) : warning LNK4006: ENGINE_set_default_RSA already defined in libcrypto.lib(libcrypto-1_1-x64.dll); second definition ignored
libcrypto_static.lib(err.obj) : warning LNK4006: ERR_put_error already defined in libcrypto.lib(libcrypto-1_1-x64.dll); second definition ignored
libcrypto_static.lib(err.obj) : warning LNK4006: ERR_set_error_data already defined in libcrypto.lib(libcrypto-1_1-x64.dll); second definition ignored
libcrypto_static.lib(err.obj) : warning LNK4006: ERR_get_error already defined in libcrypto.lib(libcrypto-1_1-x64.dll); second definition ignored
libcrypto_static.lib(err.obj) : warning LNK4006: ERR_get_error_line already defined in libcrypto.lib(libcrypto-1_1-x64.dll); second definition ignored
libcrypto_static.lib(err.obj) : warning LNK4006: ERR_get_error_line_data already defined in libcrypto.lib(libcrypto-1_1-x64.dll); second definition ignored
libcrypto_static.lib(err.obj) : warning LNK4006: ERR_peek_error already defined in libcrypto.lib(libcrypto-1_1-x64.dll); second definition ignored
libcrypto_static.lib(err.obj) : warning LNK4006: ERR_peek_error_line already defined in libcrypto.lib(libcrypto-1_1-x64.dll); second definition ignored
libcrypto_static.lib(err.obj) : warning LNK4006: ERR_peek_error_line_data already defined in libcrypto.lib(libcrypto-1_1-x64.dll); second definition ignored
libcrypto_static.lib(err.obj) : warning LNK4006: ERR_peek_last_error already defined in libcrypto.lib(libcrypto-1_1-x64.dll); second definition ignored
libcrypto_static.lib(err.obj) : warning LNK4006: ERR_peek_last_error_line already defined in libcrypto.lib(libcrypto-1_1-x64.dll); second definition ignored
libcrypto_static.lib(err.obj) : warning LNK4006: ERR_peek_last_error_line_data already defined in libcrypto.lib(libcrypto-1_1-x64.dll); second definition ignored
libcrypto_static.lib(err.obj) : warning LNK4006: ERR_clear_error already defined in libcrypto.lib(libcrypto-1_1-x64.dll); second definition ignored
libcrypto_static.lib(err.obj) : warning LNK4006: ERR_error_string already defined in libcrypto.lib(libcrypto-1_1-x64.dll); second definition ignored
libcrypto_static.lib(err.obj) : warning LNK4006: ERR_error_string_n already defined in libcrypto.lib(libcrypto-1_1-x64.dll); second definition ignored
libcrypto_static.lib(err.obj) : warning LNK4006: ERR_lib_error_string already defined in libcrypto.lib(libcrypto-1_1-x64.dll); second definition ignored
libcrypto_static.lib(err.obj) : warning LNK4006: ERR_func_error_string already defined in libcrypto.lib(libcrypto-1_1-x64.dll); second definition ignored
libcrypto_static.lib(err.obj) : warning LNK4006: ERR_reason_error_string already defined in libcrypto.lib(libcrypto-1_1-x64.dll); second definition ignored
libcrypto_static.lib(err.obj) : warning LNK4006: ERR_add_error_data already defined in libcrypto.lib(libcrypto-1_1-x64.dll); second definition ignored
libcrypto_static.lib(err.obj) : warning LNK4006: ERR_add_error_vdata already defined in libcrypto.lib(libcrypto-1_1-x64.dll); second definition ignored
libcrypto_static.lib(err.obj) : warning LNK4006: ERR_load_strings already defined in libcrypto.lib(libcrypto-1_1-x64.dll); second definition ignored
libcrypto_static.lib(err.obj) : warning LNK4006: ERR_load_strings_const already defined in libcrypto.lib(libcrypto-1_1-x64.dll); second definition ignored
libcrypto_static.lib(err.obj) : warning LNK4006: ERR_unload_strings already defined in libcrypto.lib(libcrypto-1_1-x64.dll); second definition ignored
libcrypto_static.lib(err.obj) : warning LNK4006: ERR_load_ERR_strings already defined in libcrypto.lib(libcrypto-1_1-x64.dll); second definition ignored
libcrypto_static.lib(err.obj) : warning LNK4006: ERR_remove_thread_state already defined in libcrypto.lib(libcrypto-1_1-x64.dll); second definition ignored
libcrypto_static.lib(err.obj) : warning LNK4006: ERR_remove_state already defined in libcrypto.lib(libcrypto-1_1-x64.dll); second definition ignored
libcrypto_static.lib(err.obj) : warning LNK4006: ERR_get_state already defined in libcrypto.lib(libcrypto-1_1-x64.dll); second definition ignored
libcrypto_static.lib(err.obj) : warning LNK4006: ERR_get_next_error_library already defined in libcrypto.lib(libcrypto-1_1-x64.dll); second definition ignored
libcrypto_static.lib(err.obj) : warning LNK4006: ERR_set_mark already defined in libcrypto.lib(libcrypto-1_1-x64.dll); second definition ignored
libcrypto_static.lib(err.obj) : warning LNK4006: ERR_pop_to_mark already defined in libcrypto.lib(libcrypto-1_1-x64.dll); second definition ignored
libcrypto_static.lib(err.obj) : warning LNK4006: ERR_clear_last_mark already defined in libcrypto.lib(libcrypto-1_1-x64.dll); second definition ignored
libcrypto_static.lib(err.obj) : warning LNK4006: err_free_strings_int already defined in libcrypto.lib(libcrypto-1_1-x64.dll); second definition ignored
libcrypto_static.lib(err_prn.obj) : warning LNK4006: ERR_print_errors_cb already defined in libcrypto.lib(libcrypto-1_1-x64.dll); second definition ignored
libcrypto_static.lib(err_prn.obj) : warning LNK4006: ERR_print_errors_fp already defined in libcrypto.lib(libcrypto-1_1-x64.dll); second definition ignored
libcrypto_static.lib(err_prn.obj) : warning LNK4006: ERR_print_errors already defined in libcrypto.lib(libcrypto-1_1-x64.dll); second definition ignored
libcrypto_static.lib(bio_b64.obj) : warning LNK4006: BIO_f_base64 already defined in libcrypto.lib(libcrypto-1_1-x64.dll); second definition ignored
libcrypto_static.lib(bio_enc.obj) : warning LNK4006: BIO_f_cipher already defined in libcrypto.lib(libcrypto-1_1-x64.dll); second definition ignored
libcrypto_static.lib(bio_enc.obj) : warning LNK4006: BIO_set_cipher already defined in libcrypto.lib(libcrypto-1_1-x64.dll); second definition ignored
libcrypto_static.lib(bio_md.obj) : warning LNK4006: BIO_f_md already defined in libcrypto.lib(libcrypto-1_1-x64.dll); second definition ignored
libcrypto_static.lib(bio_ok.obj) : warning LNK4006: BIO_f_reliable already defined in libcrypto.lib(libcrypto-1_1-x64.dll); second definition ignored
libcrypto_static.lib(cmeth_lib.obj) : warning LNK4006: EVP_CIPHER_meth_new already defined in libcrypto.lib(libcrypto-1_1-x64.dll); second definition ignored
libcrypto_static.lib(cmeth_lib.obj) : warning LNK4006: EVP_CIPHER_meth_dup already defined in libcrypto.lib(libcrypto-1_1-x64.dll); second definition ignored
libcrypto_static.lib(cmeth_lib.obj) : warning LNK4006: EVP_CIPHER_meth_free already defined in libcrypto.lib(libcrypto-1_1-x64.dll); second definition ignored
libcrypto_static.lib(cmeth_lib.obj) : warning LNK4006: EVP_CIPHER_meth_set_iv_length already defined in libcrypto.lib(libcrypto-1_1-x64.dll); second definition ignored
libcrypto_static.lib(cmeth_lib.obj) : warning LNK4006: EVP_CIPHER_meth_set_flags already defined in libcrypto.lib(libcrypto-1_1-x64.dll); second definition ignored
libcrypto_static.lib(cmeth_lib.obj) : warning LNK4006: EVP_CIPHER_meth_set_impl_ctx_size already defined in libcrypto.lib(libcrypto-1_1-x64.dll); second definition ignored
libcrypto_static.lib(cmeth_lib.obj) : warning LNK4006: EVP_CIPHER_meth_set_init already defined in libcrypto.lib(libcrypto-1_1-x64.dll); second definition ignored
libcrypto_static.lib(cmeth_lib.obj) : warning LNK4006: EVP_CIPHER_meth_set_do_cipher already defined in libcrypto.lib(libcrypto-1_1-x64.dll); second definition ignored
libcrypto_static.lib(cmeth_lib.obj) : warning LNK4006: EVP_CIPHER_meth_set_cleanup already defined in libcrypto.lib(libcrypto-1_1-x64.dll); second definition ignored
libcrypto_static.lib(cmeth_lib.obj) : warning LNK4006: EVP_CIPHER_meth_set_set_asn1_params already defined in libcrypto.lib(libcrypto-1_1-x64.dll); second definition ignored
libcrypto_static.lib(cmeth_lib.obj) : warning LNK4006: EVP_CIPHER_meth_set_get_asn1_params already defined in libcrypto.lib(libcrypto-1_1-x64.dll); second definition ignored
libcrypto_static.lib(cmeth_lib.obj) : warning LNK4006: EVP_CIPHER_meth_set_ctrl already defined in libcrypto.lib(libcrypto-1_1-x64.dll); second definition ignored
libcrypto_static.lib(cmeth_lib.obj) : warning LNK4006: EVP_CIPHER_meth_get_init already defined in libcrypto.lib(libcrypto-1_1-x64.dll); second definition ignored
libcrypto_static.lib(cmeth_lib.obj) : warning LNK4006: EVP_CIPHER_meth_get_do_cipher already defined in libcrypto.lib(libcrypto-1_1-x64.dll); second definition ignored
libcrypto_static.lib(cmeth_lib.obj) : warning LNK4006: EVP_CIPHER_meth_get_cleanup already defined in libcrypto.lib(libcrypto-1_1-x64.dll); second definition ignored
libcrypto_static.lib(cmeth_lib.obj) : warning LNK4006: EVP_CIPHER_meth_get_set_asn1_params already defined in libcrypto.lib(libcrypto-1_1-x64.dll); second definition ignored
libcrypto_static.lib(cmeth_lib.obj) : warning LNK4006: EVP_CIPHER_meth_get_get_asn1_params already defined in libcrypto.lib(libcrypto-1_1-x64.dll); second definition ignored
libcrypto_static.lib(cmeth_lib.obj) : warning LNK4006: EVP_CIPHER_meth_get_ctrl already defined in libcrypto.lib(libcrypto-1_1-x64.dll); second definition ignored
libcrypto_static.lib(digest.obj) : warning LNK4006: EVP_MD_CTX_ctrl already defined in libcrypto.lib(libcrypto-1_1-x64.dll); second definition ignored
libcrypto_static.lib(digest.obj) : warning LNK4006: EVP_MD_CTX_new already defined in libcrypto.lib(libcrypto-1_1-x64.dll); second definition ignored
libcrypto_static.lib(digest.obj) : warning LNK4006: EVP_MD_CTX_reset already defined in libcrypto.lib(libcrypto-1_1-x64.dll); second definition ignored
libcrypto_static.lib(digest.obj) : warning LNK4006: EVP_MD_CTX_free already defined in libcrypto.lib(libcrypto-1_1-x64.dll); second definition ignored
libcrypto_static.lib(digest.obj) : warning LNK4006: EVP_MD_CTX_copy_ex already defined in libcrypto.lib(libcrypto-1_1-x64.dll); second definition ignored
libcrypto_static.lib(digest.obj) : warning LNK4006: EVP_DigestInit_ex already defined in libcrypto.lib(libcrypto-1_1-x64.dll); second definition ignored
libcrypto_static.lib(digest.obj) : warning LNK4006: EVP_DigestUpdate already defined in libcrypto.lib(libcrypto-1_1-x64.dll); second definition ignored
libcrypto_static.lib(digest.obj) : warning LNK4006: EVP_DigestFinal_ex already defined in libcrypto.lib(libcrypto-1_1-x64.dll); second definition ignored
libcrypto_static.lib(digest.obj) : warning LNK4006: EVP_Digest already defined in libcrypto.lib(libcrypto-1_1-x64.dll); second definition ignored
libcrypto_static.lib(digest.obj) : warning LNK4006: EVP_MD_CTX_copy already defined in libcrypto.lib(libcrypto-1_1-x64.dll); second definition ignored
libcrypto_static.lib(digest.obj) : warning LNK4006: EVP_DigestInit already defined in libcrypto.lib(libcrypto-1_1-x64.dll); second definition ignored
libcrypto_static.lib(digest.obj) : warning LNK4006: EVP_DigestFinal already defined in libcrypto.lib(libcrypto-1_1-x64.dll); second definition ignored
libcrypto_static.lib(digest.obj) : warning LNK4006: EVP_DigestFinalXOF already defined in libcrypto.lib(libcrypto-1_1-x64.dll); second definition ignored
libcrypto_static.lib(e_aes.obj) : warning LNK4006: EVP_aes_128_ecb already defined in libcrypto.lib(libcrypto-1_1-x64.dll); second definition ignored
libcrypto_static.lib(e_aes.obj) : warning LNK4006: EVP_aes_128_cbc already defined in libcrypto.lib(libcrypto-1_1-x64.dll); second definition ignored
libcrypto_static.lib(e_aes.obj) : warning LNK4006: EVP_aes_128_cfb1 already defined in libcrypto.lib(libcrypto-1_1-x64.dll); second definition ignored
libcrypto_static.lib(e_aes.obj) : warning LNK4006: EVP_aes_128_cfb8 already defined in libcrypto.lib(libcrypto-1_1-x64.dll); second definition ignored
libcrypto_static.lib(e_aes.obj) : warning LNK4006: EVP_aes_128_cfb128 already defined in libcrypto.lib(libcrypto-1_1-x64.dll); second definition ignored
libcrypto_static.lib(e_aes.obj) : warning LNK4006: EVP_aes_128_ofb already defined in libcrypto.lib(libcrypto-1_1-x64.dll); second definition ignored
libcrypto_static.lib(e_aes.obj) : warning LNK4006: EVP_aes_128_ctr already defined in libcrypto.lib(libcrypto-1_1-x64.dll); second definition ignored
libcrypto_static.lib(e_aes.obj) : warning LNK4006: EVP_aes_128_ccm already defined in libcrypto.lib(libcrypto-1_1-x64.dll); second definition ignored
libcrypto_static.lib(e_aes.obj) : warning LNK4006: EVP_aes_128_gcm already defined in libcrypto.lib(libcrypto-1_1-x64.dll); second definition ignored
libcrypto_static.lib(e_aes.obj) : warning LNK4006: EVP_aes_128_xts already defined in libcrypto.lib(libcrypto-1_1-x64.dll); second definition ignored
libcrypto_static.lib(e_aes.obj) : warning LNK4006: EVP_aes_128_wrap already defined in libcrypto.lib(libcrypto-1_1-x64.dll); second definition ignored
libcrypto_static.lib(e_aes.obj) : warning LNK4006: EVP_aes_128_wrap_pad already defined in libcrypto.lib(libcrypto-1_1-x64.dll); second definition ignored
libcrypto_static.lib(e_aes.obj) : warning LNK4006: EVP_aes_128_ocb already defined in libcrypto.lib(libcrypto-1_1-x64.dll); second definition ignored
libcrypto_static.lib(e_aes.obj) : warning LNK4006: EVP_aes_192_ecb already defined in libcrypto.lib(libcrypto-1_1-x64.dll); second definition ignored
libcrypto_static.lib(e_aes.obj) : warning LNK4006: EVP_aes_192_cbc already defined in libcrypto.lib(libcrypto-1_1-x64.dll); second definition ignored
libcrypto_static.lib(e_aes.obj) : warning LNK4006: EVP_aes_192_cfb1 already defined in libcrypto.lib(libcrypto-1_1-x64.dll); second definition ignored
libcrypto_static.lib(e_aes.obj) : warning LNK4006: EVP_aes_192_cfb8 already defined in libcrypto.lib(libcrypto-1_1-x64.dll); second definition ignored
libcrypto_static.lib(e_aes.obj) : warning LNK4006: EVP_aes_192_cfb128 already defined in libcrypto.lib(libcrypto-1_1-x64.dll); second definition ignored
libcrypto_static.lib(e_aes.obj) : warning LNK4006: EVP_aes_192_ofb already defined in libcrypto.lib(libcrypto-1_1-x64.dll); second definition ignored
libcrypto_static.lib(e_aes.obj) : warning LNK4006: EVP_aes_192_ctr already defined in libcrypto.lib(libcrypto-1_1-x64.dll); second definition ignored
libcrypto_static.lib(e_aes.obj) : warning LNK4006: EVP_aes_192_ccm already defined in libcrypto.lib(libcrypto-1_1-x64.dll); second definition ignored
libcrypto_static.lib(e_aes.obj) : warning LNK4006: EVP_aes_192_gcm already defined in libcrypto.lib(libcrypto-1_1-x64.dll); second definition ignored
libcrypto_static.lib(e_aes.obj) : warning LNK4006: EVP_aes_192_wrap already defined in libcrypto.lib(libcrypto-1_1-x64.dll); second definition ignored
libcrypto_static.lib(e_aes.obj) : warning LNK4006: EVP_aes_192_wrap_pad already defined in libcrypto.lib(libcrypto-1_1-x64.dll); second definition ignored
libcrypto_static.lib(e_aes.obj) : warning LNK4006: EVP_aes_192_ocb already defined in libcrypto.lib(libcrypto-1_1-x64.dll); second definition ignored
libcrypto_static.lib(e_aes.obj) : warning LNK4006: EVP_aes_256_ecb already defined in libcrypto.lib(libcrypto-1_1-x64.dll); second definition ignored
libcrypto_static.lib(e_aes.obj) : warning LNK4006: EVP_aes_256_cbc already defined in libcrypto.lib(libcrypto-1_1-x64.dll); second definition ignored
libcrypto_static.lib(e_aes.obj) : warning LNK4006: EVP_aes_256_cfb1 already defined in libcrypto.lib(libcrypto-1_1-x64.dll); second definition ignored
libcrypto_static.lib(e_aes.obj) : warning LNK4006: EVP_aes_256_cfb8 already defined in libcrypto.lib(libcrypto-1_1-x64.dll); second definition ignored
libcrypto_static.lib(e_aes.obj) : warning LNK4006: EVP_aes_256_cfb128 already defined in libcrypto.lib(libcrypto-1_1-x64.dll); second definition ignored
libcrypto_static.lib(e_aes.obj) : warning LNK4006: EVP_aes_256_ofb already defined in libcrypto.lib(libcrypto-1_1-x64.dll); second definition ignored
libcrypto_static.lib(e_aes.obj) : warning LNK4006: EVP_aes_256_ctr already defined in libcrypto.lib(libcrypto-1_1-x64.dll); second definition ignored
libcrypto_static.lib(e_aes.obj) : warning LNK4006: EVP_aes_256_ccm already defined in libcrypto.lib(libcrypto-1_1-x64.dll); second definition ignored
libcrypto_static.lib(e_aes.obj) : warning LNK4006: EVP_aes_256_gcm already defined in libcrypto.lib(libcrypto-1_1-x64.dll); second definition ignored
libcrypto_static.lib(e_aes.obj) : warning LNK4006: EVP_aes_256_xts already defined in libcrypto.lib(libcrypto-1_1-x64.dll); second definition ignored
libcrypto_static.lib(e_aes.obj) : warning LNK4006: EVP_aes_256_wrap already defined in libcrypto.lib(libcrypto-1_1-x64.dll); second definition ignored
libcrypto_static.lib(e_aes.obj) : warning LNK4006: EVP_aes_256_wrap_pad already defined in libcrypto.lib(libcrypto-1_1-x64.dll); second definition ignored
libcrypto_static.lib(e_aes.obj) : warning LNK4006: EVP_aes_256_ocb already defined in libcrypto.lib(libcrypto-1_1-x64.dll); second definition ignored
libcrypto_static.lib(e_aes_cbc_hmac_sha1.obj) : warning LNK4006: EVP_aes_128_cbc_hmac_sha1 already defined in libcrypto.lib(libcrypto-1_1-x64.dll); second definition ignored
libcrypto_static.lib(e_aes_cbc_hmac_sha1.obj) : warning LNK4006: EVP_aes_256_cbc_hmac_sha1 already defined in libcrypto.lib(libcrypto-1_1-x64.dll); second definition ignored
libcrypto_static.lib(e_aes_cbc_hmac_sha256.obj) : warning LNK4006: EVP_aes_128_cbc_hmac_sha256 already defined in libcrypto.lib(libcrypto-1_1-x64.dll); second definition ignored
libcrypto_static.lib(e_aes_cbc_hmac_sha256.obj) : warning LNK4006: EVP_aes_256_cbc_hmac_sha256 already defined in libcrypto.lib(libcrypto-1_1-x64.dll); second definition ignored
libcrypto_static.lib(e_aria.obj) : warning LNK4006: EVP_aria_128_ecb already defined in libcrypto.lib(libcrypto-1_1-x64.dll); second definition ignored
libcrypto_static.lib(e_aria.obj) : warning LNK4006: EVP_aria_128_cbc already defined in libcrypto.lib(libcrypto-1_1-x64.dll); second definition ignored
libcrypto_static.lib(e_aria.obj) : warning LNK4006: EVP_aria_128_cfb1 already defined in libcrypto.lib(libcrypto-1_1-x64.dll); second definition ignored
libcrypto_static.lib(e_aria.obj) : warning LNK4006: EVP_aria_128_cfb8 already defined in libcrypto.lib(libcrypto-1_1-x64.dll); second definition ignored
libcrypto_static.lib(e_aria.obj) : warning LNK4006: EVP_aria_128_cfb128 already defined in libcrypto.lib(libcrypto-1_1-x64.dll); second definition ignored
libcrypto_static.lib(e_aria.obj) : warning LNK4006: EVP_aria_128_ctr already defined in libcrypto.lib(libcrypto-1_1-x64.dll); second definition ignored
libcrypto_static.lib(e_aria.obj) : warning LNK4006: EVP_aria_128_ofb already defined in libcrypto.lib(libcrypto-1_1-x64.dll); second definition ignored
libcrypto_static.lib(e_aria.obj) : warning LNK4006: EVP_aria_128_gcm already defined in libcrypto.lib(libcrypto-1_1-x64.dll); second definition ignored
libcrypto_static.lib(e_aria.obj) : warning LNK4006: EVP_aria_128_ccm already defined in libcrypto.lib(libcrypto-1_1-x64.dll); second definition ignored
libcrypto_static.lib(e_aria.obj) : warning LNK4006: EVP_aria_192_ecb already defined in libcrypto.lib(libcrypto-1_1-x64.dll); second definition ignored
libcrypto_static.lib(e_aria.obj) : warning LNK4006: EVP_aria_192_cbc already defined in libcrypto.lib(libcrypto-1_1-x64.dll); second definition ignored
libcrypto_static.lib(e_aria.obj) : warning LNK4006: EVP_aria_192_cfb1 already defined in libcrypto.lib(libcrypto-1_1-x64.dll); second definition ignored
libcrypto_static.lib(e_aria.obj) : warning LNK4006: EVP_aria_192_cfb8 already defined in libcrypto.lib(libcrypto-1_1-x64.dll); second definition ignored
libcrypto_static.lib(e_aria.obj) : warning LNK4006: EVP_aria_192_cfb128 already defined in libcrypto.lib(libcrypto-1_1-x64.dll); second definition ignored
libcrypto_static.lib(e_aria.obj) : warning LNK4006: EVP_aria_192_ctr already defined in libcrypto.lib(libcrypto-1_1-x64.dll); second definition ignored
libcrypto_static.lib(e_aria.obj) : warning LNK4006: EVP_aria_192_ofb already defined in libcrypto.lib(libcrypto-1_1-x64.dll); second definition ignored
libcrypto_static.lib(e_aria.obj) : warning LNK4006: EVP_aria_192_gcm already defined in libcrypto.lib(libcrypto-1_1-x64.dll); second definition ignored
libcrypto_static.lib(e_aria.obj) : warning LNK4006: EVP_aria_192_ccm already defined in libcrypto.lib(libcrypto-1_1-x64.dll); second definition ignored
libcrypto_static.lib(e_aria.obj) : warning LNK4006: EVP_aria_256_ecb already defined in libcrypto.lib(libcrypto-1_1-x64.dll); second definition ignored
libcrypto_static.lib(e_aria.obj) : warning LNK4006: EVP_aria_256_cbc already defined in libcrypto.lib(libcrypto-1_1-x64.dll); second definition ignored
libcrypto_static.lib(e_aria.obj) : warning LNK4006: EVP_aria_256_cfb1 already defined in libcrypto.lib(libcrypto-1_1-x64.dll); second definition ignored
libcrypto_static.lib(e_aria.obj) : warning LNK4006: EVP_aria_256_cfb8 already defined in libcrypto.lib(libcrypto-1_1-x64.dll); second definition ignored
libcrypto_static.lib(e_aria.obj) : warning LNK4006: EVP_aria_256_cfb128 already defined in libcrypto.lib(libcrypto-1_1-x64.dll); second definition ignored
libcrypto_static.lib(e_aria.obj) : warning LNK4006: EVP_aria_256_ctr already defined in libcrypto.lib(libcrypto-1_1-x64.dll); second definition ignored
libcrypto_static.lib(e_aria.obj) : warning LNK4006: EVP_aria_256_ofb already defined in libcrypto.lib(libcrypto-1_1-x64.dll); second definition ignored
libcrypto_static.lib(e_aria.obj) : warning LNK4006: EVP_aria_256_gcm already defined in libcrypto.lib(libcrypto-1_1-x64.dll); second definition ignored
libcrypto_static.lib(e_aria.obj) : warning LNK4006: EVP_aria_256_ccm already defined in libcrypto.lib(libcrypto-1_1-x64.dll); second definition ignored
libcrypto_static.lib(e_bf.obj) : warning LNK4006: EVP_bf_ecb already defined in libcrypto.lib(libcrypto-1_1-x64.dll); second definition ignored
libcrypto_static.lib(e_bf.obj) : warning LNK4006: EVP_bf_cbc already defined in libcrypto.lib(libcrypto-1_1-x64.dll); second definition ignored
libcrypto_static.lib(e_bf.obj) : warning LNK4006: EVP_bf_cfb64 already defined in libcrypto.lib(libcrypto-1_1-x64.dll); second definition ignored
libcrypto_static.lib(e_bf.obj) : warning LNK4006: EVP_bf_ofb already defined in libcrypto.lib(libcrypto-1_1-x64.dll); second definition ignored
libcrypto_static.lib(e_camellia.obj) : warning LNK4006: EVP_camellia_128_ecb already defined in libcrypto.lib(libcrypto-1_1-x64.dll); second definition ignored
libcrypto_static.lib(e_camellia.obj) : warning LNK4006: EVP_camellia_128_cbc already defined in libcrypto.lib(libcrypto-1_1-x64.dll); second definition ignored
libcrypto_static.lib(e_camellia.obj) : warning LNK4006: EVP_camellia_128_cfb1 already defined in libcrypto.lib(libcrypto-1_1-x64.dll); second definition ignored
libcrypto_static.lib(e_camellia.obj) : warning LNK4006: EVP_camellia_128_cfb8 already defined in libcrypto.lib(libcrypto-1_1-x64.dll); second definition ignored
libcrypto_static.lib(e_camellia.obj) : warning LNK4006: EVP_camellia_128_cfb128 already defined in libcrypto.lib(libcrypto-1_1-x64.dll); second definition ignored
libcrypto_static.lib(e_camellia.obj) : warning LNK4006: EVP_camellia_128_ofb already defined in libcrypto.lib(libcrypto-1_1-x64.dll); second definition ignored
libcrypto_static.lib(e_camellia.obj) : warning LNK4006: EVP_camellia_128_ctr already defined in libcrypto.lib(libcrypto-1_1-x64.dll); second definition ignored
libcrypto_static.lib(e_camellia.obj) : warning LNK4006: EVP_camellia_192_ecb already defined in libcrypto.lib(libcrypto-1_1-x64.dll); second definition ignored
libcrypto_static.lib(e_camellia.obj) : warning LNK4006: EVP_camellia_192_cbc already defined in libcrypto.lib(libcrypto-1_1-x64.dll); second definition ignored
libcrypto_static.lib(e_camellia.obj) : warning LNK4006: EVP_camellia_192_cfb1 already defined in libcrypto.lib(libcrypto-1_1-x64.dll); second definition ignored
libcrypto_static.lib(e_camellia.obj) : warning LNK4006: EVP_camellia_192_cfb8 already defined in libcrypto.lib(libcrypto-1_1-x64.dll); second definition ignored
libcrypto_static.lib(e_camellia.obj) : warning LNK4006: EVP_camellia_192_cfb128 already defined in libcrypto.lib(libcrypto-1_1-x64.dll); second definition ignored
libcrypto_static.lib(e_camellia.obj) : warning LNK4006: EVP_camellia_192_ofb already defined in libcrypto.lib(libcrypto-1_1-x64.dll); second definition ignored
libcrypto_static.lib(e_camellia.obj) : warning LNK4006: EVP_camellia_192_ctr already defined in libcrypto.lib(libcrypto-1_1-x64.dll); second definition ignored
libcrypto_static.lib(e_camellia.obj) : warning LNK4006: EVP_camellia_256_ecb already defined in libcrypto.lib(libcrypto-1_1-x64.dll); second definition ignored
libcrypto_static.lib(e_camellia.obj) : warning LNK4006: EVP_camellia_256_cbc already defined in libcrypto.lib(libcrypto-1_1-x64.dll); second definition ignored
libcrypto_static.lib(e_camellia.obj) : warning LNK4006: EVP_camellia_256_cfb1 already defined in libcrypto.lib(libcrypto-1_1-x64.dll); second definition ignored
libcrypto_static.lib(e_camellia.obj) : warning LNK4006: EVP_camellia_256_cfb8 already defined in libcrypto.lib(libcrypto-1_1-x64.dll); second definition ignored
libcrypto_static.lib(e_camellia.obj) : warning LNK4006: EVP_camellia_256_cfb128 already defined in libcrypto.lib(libcrypto-1_1-x64.dll); second definition ignored
libcrypto_static.lib(e_camellia.obj) : warning LNK4006: EVP_camellia_256_ofb already defined in libcrypto.lib(libcrypto-1_1-x64.dll); second definition ignored
libcrypto_static.lib(e_camellia.obj) : warning LNK4006: EVP_camellia_256_ctr already defined in libcrypto.lib(libcrypto-1_1-x64.dll); second definition ignored
libcrypto_static.lib(e_cast.obj) : warning LNK4006: EVP_cast5_ecb already defined in libcrypto.lib(libcrypto-1_1-x64.dll); second definition ignored
libcrypto_static.lib(e_cast.obj) : warning LNK4006: EVP_cast5_cbc already defined in libcrypto.lib(libcrypto-1_1-x64.dll); second definition ignored
libcrypto_static.lib(e_cast.obj) : warning LNK4006: EVP_cast5_cfb64 already defined in libcrypto.lib(libcrypto-1_1-x64.dll); second definition ignored
libcrypto_static.lib(e_cast.obj) : warning LNK4006: EVP_cast5_ofb already defined in libcrypto.lib(libcrypto-1_1-x64.dll); second definition ignored
libcrypto_static.lib(e_chacha20_poly1305.obj) : warning LNK4006: EVP_chacha20 already defined in libcrypto.lib(libcrypto-1_1-x64.dll); second definition ignored
libcrypto_static.lib(e_chacha20_poly1305.obj) : warning LNK4006: EVP_chacha20_poly1305 already defined in libcrypto.lib(libcrypto-1_1-x64.dll); second definition ignored
libcrypto_static.lib(e_des.obj) : warning LNK4006: EVP_des_ecb already defined in libcrypto.lib(libcrypto-1_1-x64.dll); second definition ignored
libcrypto_static.lib(e_des.obj) : warning LNK4006: EVP_des_cfb64 already defined in libcrypto.lib(libcrypto-1_1-x64.dll); second definition ignored
libcrypto_static.lib(e_des.obj) : warning LNK4006: EVP_des_cfb1 already defined in libcrypto.lib(libcrypto-1_1-x64.dll); second definition ignored
libcrypto_static.lib(e_des.obj) : warning LNK4006: EVP_des_cfb8 already defined in libcrypto.lib(libcrypto-1_1-x64.dll); second definition ignored
libcrypto_static.lib(e_des.obj) : warning LNK4006: EVP_des_ofb already defined in libcrypto.lib(libcrypto-1_1-x64.dll); second definition ignored
libcrypto_static.lib(e_des.obj) : warning LNK4006: EVP_des_cbc already defined in libcrypto.lib(libcrypto-1_1-x64.dll); second definition ignored
libcrypto_static.lib(e_des3.obj) : warning LNK4006: EVP_des_ede already defined in libcrypto.lib(libcrypto-1_1-x64.dll); second definition ignored
libcrypto_static.lib(e_des3.obj) : warning LNK4006: EVP_des_ede3 already defined in libcrypto.lib(libcrypto-1_1-x64.dll); second definition ignored
libcrypto_static.lib(e_des3.obj) : warning LNK4006: EVP_des_ede_ecb already defined in libcrypto.lib(libcrypto-1_1-x64.dll); second definition ignored
libcrypto_static.lib(e_des3.obj) : warning LNK4006: EVP_des_ede3_ecb already defined in libcrypto.lib(libcrypto-1_1-x64.dll); second definition ignored
libcrypto_static.lib(e_des3.obj) : warning LNK4006: EVP_des_ede_cfb64 already defined in libcrypto.lib(libcrypto-1_1-x64.dll); second definition ignored
libcrypto_static.lib(e_des3.obj) : warning LNK4006: EVP_des_ede3_cfb64 already defined in libcrypto.lib(libcrypto-1_1-x64.dll); second definition ignored
libcrypto_static.lib(e_des3.obj) : warning LNK4006: EVP_des_ede3_cfb1 already defined in libcrypto.lib(libcrypto-1_1-x64.dll); second definition ignored
libcrypto_static.lib(e_des3.obj) : warning LNK4006: EVP_des_ede3_cfb8 already defined in libcrypto.lib(libcrypto-1_1-x64.dll); second definition ignored
libcrypto_static.lib(e_des3.obj) : warning LNK4006: EVP_des_ede_ofb already defined in libcrypto.lib(libcrypto-1_1-x64.dll); second definition ignored
libcrypto_static.lib(e_des3.obj) : warning LNK4006: EVP_des_ede3_ofb already defined in libcrypto.lib(libcrypto-1_1-x64.dll); second definition ignored
libcrypto_static.lib(e_des3.obj) : warning LNK4006: EVP_des_ede_cbc already defined in libcrypto.lib(libcrypto-1_1-x64.dll); second definition ignored
libcrypto_static.lib(e_des3.obj) : warning LNK4006: EVP_des_ede3_cbc already defined in libcrypto.lib(libcrypto-1_1-x64.dll); second definition ignored
libcrypto_static.lib(e_des3.obj) : warning LNK4006: EVP_des_ede3_wrap already defined in libcrypto.lib(libcrypto-1_1-x64.dll); second definition ignored
libcrypto_static.lib(e_idea.obj) : warning LNK4006: EVP_idea_ecb already defined in libcrypto.lib(libcrypto-1_1-x64.dll); second definition ignored
libcrypto_static.lib(e_idea.obj) : warning LNK4006: EVP_idea_cfb64 already defined in libcrypto.lib(libcrypto-1_1-x64.dll); second definition ignored
libcrypto_static.lib(e_idea.obj) : warning LNK4006: EVP_idea_ofb already defined in libcrypto.lib(libcrypto-1_1-x64.dll); second definition ignored
libcrypto_static.lib(e_idea.obj) : warning LNK4006: EVP_idea_cbc already defined in libcrypto.lib(libcrypto-1_1-x64.dll); second definition ignored
libcrypto_static.lib(e_null.obj) : warning LNK4006: EVP_enc_null already defined in libcrypto.lib(libcrypto-1_1-x64.dll); second definition ignored
libcrypto_static.lib(e_rc2.obj) : warning LNK4006: EVP_rc2_ecb already defined in libcrypto.lib(libcrypto-1_1-x64.dll); second definition ignored
libcrypto_static.lib(e_rc2.obj) : warning LNK4006: EVP_rc2_cbc already defined in libcrypto.lib(libcrypto-1_1-x64.dll); second definition ignored
libcrypto_static.lib(e_rc2.obj) : warning LNK4006: EVP_rc2_40_cbc already defined in libcrypto.lib(libcrypto-1_1-x64.dll); second definition ignored
libcrypto_static.lib(e_rc2.obj) : warning LNK4006: EVP_rc2_64_cbc already defined in libcrypto.lib(libcrypto-1_1-x64.dll); second definition ignored
libcrypto_static.lib(e_rc2.obj) : warning LNK4006: EVP_rc2_cfb64 already defined in libcrypto.lib(libcrypto-1_1-x64.dll); second definition ignored
libcrypto_static.lib(e_rc2.obj) : warning LNK4006: EVP_rc2_ofb already defined in libcrypto.lib(libcrypto-1_1-x64.dll); second definition ignored
libcrypto_static.lib(e_rc4.obj) : warning LNK4006: EVP_rc4 already defined in libcrypto.lib(libcrypto-1_1-x64.dll); second definition ignored
libcrypto_static.lib(e_rc4.obj) : warning LNK4006: EVP_rc4_40 already defined in libcrypto.lib(libcrypto-1_1-x64.dll); second definition ignored
libcrypto_static.lib(e_rc4_hmac_md5.obj) : warning LNK4006: EVP_rc4_hmac_md5 already defined in libcrypto.lib(libcrypto-1_1-x64.dll); second definition ignored
libcrypto_static.lib(e_seed.obj) : warning LNK4006: EVP_seed_ecb already defined in libcrypto.lib(libcrypto-1_1-x64.dll); second definition ignored
libcrypto_static.lib(e_seed.obj) : warning LNK4006: EVP_seed_cbc already defined in libcrypto.lib(libcrypto-1_1-x64.dll); second definition ignored
libcrypto_static.lib(e_seed.obj) : warning LNK4006: EVP_seed_cfb128 already defined in libcrypto.lib(libcrypto-1_1-x64.dll); second definition ignored
libcrypto_static.lib(e_seed.obj) : warning LNK4006: EVP_seed_ofb already defined in libcrypto.lib(libcrypto-1_1-x64.dll); second definition ignored
libcrypto_static.lib(e_sm4.obj) : warning LNK4006: EVP_sm4_ecb already defined in libcrypto.lib(libcrypto-1_1-x64.dll); second definition ignored
libcrypto_static.lib(e_sm4.obj) : warning LNK4006: EVP_sm4_cbc already defined in libcrypto.lib(libcrypto-1_1-x64.dll); second definition ignored
libcrypto_static.lib(e_sm4.obj) : warning LNK4006: EVP_sm4_cfb128 already defined in libcrypto.lib(libcrypto-1_1-x64.dll); second definition ignored
libcrypto_static.lib(e_sm4.obj) : warning LNK4006: EVP_sm4_ofb already defined in libcrypto.lib(libcrypto-1_1-x64.dll); second definition ignored
libcrypto_static.lib(e_sm4.obj) : warning LNK4006: EVP_sm4_ctr already defined in libcrypto.lib(libcrypto-1_1-x64.dll); second definition ignored
libcrypto_static.lib(e_xcbc_d.obj) : warning LNK4006: EVP_desx_cbc already defined in libcrypto.lib(libcrypto-1_1-x64.dll); second definition ignored
libcrypto_static.lib(encode.obj) : warning LNK4006: EVP_ENCODE_CTX_new already defined in libcrypto.lib(libcrypto-1_1-x64.dll); second definition ignored
libcrypto_static.lib(encode.obj) : warning LNK4006: EVP_ENCODE_CTX_free already defined in libcrypto.lib(libcrypto-1_1-x64.dll); second definition ignored
libcrypto_static.lib(encode.obj) : warning LNK4006: EVP_ENCODE_CTX_copy already defined in libcrypto.lib(libcrypto-1_1-x64.dll); second definition ignored
libcrypto_static.lib(encode.obj) : warning LNK4006: EVP_ENCODE_CTX_num already defined in libcrypto.lib(libcrypto-1_1-x64.dll); second definition ignored
libcrypto_static.lib(encode.obj) : warning LNK4006: EVP_EncodeInit already defined in libcrypto.lib(libcrypto-1_1-x64.dll); second definition ignored
libcrypto_static.lib(encode.obj) : warning LNK4006: EVP_EncodeUpdate already defined in libcrypto.lib(libcrypto-1_1-x64.dll); second definition ignored
libcrypto_static.lib(encode.obj) : warning LNK4006: EVP_EncodeFinal already defined in libcrypto.lib(libcrypto-1_1-x64.dll); second definition ignored
libcrypto_static.lib(encode.obj) : warning LNK4006: EVP_EncodeBlock already defined in libcrypto.lib(libcrypto-1_1-x64.dll); second definition ignored
libcrypto_static.lib(encode.obj) : warning LNK4006: EVP_DecodeInit already defined in libcrypto.lib(libcrypto-1_1-x64.dll); second definition ignored
libcrypto_static.lib(encode.obj) : warning LNK4006: EVP_DecodeUpdate already defined in libcrypto.lib(libcrypto-1_1-x64.dll); second definition ignored
libcrypto_static.lib(encode.obj) : warning LNK4006: EVP_DecodeFinal already defined in libcrypto.lib(libcrypto-1_1-x64.dll); second definition ignored
libcrypto_static.lib(encode.obj) : warning LNK4006: EVP_DecodeBlock already defined in libcrypto.lib(libcrypto-1_1-x64.dll); second definition ignored
libcrypto_static.lib(evp_cnf.obj) : warning LNK4006: EVP_add_alg_module already defined in libcrypto.lib(libcrypto-1_1-x64.dll); second definition ignored
libcrypto_static.lib(evp_enc.obj) : warning LNK4006: EVP_CIPHER_CTX_copy already defined in libcrypto.lib(libcrypto-1_1-x64.dll); second definition ignored
libcrypto_static.lib(evp_enc.obj) : warning LNK4006: EVP_EncryptInit already defined in libcrypto.lib(libcrypto-1_1-x64.dll); second definition ignored
libcrypto_static.lib(evp_enc.obj) : warning LNK4006: EVP_EncryptInit_ex already defined in libcrypto.lib(libcrypto-1_1-x64.dll); second definition ignored
libcrypto_static.lib(evp_enc.obj) : warning LNK4006: EVP_EncryptUpdate already defined in libcrypto.lib(libcrypto-1_1-x64.dll); second definition ignored
libcrypto_static.lib(evp_enc.obj) : warning LNK4006: EVP_EncryptFinal_ex already defined in libcrypto.lib(libcrypto-1_1-x64.dll); second definition ignored
libcrypto_static.lib(evp_enc.obj) : warning LNK4006: EVP_EncryptFinal already defined in libcrypto.lib(libcrypto-1_1-x64.dll); second definition ignored
libcrypto_static.lib(evp_enc.obj) : warning LNK4006: EVP_DecryptInit already defined in libcrypto.lib(libcrypto-1_1-x64.dll); second definition ignored
libcrypto_static.lib(evp_enc.obj) : warning LNK4006: EVP_DecryptInit_ex already defined in libcrypto.lib(libcrypto-1_1-x64.dll); second definition ignored
libcrypto_static.lib(evp_enc.obj) : warning LNK4006: EVP_DecryptUpdate already defined in libcrypto.lib(libcrypto-1_1-x64.dll); second definition ignored
libcrypto_static.lib(evp_enc.obj) : warning LNK4006: EVP_DecryptFinal already defined in libcrypto.lib(libcrypto-1_1-x64.dll); second definition ignored
libcrypto_static.lib(evp_enc.obj) : warning LNK4006: EVP_DecryptFinal_ex already defined in libcrypto.lib(libcrypto-1_1-x64.dll); second definition ignored
libcrypto_static.lib(evp_enc.obj) : warning LNK4006: EVP_CipherInit already defined in libcrypto.lib(libcrypto-1_1-x64.dll); second definition ignored
libcrypto_static.lib(evp_enc.obj) : warning LNK4006: EVP_CipherInit_ex already defined in libcrypto.lib(libcrypto-1_1-x64.dll); second definition ignored
libcrypto_static.lib(evp_enc.obj) : warning LNK4006: EVP_CipherUpdate already defined in libcrypto.lib(libcrypto-1_1-x64.dll); second definition ignored
libcrypto_static.lib(evp_enc.obj) : warning LNK4006: EVP_CipherFinal already defined in libcrypto.lib(libcrypto-1_1-x64.dll); second definition ignored
libcrypto_static.lib(evp_enc.obj) : warning LNK4006: EVP_CipherFinal_ex already defined in libcrypto.lib(libcrypto-1_1-x64.dll); second definition ignored
libcrypto_static.lib(evp_enc.obj) : warning LNK4006: EVP_CIPHER_CTX_new already defined in libcrypto.lib(libcrypto-1_1-x64.dll); second definition ignored
libcrypto_static.lib(evp_enc.obj) : warning LNK4006: EVP_CIPHER_CTX_reset already defined in libcrypto.lib(libcrypto-1_1-x64.dll); second definition ignored
libcrypto_static.lib(evp_enc.obj) : warning LNK4006: EVP_CIPHER_CTX_free already defined in libcrypto.lib(libcrypto-1_1-x64.dll); second definition ignored
libcrypto_static.lib(evp_enc.obj) : warning LNK4006: EVP_CIPHER_CTX_set_key_length already defined in libcrypto.lib(libcrypto-1_1-x64.dll); second definition ignored
libcrypto_static.lib(evp_enc.obj) : warning LNK4006: EVP_CIPHER_CTX_set_padding already defined in libcrypto.lib(libcrypto-1_1-x64.dll); second definition ignored
libcrypto_static.lib(evp_enc.obj) : warning LNK4006: EVP_CIPHER_CTX_ctrl already defined in libcrypto.lib(libcrypto-1_1-x64.dll); second definition ignored
libcrypto_static.lib(evp_enc.obj) : warning LNK4006: EVP_CIPHER_CTX_rand_key already defined in libcrypto.lib(libcrypto-1_1-x64.dll); second definition ignored
libcrypto_static.lib(evp_err.obj) : warning LNK4006: ERR_load_EVP_strings already defined in libcrypto.lib(libcrypto-1_1-x64.dll); second definition ignored
libcrypto_static.lib(evp_key.obj) : warning LNK4006: EVP_read_pw_string already defined in libcrypto.lib(libcrypto-1_1-x64.dll); second definition ignored
libcrypto_static.lib(evp_key.obj) : warning LNK4006: EVP_read_pw_string_min already defined in libcrypto.lib(libcrypto-1_1-x64.dll); second definition ignored
libcrypto_static.lib(evp_key.obj) : warning LNK4006: EVP_set_pw_prompt already defined in libcrypto.lib(libcrypto-1_1-x64.dll); second definition ignored
libcrypto_static.lib(evp_key.obj) : warning LNK4006: EVP_get_pw_prompt already defined in libcrypto.lib(libcrypto-1_1-x64.dll); second definition ignored
libcrypto_static.lib(evp_key.obj) : warning LNK4006: EVP_BytesToKey already defined in libcrypto.lib(libcrypto-1_1-x64.dll); second definition ignored
libcrypto_static.lib(evp_lib.obj) : warning LNK4006: EVP_MD_meth_new already defined in libcrypto.lib(libcrypto-1_1-x64.dll); second definition ignored
libcrypto_static.lib(evp_lib.obj) : warning LNK4006: EVP_MD_meth_dup already defined in libcrypto.lib(libcrypto-1_1-x64.dll); second definition ignored
libcrypto_static.lib(evp_lib.obj) : warning LNK4006: EVP_MD_meth_free already defined in libcrypto.lib(libcrypto-1_1-x64.dll); second definition ignored
libcrypto_static.lib(evp_lib.obj) : warning LNK4006: EVP_MD_meth_set_input_blocksize already defined in libcrypto.lib(libcrypto-1_1-x64.dll); second definition ignored
libcrypto_static.lib(evp_lib.obj) : warning LNK4006: EVP_MD_meth_set_result_size already defined in libcrypto.lib(libcrypto-1_1-x64.dll); second definition ignored
libcrypto_static.lib(evp_lib.obj) : warning LNK4006: EVP_MD_meth_set_app_datasize already defined in libcrypto.lib(libcrypto-1_1-x64.dll); second definition ignored
libcrypto_static.lib(evp_lib.obj) : warning LNK4006: EVP_MD_meth_set_flags already defined in libcrypto.lib(libcrypto-1_1-x64.dll); second definition ignored
libcrypto_static.lib(evp_lib.obj) : warning LNK4006: EVP_MD_meth_set_init already defined in libcrypto.lib(libcrypto-1_1-x64.dll); second definition ignored
libcrypto_static.lib(evp_lib.obj) : warning LNK4006: EVP_MD_meth_set_update already defined in libcrypto.lib(libcrypto-1_1-x64.dll); second definition ignored
libcrypto_static.lib(evp_lib.obj) : warning LNK4006: EVP_MD_meth_set_final already defined in libcrypto.lib(libcrypto-1_1-x64.dll); second definition ignored
libcrypto_static.lib(evp_lib.obj) : warning LNK4006: EVP_MD_meth_set_copy already defined in libcrypto.lib(libcrypto-1_1-x64.dll); second definition ignored
libcrypto_static.lib(evp_lib.obj) : warning LNK4006: EVP_MD_meth_set_cleanup already defined in libcrypto.lib(libcrypto-1_1-x64.dll); second definition ignored
libcrypto_static.lib(evp_lib.obj) : warning LNK4006: EVP_MD_meth_set_ctrl already defined in libcrypto.lib(libcrypto-1_1-x64.dll); second definition ignored
libcrypto_static.lib(evp_lib.obj) : warning LNK4006: EVP_MD_meth_get_input_blocksize already defined in libcrypto.lib(libcrypto-1_1-x64.dll); second definition ignored
libcrypto_static.lib(evp_lib.obj) : warning LNK4006: EVP_MD_meth_get_result_size already defined in libcrypto.lib(libcrypto-1_1-x64.dll); second definition ignored
libcrypto_static.lib(evp_lib.obj) : warning LNK4006: EVP_MD_meth_get_app_datasize already defined in libcrypto.lib(libcrypto-1_1-x64.dll); second definition ignored
libcrypto_static.lib(evp_lib.obj) : warning LNK4006: EVP_MD_meth_get_flags already defined in libcrypto.lib(libcrypto-1_1-x64.dll); second definition ignored
libcrypto_static.lib(evp_lib.obj) : warning LNK4006: EVP_MD_meth_get_init already defined in libcrypto.lib(libcrypto-1_1-x64.dll); second definition ignored
libcrypto_static.lib(evp_lib.obj) : warning LNK4006: EVP_MD_meth_get_update already defined in libcrypto.lib(libcrypto-1_1-x64.dll); second definition ignored
libcrypto_static.lib(evp_lib.obj) : warning LNK4006: EVP_MD_meth_get_final already defined in libcrypto.lib(libcrypto-1_1-x64.dll); second definition ignored
libcrypto_static.lib(evp_lib.obj) : warning LNK4006: EVP_MD_meth_get_copy already defined in libcrypto.lib(libcrypto-1_1-x64.dll); second definition ignored
libcrypto_static.lib(evp_lib.obj) : warning LNK4006: EVP_MD_meth_get_cleanup already defined in libcrypto.lib(libcrypto-1_1-x64.dll); second definition ignored
libcrypto_static.lib(evp_lib.obj) : warning LNK4006: EVP_MD_meth_get_ctrl already defined in libcrypto.lib(libcrypto-1_1-x64.dll); second definition ignored
libcrypto_static.lib(evp_lib.obj) : warning LNK4006: EVP_MD_type already defined in libcrypto.lib(libcrypto-1_1-x64.dll); second definition ignored
libcrypto_static.lib(evp_lib.obj) : warning LNK4006: EVP_MD_pkey_type already defined in libcrypto.lib(libcrypto-1_1-x64.dll); second definition ignored
libcrypto_static.lib(evp_lib.obj) : warning LNK4006: EVP_MD_size already defined in libcrypto.lib(libcrypto-1_1-x64.dll); second definition ignored
libcrypto_static.lib(evp_lib.obj) : warning LNK4006: EVP_MD_block_size already defined in libcrypto.lib(libcrypto-1_1-x64.dll); second definition ignored
libcrypto_static.lib(evp_lib.obj) : warning LNK4006: EVP_MD_flags already defined in libcrypto.lib(libcrypto-1_1-x64.dll); second definition ignored
libcrypto_static.lib(evp_lib.obj) : warning LNK4006: EVP_MD_CTX_md already defined in libcrypto.lib(libcrypto-1_1-x64.dll); second definition ignored
libcrypto_static.lib(evp_lib.obj) : warning LNK4006: EVP_MD_CTX_update_fn already defined in libcrypto.lib(libcrypto-1_1-x64.dll); second definition ignored
libcrypto_static.lib(evp_lib.obj) : warning LNK4006: EVP_MD_CTX_set_update_fn already defined in libcrypto.lib(libcrypto-1_1-x64.dll); second definition ignored
libcrypto_static.lib(evp_lib.obj) : warning LNK4006: EVP_MD_CTX_pkey_ctx already defined in libcrypto.lib(libcrypto-1_1-x64.dll); second definition ignored
libcrypto_static.lib(evp_lib.obj) : warning LNK4006: EVP_MD_CTX_set_pkey_ctx already defined in libcrypto.lib(libcrypto-1_1-x64.dll); second definition ignored
libcrypto_static.lib(evp_lib.obj) : warning LNK4006: EVP_MD_CTX_md_data already defined in libcrypto.lib(libcrypto-1_1-x64.dll); second definition ignored
libcrypto_static.lib(evp_lib.obj) : warning LNK4006: EVP_CIPHER_nid already defined in libcrypto.lib(libcrypto-1_1-x64.dll); second definition ignored
libcrypto_static.lib(evp_lib.obj) : warning LNK4006: EVP_CIPHER_block_size already defined in libcrypto.lib(libcrypto-1_1-x64.dll); second definition ignored
libcrypto_static.lib(evp_lib.obj) : warning LNK4006: EVP_CIPHER_impl_ctx_size already defined in libcrypto.lib(libcrypto-1_1-x64.dll); second definition ignored
libcrypto_static.lib(evp_lib.obj) : warning LNK4006: EVP_CIPHER_key_length already defined in libcrypto.lib(libcrypto-1_1-x64.dll); second definition ignored
libcrypto_static.lib(evp_lib.obj) : warning LNK4006: EVP_CIPHER_iv_length already defined in libcrypto.lib(libcrypto-1_1-x64.dll); second definition ignored
libcrypto_static.lib(evp_lib.obj) : warning LNK4006: EVP_CIPHER_flags already defined in libcrypto.lib(libcrypto-1_1-x64.dll); second definition ignored
libcrypto_static.lib(evp_lib.obj) : warning LNK4006: EVP_CIPHER_CTX_cipher already defined in libcrypto.lib(libcrypto-1_1-x64.dll); second definition ignored
libcrypto_static.lib(evp_lib.obj) : warning LNK4006: EVP_CIPHER_CTX_encrypting already defined in libcrypto.lib(libcrypto-1_1-x64.dll); second definition ignored
libcrypto_static.lib(evp_lib.obj) : warning LNK4006: EVP_CIPHER_CTX_nid already defined in libcrypto.lib(libcrypto-1_1-x64.dll); second definition ignored
libcrypto_static.lib(evp_lib.obj) : warning LNK4006: EVP_CIPHER_CTX_block_size already defined in libcrypto.lib(libcrypto-1_1-x64.dll); second definition ignored
libcrypto_static.lib(evp_lib.obj) : warning LNK4006: EVP_CIPHER_CTX_key_length already defined in libcrypto.lib(libcrypto-1_1-x64.dll); second definition ignored
libcrypto_static.lib(evp_lib.obj) : warning LNK4006: EVP_CIPHER_CTX_iv_length already defined in libcrypto.lib(libcrypto-1_1-x64.dll); second definition ignored
libcrypto_static.lib(evp_lib.obj) : warning LNK4006: EVP_CIPHER_CTX_iv already defined in libcrypto.lib(libcrypto-1_1-x64.dll); second definition ignored
libcrypto_static.lib(evp_lib.obj) : warning LNK4006: EVP_CIPHER_CTX_original_iv already defined in libcrypto.lib(libcrypto-1_1-x64.dll); second definition ignored
libcrypto_static.lib(evp_lib.obj) : warning LNK4006: EVP_CIPHER_CTX_iv_noconst already defined in libcrypto.lib(libcrypto-1_1-x64.dll); second definition ignored
libcrypto_static.lib(evp_lib.obj) : warning LNK4006: EVP_CIPHER_CTX_buf_noconst already defined in libcrypto.lib(libcrypto-1_1-x64.dll); second definition ignored
libcrypto_static.lib(evp_lib.obj) : warning LNK4006: EVP_CIPHER_CTX_num already defined in libcrypto.lib(libcrypto-1_1-x64.dll); second definition ignored
libcrypto_static.lib(evp_lib.obj) : warning LNK4006: EVP_CIPHER_CTX_set_num already defined in libcrypto.lib(libcrypto-1_1-x64.dll); second definition ignored
libcrypto_static.lib(evp_lib.obj) : warning LNK4006: EVP_CIPHER_CTX_get_app_data already defined in libcrypto.lib(libcrypto-1_1-x64.dll); second definition ignored
libcrypto_static.lib(evp_lib.obj) : warning LNK4006: EVP_CIPHER_CTX_set_app_data already defined in libcrypto.lib(libcrypto-1_1-x64.dll); second definition ignored
libcrypto_static.lib(evp_lib.obj) : warning LNK4006: EVP_CIPHER_CTX_get_cipher_data already defined in libcrypto.lib(libcrypto-1_1-x64.dll); second definition ignored
libcrypto_static.lib(evp_lib.obj) : warning LNK4006: EVP_CIPHER_CTX_set_cipher_data already defined in libcrypto.lib(libcrypto-1_1-x64.dll); second definition ignored
libcrypto_static.lib(evp_lib.obj) : warning LNK4006: EVP_Cipher already defined in libcrypto.lib(libcrypto-1_1-x64.dll); second definition ignored
libcrypto_static.lib(evp_lib.obj) : warning LNK4006: EVP_MD_CTX_set_flags already defined in libcrypto.lib(libcrypto-1_1-x64.dll); second definition ignored
libcrypto_static.lib(evp_lib.obj) : warning LNK4006: EVP_MD_CTX_clear_flags already defined in libcrypto.lib(libcrypto-1_1-x64.dll); second definition ignored
libcrypto_static.lib(evp_lib.obj) : warning LNK4006: EVP_MD_CTX_test_flags already defined in libcrypto.lib(libcrypto-1_1-x64.dll); second definition ignored
libcrypto_static.lib(evp_lib.obj) : warning LNK4006: EVP_CIPHER_CTX_set_flags already defined in libcrypto.lib(libcrypto-1_1-x64.dll); second definition ignored
libcrypto_static.lib(evp_lib.obj) : warning LNK4006: EVP_CIPHER_CTX_clear_flags already defined in libcrypto.lib(libcrypto-1_1-x64.dll); second definition ignored
libcrypto_static.lib(evp_lib.obj) : warning LNK4006: EVP_CIPHER_CTX_test_flags already defined in libcrypto.lib(libcrypto-1_1-x64.dll); second definition ignored
libcrypto_static.lib(evp_lib.obj) : warning LNK4006: EVP_CIPHER_type already defined in libcrypto.lib(libcrypto-1_1-x64.dll); second definition ignored
libcrypto_static.lib(evp_lib.obj) : warning LNK4006: EVP_CIPHER_param_to_asn1 already defined in libcrypto.lib(libcrypto-1_1-x64.dll); second definition ignored
libcrypto_static.lib(evp_lib.obj) : warning LNK4006: EVP_CIPHER_asn1_to_param already defined in libcrypto.lib(libcrypto-1_1-x64.dll); second definition ignored
libcrypto_static.lib(evp_lib.obj) : warning LNK4006: EVP_CIPHER_set_asn1_iv already defined in libcrypto.lib(libcrypto-1_1-x64.dll); second definition ignored
libcrypto_static.lib(evp_lib.obj) : warning LNK4006: EVP_CIPHER_get_asn1_iv already defined in libcrypto.lib(libcrypto-1_1-x64.dll); second definition ignored
libcrypto_static.lib(evp_pbe.obj) : warning LNK4006: EVP_PBE_CipherInit already defined in libcrypto.lib(libcrypto-1_1-x64.dll); second definition ignored
libcrypto_static.lib(evp_pbe.obj) : warning LNK4006: EVP_PBE_alg_add_type already defined in libcrypto.lib(libcrypto-1_1-x64.dll); second definition ignored
libcrypto_static.lib(evp_pbe.obj) : warning LNK4006: EVP_PBE_alg_add already defined in libcrypto.lib(libcrypto-1_1-x64.dll); second definition ignored
libcrypto_static.lib(evp_pbe.obj) : warning LNK4006: EVP_PBE_find already defined in libcrypto.lib(libcrypto-1_1-x64.dll); second definition ignored
libcrypto_static.lib(evp_pbe.obj) : warning LNK4006: EVP_PBE_cleanup already defined in libcrypto.lib(libcrypto-1_1-x64.dll); second definition ignored
libcrypto_static.lib(evp_pbe.obj) : warning LNK4006: EVP_PBE_get already defined in libcrypto.lib(libcrypto-1_1-x64.dll); second definition ignored
libcrypto_static.lib(evp_pkey.obj) : warning LNK4006: EVP_PKEY_get_attr_count already defined in libcrypto.lib(libcrypto-1_1-x64.dll); second definition ignored
libcrypto_static.lib(evp_pkey.obj) : warning LNK4006: EVP_PKEY_get_attr_by_NID already defined in libcrypto.lib(libcrypto-1_1-x64.dll); second definition ignored
libcrypto_static.lib(evp_pkey.obj) : warning LNK4006: EVP_PKEY_get_attr_by_OBJ already defined in libcrypto.lib(libcrypto-1_1-x64.dll); second definition ignored
libcrypto_static.lib(evp_pkey.obj) : warning LNK4006: EVP_PKEY_get_attr already defined in libcrypto.lib(libcrypto-1_1-x64.dll); second definition ignored
libcrypto_static.lib(evp_pkey.obj) : warning LNK4006: EVP_PKEY_delete_attr already defined in libcrypto.lib(libcrypto-1_1-x64.dll); second definition ignored
libcrypto_static.lib(evp_pkey.obj) : warning LNK4006: EVP_PKEY_add1_attr already defined in libcrypto.lib(libcrypto-1_1-x64.dll); second definition ignored
libcrypto_static.lib(evp_pkey.obj) : warning LNK4006: EVP_PKEY_add1_attr_by_OBJ already defined in libcrypto.lib(libcrypto-1_1-x64.dll); second definition ignored
libcrypto_static.lib(evp_pkey.obj) : warning LNK4006: EVP_PKEY_add1_attr_by_NID already defined in libcrypto.lib(libcrypto-1_1-x64.dll); second definition ignored
libcrypto_static.lib(evp_pkey.obj) : warning LNK4006: EVP_PKEY_add1_attr_by_txt already defined in libcrypto.lib(libcrypto-1_1-x64.dll); second definition ignored
libcrypto_static.lib(evp_pkey.obj) : warning LNK4006: EVP_PKCS82PKEY already defined in libcrypto.lib(libcrypto-1_1-x64.dll); second definition ignored
libcrypto_static.lib(evp_pkey.obj) : warning LNK4006: EVP_PKEY2PKCS8 already defined in libcrypto.lib(libcrypto-1_1-x64.dll); second definition ignored
libcrypto_static.lib(m_md4.obj) : warning LNK4006: EVP_md4 already defined in libcrypto.lib(libcrypto-1_1-x64.dll); second definition ignored
libcrypto_static.lib(m_md5.obj) : warning LNK4006: EVP_md5 already defined in libcrypto.lib(libcrypto-1_1-x64.dll); second definition ignored
libcrypto_static.lib(m_md5_sha1.obj) : warning LNK4006: EVP_md5_sha1 already defined in libcrypto.lib(libcrypto-1_1-x64.dll); second definition ignored
libcrypto_static.lib(m_mdc2.obj) : warning LNK4006: EVP_mdc2 already defined in libcrypto.lib(libcrypto-1_1-x64.dll); second definition ignored
libcrypto_static.lib(m_null.obj) : warning LNK4006: EVP_md_null already defined in libcrypto.lib(libcrypto-1_1-x64.dll); second definition ignored
libcrypto_static.lib(m_ripemd.obj) : warning LNK4006: EVP_ripemd160 already defined in libcrypto.lib(libcrypto-1_1-x64.dll); second definition ignored
libcrypto_static.lib(m_sha1.obj) : warning LNK4006: EVP_sha1 already defined in libcrypto.lib(libcrypto-1_1-x64.dll); second definition ignored
libcrypto_static.lib(m_sha1.obj) : warning LNK4006: EVP_sha224 already defined in libcrypto.lib(libcrypto-1_1-x64.dll); second definition ignored
libcrypto_static.lib(m_sha1.obj) : warning LNK4006: EVP_sha256 already defined in libcrypto.lib(libcrypto-1_1-x64.dll); second definition ignored
libcrypto_static.lib(m_sha1.obj) : warning LNK4006: EVP_sha384 already defined in libcrypto.lib(libcrypto-1_1-x64.dll); second definition ignored
libcrypto_static.lib(m_sha1.obj) : warning LNK4006: EVP_sha512 already defined in libcrypto.lib(libcrypto-1_1-x64.dll); second definition ignored
libcrypto_static.lib(m_sha1.obj) : warning LNK4006: EVP_sha512_224 already defined in libcrypto.lib(libcrypto-1_1-x64.dll); second definition ignored
libcrypto_static.lib(m_sha1.obj) : warning LNK4006: EVP_sha512_256 already defined in libcrypto.lib(libcrypto-1_1-x64.dll); second definition ignored
libcrypto_static.lib(m_sha3.obj) : warning LNK4006: EVP_sha3_224 already defined in libcrypto.lib(libcrypto-1_1-x64.dll); second definition ignored
libcrypto_static.lib(m_sha3.obj) : warning LNK4006: EVP_sha3_256 already defined in libcrypto.lib(libcrypto-1_1-x64.dll); second definition ignored
libcrypto_static.lib(m_sha3.obj) : warning LNK4006: EVP_sha3_384 already defined in libcrypto.lib(libcrypto-1_1-x64.dll); second definition ignored
libcrypto_static.lib(m_sha3.obj) : warning LNK4006: EVP_sha3_512 already defined in libcrypto.lib(libcrypto-1_1-x64.dll); second definition ignored
libcrypto_static.lib(m_sha3.obj) : warning LNK4006: EVP_shake128 already defined in libcrypto.lib(libcrypto-1_1-x64.dll); second definition ignored
libcrypto_static.lib(m_sha3.obj) : warning LNK4006: EVP_shake256 already defined in libcrypto.lib(libcrypto-1_1-x64.dll); second definition ignored
libcrypto_static.lib(m_sigver.obj) : warning LNK4006: EVP_DigestSign already defined in libcrypto.lib(libcrypto-1_1-x64.dll); second definition ignored
libcrypto_static.lib(m_sigver.obj) : warning LNK4006: EVP_DigestVerify already defined in libcrypto.lib(libcrypto-1_1-x64.dll); second definition ignored
libcrypto_static.lib(m_sigver.obj) : warning LNK4006: EVP_DigestSignInit already defined in libcrypto.lib(libcrypto-1_1-x64.dll); second definition ignored
libcrypto_static.lib(m_sigver.obj) : warning LNK4006: EVP_DigestSignFinal already defined in libcrypto.lib(libcrypto-1_1-x64.dll); second definition ignored
libcrypto_static.lib(m_sigver.obj) : warning LNK4006: EVP_DigestVerifyInit already defined in libcrypto.lib(libcrypto-1_1-x64.dll); second definition ignored
libcrypto_static.lib(m_sigver.obj) : warning LNK4006: EVP_DigestVerifyFinal already defined in libcrypto.lib(libcrypto-1_1-x64.dll); second definition ignored
libcrypto_static.lib(m_wp.obj) : warning LNK4006: EVP_whirlpool already defined in libcrypto.lib(libcrypto-1_1-x64.dll); second definition ignored
libcrypto_static.lib(names.obj) : warning LNK4006: EVP_add_cipher already defined in libcrypto.lib(libcrypto-1_1-x64.dll); second definition ignored
libcrypto_static.lib(names.obj) : warning LNK4006: EVP_add_digest already defined in libcrypto.lib(libcrypto-1_1-x64.dll); second definition ignored
libcrypto_static.lib(names.obj) : warning LNK4006: EVP_get_cipherbyname already defined in libcrypto.lib(libcrypto-1_1-x64.dll); second definition ignored
libcrypto_static.lib(names.obj) : warning LNK4006: EVP_get_digestbyname already defined in libcrypto.lib(libcrypto-1_1-x64.dll); second definition ignored
libcrypto_static.lib(names.obj) : warning LNK4006: EVP_CIPHER_do_all already defined in libcrypto.lib(libcrypto-1_1-x64.dll); second definition ignored
libcrypto_static.lib(names.obj) : warning LNK4006: EVP_CIPHER_do_all_sorted already defined in libcrypto.lib(libcrypto-1_1-x64.dll); second definition ignored
libcrypto_static.lib(names.obj) : warning LNK4006: EVP_MD_do_all already defined in libcrypto.lib(libcrypto-1_1-x64.dll); second definition ignored
libcrypto_static.lib(names.obj) : warning LNK4006: EVP_MD_do_all_sorted already defined in libcrypto.lib(libcrypto-1_1-x64.dll); second definition ignored
libcrypto_static.lib(p5_crpt.obj) : warning LNK4006: PKCS5_PBE_keyivgen already defined in libcrypto.lib(libcrypto-1_1-x64.dll); second definition ignored
libcrypto_static.lib(p5_crpt.obj) : warning LNK4006: PKCS5_PBE_add already defined in libcrypto.lib(libcrypto-1_1-x64.dll); second definition ignored
libcrypto_static.lib(p5_crpt2.obj) : warning LNK4006: PKCS5_PBKDF2_HMAC_SHA1 already defined in libcrypto.lib(libcrypto-1_1-x64.dll); second definition ignored
libcrypto_static.lib(p5_crpt2.obj) : warning LNK4006: PKCS5_PBKDF2_HMAC already defined in libcrypto.lib(libcrypto-1_1-x64.dll); second definition ignored
libcrypto_static.lib(p5_crpt2.obj) : warning LNK4006: PKCS5_v2_PBE_keyivgen already defined in libcrypto.lib(libcrypto-1_1-x64.dll); second definition ignored
libcrypto_static.lib(p_dec.obj) : warning LNK4006: EVP_PKEY_decrypt_old already defined in libcrypto.lib(libcrypto-1_1-x64.dll); second definition ignored
libcrypto_static.lib(p_enc.obj) : warning LNK4006: EVP_PKEY_encrypt_old already defined in libcrypto.lib(libcrypto-1_1-x64.dll); second definition ignored
libcrypto_static.lib(p_lib.obj) : warning LNK4006: EVP_PKEY_type already defined in libcrypto.lib(libcrypto-1_1-x64.dll); second definition ignored
libcrypto_static.lib(p_lib.obj) : warning LNK4006: EVP_PKEY_id already defined in libcrypto.lib(libcrypto-1_1-x64.dll); second definition ignored
libcrypto_static.lib(p_lib.obj) : warning LNK4006: EVP_PKEY_base_id already defined in libcrypto.lib(libcrypto-1_1-x64.dll); second definition ignored
libcrypto_static.lib(p_lib.obj) : warning LNK4006: EVP_PKEY_bits already defined in libcrypto.lib(libcrypto-1_1-x64.dll); second definition ignored
libcrypto_static.lib(p_lib.obj) : warning LNK4006: EVP_PKEY_security_bits already defined in libcrypto.lib(libcrypto-1_1-x64.dll); second definition ignored
libcrypto_static.lib(p_lib.obj) : warning LNK4006: EVP_PKEY_size already defined in libcrypto.lib(libcrypto-1_1-x64.dll); second definition ignored
libcrypto_static.lib(p_lib.obj) : warning LNK4006: EVP_PKEY_set_type already defined in libcrypto.lib(libcrypto-1_1-x64.dll); second definition ignored
libcrypto_static.lib(p_lib.obj) : warning LNK4006: EVP_PKEY_set_type_str already defined in libcrypto.lib(libcrypto-1_1-x64.dll); second definition ignored
libcrypto_static.lib(p_lib.obj) : warning LNK4006: EVP_PKEY_set_alias_type already defined in libcrypto.lib(libcrypto-1_1-x64.dll); second definition ignored
libcrypto_static.lib(p_lib.obj) : warning LNK4006: EVP_PKEY_set1_engine already defined in libcrypto.lib(libcrypto-1_1-x64.dll); second definition ignored
libcrypto_static.lib(p_lib.obj) : warning LNK4006: EVP_PKEY_assign already defined in libcrypto.lib(libcrypto-1_1-x64.dll); second definition ignored
libcrypto_static.lib(p_lib.obj) : warning LNK4006: EVP_PKEY_get0 already defined in libcrypto.lib(libcrypto-1_1-x64.dll); second definition ignored
libcrypto_static.lib(p_lib.obj) : warning LNK4006: EVP_PKEY_get0_hmac already defined in libcrypto.lib(libcrypto-1_1-x64.dll); second definition ignored
libcrypto_static.lib(p_lib.obj) : warning LNK4006: EVP_PKEY_get0_poly1305 already defined in libcrypto.lib(libcrypto-1_1-x64.dll); second definition ignored
libcrypto_static.lib(p_lib.obj) : warning LNK4006: EVP_PKEY_get0_siphash already defined in libcrypto.lib(libcrypto-1_1-x64.dll); second definition ignored
libcrypto_static.lib(p_lib.obj) : warning LNK4006: EVP_PKEY_set1_RSA already defined in libcrypto.lib(libcrypto-1_1-x64.dll); second definition ignored
libcrypto_static.lib(p_lib.obj) : warning LNK4006: EVP_PKEY_get0_RSA already defined in libcrypto.lib(libcrypto-1_1-x64.dll); second definition ignored
libcrypto_static.lib(p_lib.obj) : warning LNK4006: EVP_PKEY_get1_RSA already defined in libcrypto.lib(libcrypto-1_1-x64.dll); second definition ignored
libcrypto_static.lib(p_lib.obj) : warning LNK4006: EVP_PKEY_set1_DSA already defined in libcrypto.lib(libcrypto-1_1-x64.dll); second definition ignored
libcrypto_static.lib(p_lib.obj) : warning LNK4006: EVP_PKEY_get0_DSA already defined in libcrypto.lib(libcrypto-1_1-x64.dll); second definition ignored
libcrypto_static.lib(p_lib.obj) : warning LNK4006: EVP_PKEY_get1_DSA already defined in libcrypto.lib(libcrypto-1_1-x64.dll); second definition ignored
libcrypto_static.lib(p_lib.obj) : warning LNK4006: EVP_PKEY_set1_DH already defined in libcrypto.lib(libcrypto-1_1-x64.dll); second definition ignored
libcrypto_static.lib(p_lib.obj) : warning LNK4006: EVP_PKEY_get0_DH already defined in libcrypto.lib(libcrypto-1_1-x64.dll); second definition ignored
libcrypto_static.lib(p_lib.obj) : warning LNK4006: EVP_PKEY_get1_DH already defined in libcrypto.lib(libcrypto-1_1-x64.dll); second definition ignored
libcrypto_static.lib(p_lib.obj) : warning LNK4006: EVP_PKEY_set1_EC_KEY already defined in libcrypto.lib(libcrypto-1_1-x64.dll); second definition ignored
libcrypto_static.lib(p_lib.obj) : warning LNK4006: EVP_PKEY_get0_EC_KEY already defined in libcrypto.lib(libcrypto-1_1-x64.dll); second definition ignored
libcrypto_static.lib(p_lib.obj) : warning LNK4006: EVP_PKEY_get1_EC_KEY already defined in libcrypto.lib(libcrypto-1_1-x64.dll); second definition ignored
libcrypto_static.lib(p_lib.obj) : warning LNK4006: EVP_PKEY_new already defined in libcrypto.lib(libcrypto-1_1-x64.dll); second definition ignored
libcrypto_static.lib(p_lib.obj) : warning LNK4006: EVP_PKEY_up_ref already defined in libcrypto.lib(libcrypto-1_1-x64.dll); second definition ignored
libcrypto_static.lib(p_lib.obj) : warning LNK4006: EVP_PKEY_free already defined in libcrypto.lib(libcrypto-1_1-x64.dll); second definition ignored
libcrypto_static.lib(p_lib.obj) : warning LNK4006: EVP_PKEY_copy_parameters already defined in libcrypto.lib(libcrypto-1_1-x64.dll); second definition ignored
libcrypto_static.lib(p_lib.obj) : warning LNK4006: EVP_PKEY_missing_parameters already defined in libcrypto.lib(libcrypto-1_1-x64.dll); second definition ignored
libcrypto_static.lib(p_lib.obj) : warning LNK4006: EVP_PKEY_save_parameters already defined in libcrypto.lib(libcrypto-1_1-x64.dll); second definition ignored
libcrypto_static.lib(p_lib.obj) : warning LNK4006: EVP_PKEY_cmp_parameters already defined in libcrypto.lib(libcrypto-1_1-x64.dll); second definition ignored
libcrypto_static.lib(p_lib.obj) : warning LNK4006: EVP_PKEY_cmp already defined in libcrypto.lib(libcrypto-1_1-x64.dll); second definition ignored
libcrypto_static.lib(p_lib.obj) : warning LNK4006: EVP_PKEY_print_public already defined in libcrypto.lib(libcrypto-1_1-x64.dll); second definition ignored
libcrypto_static.lib(p_lib.obj) : warning LNK4006: EVP_PKEY_print_private already defined in libcrypto.lib(libcrypto-1_1-x64.dll); second definition ignored
libcrypto_static.lib(p_lib.obj) : warning LNK4006: EVP_PKEY_print_params already defined in libcrypto.lib(libcrypto-1_1-x64.dll); second definition ignored
libcrypto_static.lib(p_lib.obj) : warning LNK4006: EVP_PKEY_get_default_digest_nid already defined in libcrypto.lib(libcrypto-1_1-x64.dll); second definition ignored
libcrypto_static.lib(p_lib.obj) : warning LNK4006: EVP_PKEY_set1_tls_encodedpoint already defined in libcrypto.lib(libcrypto-1_1-x64.dll); second definition ignored
libcrypto_static.lib(p_lib.obj) : warning LNK4006: EVP_PKEY_get1_tls_encodedpoint already defined in libcrypto.lib(libcrypto-1_1-x64.dll); second definition ignored
libcrypto_static.lib(p_lib.obj) : warning LNK4006: EVP_PKEY_new_raw_private_key already defined in libcrypto.lib(libcrypto-1_1-x64.dll); second definition ignored
libcrypto_static.lib(p_lib.obj) : warning LNK4006: EVP_PKEY_new_raw_public_key already defined in libcrypto.lib(libcrypto-1_1-x64.dll); second definition ignored
libcrypto_static.lib(p_lib.obj) : warning LNK4006: EVP_PKEY_get_raw_private_key already defined in libcrypto.lib(libcrypto-1_1-x64.dll); second definition ignored
libcrypto_static.lib(p_lib.obj) : warning LNK4006: EVP_PKEY_get_raw_public_key already defined in libcrypto.lib(libcrypto-1_1-x64.dll); second definition ignored
libcrypto_static.lib(p_lib.obj) : warning LNK4006: EVP_PKEY_new_CMAC_key already defined in libcrypto.lib(libcrypto-1_1-x64.dll); second definition ignored
libcrypto_static.lib(p_open.obj) : warning LNK4006: EVP_OpenInit already defined in libcrypto.lib(libcrypto-1_1-x64.dll); second definition ignored
libcrypto_static.lib(p_open.obj) : warning LNK4006: EVP_OpenFinal already defined in libcrypto.lib(libcrypto-1_1-x64.dll); second definition ignored
libcrypto_static.lib(p_seal.obj) : warning LNK4006: EVP_SealInit already defined in libcrypto.lib(libcrypto-1_1-x64.dll); second definition ignored
libcrypto_static.lib(p_seal.obj) : warning LNK4006: EVP_SealFinal already defined in libcrypto.lib(libcrypto-1_1-x64.dll); second definition ignored
libcrypto_static.lib(p_sign.obj) : warning LNK4006: EVP_SignFinal already defined in libcrypto.lib(libcrypto-1_1-x64.dll); second definition ignored
libcrypto_static.lib(p_verify.obj) : warning LNK4006: EVP_VerifyFinal already defined in libcrypto.lib(libcrypto-1_1-x64.dll); second definition ignored
libcrypto_static.lib(pbe_scrypt.obj) : warning LNK4006: EVP_PBE_scrypt already defined in libcrypto.lib(libcrypto-1_1-x64.dll); second definition ignored
libcrypto_static.lib(pmeth_fn.obj) : warning LNK4006: EVP_PKEY_sign_init already defined in libcrypto.lib(libcrypto-1_1-x64.dll); second definition ignored
libcrypto_static.lib(pmeth_fn.obj) : warning LNK4006: EVP_PKEY_sign already defined in libcrypto.lib(libcrypto-1_1-x64.dll); second definition ignored
libcrypto_static.lib(pmeth_fn.obj) : warning LNK4006: EVP_PKEY_verify_init already defined in libcrypto.lib(libcrypto-1_1-x64.dll); second definition ignored
libcrypto_static.lib(pmeth_fn.obj) : warning LNK4006: EVP_PKEY_verify already defined in libcrypto.lib(libcrypto-1_1-x64.dll); second definition ignored
libcrypto_static.lib(pmeth_fn.obj) : warning LNK4006: EVP_PKEY_verify_recover_init already defined in libcrypto.lib(libcrypto-1_1-x64.dll); second definition ignored
libcrypto_static.lib(pmeth_fn.obj) : warning LNK4006: EVP_PKEY_verify_recover already defined in libcrypto.lib(libcrypto-1_1-x64.dll); second definition ignored
libcrypto_static.lib(pmeth_fn.obj) : warning LNK4006: EVP_PKEY_encrypt_init already defined in libcrypto.lib(libcrypto-1_1-x64.dll); second definition ignored
libcrypto_static.lib(pmeth_fn.obj) : warning LNK4006: EVP_PKEY_encrypt already defined in libcrypto.lib(libcrypto-1_1-x64.dll); second definition ignored
libcrypto_static.lib(pmeth_fn.obj) : warning LNK4006: EVP_PKEY_decrypt_init already defined in libcrypto.lib(libcrypto-1_1-x64.dll); second definition ignored
libcrypto_static.lib(pmeth_fn.obj) : warning LNK4006: EVP_PKEY_decrypt already defined in libcrypto.lib(libcrypto-1_1-x64.dll); second definition ignored
libcrypto_static.lib(pmeth_fn.obj) : warning LNK4006: EVP_PKEY_derive_init already defined in libcrypto.lib(libcrypto-1_1-x64.dll); second definition ignored
libcrypto_static.lib(pmeth_fn.obj) : warning LNK4006: EVP_PKEY_derive_set_peer already defined in libcrypto.lib(libcrypto-1_1-x64.dll); second definition ignored
libcrypto_static.lib(pmeth_fn.obj) : warning LNK4006: EVP_PKEY_derive already defined in libcrypto.lib(libcrypto-1_1-x64.dll); second definition ignored
libcrypto_static.lib(pmeth_gn.obj) : warning LNK4006: EVP_PKEY_new_mac_key already defined in libcrypto.lib(libcrypto-1_1-x64.dll); second definition ignored
libcrypto_static.lib(pmeth_gn.obj) : warning LNK4006: EVP_PKEY_paramgen_init already defined in libcrypto.lib(libcrypto-1_1-x64.dll); second definition ignored
libcrypto_static.lib(pmeth_gn.obj) : warning LNK4006: EVP_PKEY_paramgen already defined in libcrypto.lib(libcrypto-1_1-x64.dll); second definition ignored
libcrypto_static.lib(pmeth_gn.obj) : warning LNK4006: EVP_PKEY_keygen_init already defined in libcrypto.lib(libcrypto-1_1-x64.dll); second definition ignored
libcrypto_static.lib(pmeth_gn.obj) : warning LNK4006: EVP_PKEY_keygen already defined in libcrypto.lib(libcrypto-1_1-x64.dll); second definition ignored
libcrypto_static.lib(pmeth_gn.obj) : warning LNK4006: EVP_PKEY_check already defined in libcrypto.lib(libcrypto-1_1-x64.dll); second definition ignored
libcrypto_static.lib(pmeth_gn.obj) : warning LNK4006: EVP_PKEY_public_check already defined in libcrypto.lib(libcrypto-1_1-x64.dll); second definition ignored
libcrypto_static.lib(pmeth_gn.obj) : warning LNK4006: EVP_PKEY_param_check already defined in libcrypto.lib(libcrypto-1_1-x64.dll); second definition ignored
libcrypto_static.lib(pmeth_gn.obj) : warning LNK4006: EVP_PKEY_CTX_set_cb already defined in libcrypto.lib(libcrypto-1_1-x64.dll); second definition ignored
libcrypto_static.lib(pmeth_gn.obj) : warning LNK4006: EVP_PKEY_CTX_get_cb already defined in libcrypto.lib(libcrypto-1_1-x64.dll); second definition ignored
libcrypto_static.lib(pmeth_gn.obj) : warning LNK4006: EVP_PKEY_CTX_get_keygen_info already defined in libcrypto.lib(libcrypto-1_1-x64.dll); second definition ignored
libcrypto_static.lib(pmeth_lib.obj) : warning LNK4006: EVP_PKEY_meth_find already defined in libcrypto.lib(libcrypto-1_1-x64.dll); second definition ignored
libcrypto_static.lib(pmeth_lib.obj) : warning LNK4006: EVP_PKEY_meth_new already defined in libcrypto.lib(libcrypto-1_1-x64.dll); second definition ignored
libcrypto_static.lib(pmeth_lib.obj) : warning LNK4006: EVP_PKEY_meth_get0_info already defined in libcrypto.lib(libcrypto-1_1-x64.dll); second definition ignored
libcrypto_static.lib(pmeth_lib.obj) : warning LNK4006: EVP_PKEY_meth_copy already defined in libcrypto.lib(libcrypto-1_1-x64.dll); second definition ignored
libcrypto_static.lib(pmeth_lib.obj) : warning LNK4006: EVP_PKEY_meth_free already defined in libcrypto.lib(libcrypto-1_1-x64.dll); second definition ignored
libcrypto_static.lib(pmeth_lib.obj) : warning LNK4006: EVP_PKEY_meth_add0 already defined in libcrypto.lib(libcrypto-1_1-x64.dll); second definition ignored
libcrypto_static.lib(pmeth_lib.obj) : warning LNK4006: EVP_PKEY_meth_remove already defined in libcrypto.lib(libcrypto-1_1-x64.dll); second definition ignored
libcrypto_static.lib(pmeth_lib.obj) : warning LNK4006: EVP_PKEY_meth_get_count already defined in libcrypto.lib(libcrypto-1_1-x64.dll); second definition ignored
libcrypto_static.lib(pmeth_lib.obj) : warning LNK4006: EVP_PKEY_meth_get0 already defined in libcrypto.lib(libcrypto-1_1-x64.dll); second definition ignored
libcrypto_static.lib(pmeth_lib.obj) : warning LNK4006: EVP_PKEY_CTX_new already defined in libcrypto.lib(libcrypto-1_1-x64.dll); second definition ignored
libcrypto_static.lib(pmeth_lib.obj) : warning LNK4006: EVP_PKEY_CTX_new_id already defined in libcrypto.lib(libcrypto-1_1-x64.dll); second definition ignored
libcrypto_static.lib(pmeth_lib.obj) : warning LNK4006: EVP_PKEY_CTX_dup already defined in libcrypto.lib(libcrypto-1_1-x64.dll); second definition ignored
libcrypto_static.lib(pmeth_lib.obj) : warning LNK4006: EVP_PKEY_CTX_free already defined in libcrypto.lib(libcrypto-1_1-x64.dll); second definition ignored
libcrypto_static.lib(pmeth_lib.obj) : warning LNK4006: EVP_PKEY_CTX_ctrl already defined in libcrypto.lib(libcrypto-1_1-x64.dll); second definition ignored
libcrypto_static.lib(pmeth_lib.obj) : warning LNK4006: EVP_PKEY_CTX_ctrl_str already defined in libcrypto.lib(libcrypto-1_1-x64.dll); second definition ignored
libcrypto_static.lib(pmeth_lib.obj) : warning LNK4006: EVP_PKEY_CTX_ctrl_uint64 already defined in libcrypto.lib(libcrypto-1_1-x64.dll); second definition ignored
libcrypto_static.lib(pmeth_lib.obj) : warning LNK4006: EVP_PKEY_CTX_str2ctrl already defined in libcrypto.lib(libcrypto-1_1-x64.dll); second definition ignored
libcrypto_static.lib(pmeth_lib.obj) : warning LNK4006: EVP_PKEY_CTX_hex2ctrl already defined in libcrypto.lib(libcrypto-1_1-x64.dll); second definition ignored
libcrypto_static.lib(pmeth_lib.obj) : warning LNK4006: EVP_PKEY_CTX_md already defined in libcrypto.lib(libcrypto-1_1-x64.dll); second definition ignored
libcrypto_static.lib(pmeth_lib.obj) : warning LNK4006: EVP_PKEY_CTX_get_operation already defined in libcrypto.lib(libcrypto-1_1-x64.dll); second definition ignored
libcrypto_static.lib(pmeth_lib.obj) : warning LNK4006: EVP_PKEY_CTX_set0_keygen_info already defined in libcrypto.lib(libcrypto-1_1-x64.dll); second definition ignored
libcrypto_static.lib(pmeth_lib.obj) : warning LNK4006: EVP_PKEY_CTX_set_data already defined in libcrypto.lib(libcrypto-1_1-x64.dll); second definition ignored
libcrypto_static.lib(pmeth_lib.obj) : warning LNK4006: EVP_PKEY_CTX_get_data already defined in libcrypto.lib(libcrypto-1_1-x64.dll); second definition ignored
libcrypto_static.lib(pmeth_lib.obj) : warning LNK4006: EVP_PKEY_CTX_get0_pkey already defined in libcrypto.lib(libcrypto-1_1-x64.dll); second definition ignored
libcrypto_static.lib(pmeth_lib.obj) : warning LNK4006: EVP_PKEY_CTX_get0_peerkey already defined in libcrypto.lib(libcrypto-1_1-x64.dll); second definition ignored
libcrypto_static.lib(pmeth_lib.obj) : warning LNK4006: EVP_PKEY_CTX_set_app_data already defined in libcrypto.lib(libcrypto-1_1-x64.dll); second definition ignored
libcrypto_static.lib(pmeth_lib.obj) : warning LNK4006: EVP_PKEY_CTX_get_app_data already defined in libcrypto.lib(libcrypto-1_1-x64.dll); second definition ignored
libcrypto_static.lib(pmeth_lib.obj) : warning LNK4006: EVP_PKEY_meth_set_init already defined in libcrypto.lib(libcrypto-1_1-x64.dll); second definition ignored
libcrypto_static.lib(pmeth_lib.obj) : warning LNK4006: EVP_PKEY_meth_set_copy already defined in libcrypto.lib(libcrypto-1_1-x64.dll); second definition ignored
libcrypto_static.lib(pmeth_lib.obj) : warning LNK4006: EVP_PKEY_meth_set_cleanup already defined in libcrypto.lib(libcrypto-1_1-x64.dll); second definition ignored
libcrypto_static.lib(pmeth_lib.obj) : warning LNK4006: EVP_PKEY_meth_set_paramgen already defined in libcrypto.lib(libcrypto-1_1-x64.dll); second definition ignored
libcrypto_static.lib(pmeth_lib.obj) : warning LNK4006: EVP_PKEY_meth_set_keygen already defined in libcrypto.lib(libcrypto-1_1-x64.dll); second definition ignored
libcrypto_static.lib(pmeth_lib.obj) : warning LNK4006: EVP_PKEY_meth_set_sign already defined in libcrypto.lib(libcrypto-1_1-x64.dll); second definition ignored
libcrypto_static.lib(pmeth_lib.obj) : warning LNK4006: EVP_PKEY_meth_set_verify already defined in libcrypto.lib(libcrypto-1_1-x64.dll); second definition ignored
libcrypto_static.lib(pmeth_lib.obj) : warning LNK4006: EVP_PKEY_meth_set_verify_recover already defined in libcrypto.lib(libcrypto-1_1-x64.dll); second definition ignored
libcrypto_static.lib(pmeth_lib.obj) : warning LNK4006: EVP_PKEY_meth_set_signctx already defined in libcrypto.lib(libcrypto-1_1-x64.dll); second definition ignored
libcrypto_static.lib(pmeth_lib.obj) : warning LNK4006: EVP_PKEY_meth_set_verifyctx already defined in libcrypto.lib(libcrypto-1_1-x64.dll); second definition ignored
libcrypto_static.lib(pmeth_lib.obj) : warning LNK4006: EVP_PKEY_meth_set_encrypt already defined in libcrypto.lib(libcrypto-1_1-x64.dll); second definition ignored
libcrypto_static.lib(pmeth_lib.obj) : warning LNK4006: EVP_PKEY_meth_set_decrypt already defined in libcrypto.lib(libcrypto-1_1-x64.dll); second definition ignored
libcrypto_static.lib(pmeth_lib.obj) : warning LNK4006: EVP_PKEY_meth_set_derive already defined in libcrypto.lib(libcrypto-1_1-x64.dll); second definition ignored
libcrypto_static.lib(pmeth_lib.obj) : warning LNK4006: EVP_PKEY_meth_set_ctrl already defined in libcrypto.lib(libcrypto-1_1-x64.dll); second definition ignored
libcrypto_static.lib(pmeth_lib.obj) : warning LNK4006: EVP_PKEY_meth_set_check already defined in libcrypto.lib(libcrypto-1_1-x64.dll); second definition ignored
libcrypto_static.lib(pmeth_lib.obj) : warning LNK4006: EVP_PKEY_meth_set_public_check already defined in libcrypto.lib(libcrypto-1_1-x64.dll); second definition ignored
libcrypto_static.lib(pmeth_lib.obj) : warning LNK4006: EVP_PKEY_meth_set_param_check already defined in libcrypto.lib(libcrypto-1_1-x64.dll); second definition ignored
libcrypto_static.lib(pmeth_lib.obj) : warning LNK4006: EVP_PKEY_meth_set_digest_custom already defined in libcrypto.lib(libcrypto-1_1-x64.dll); second definition ignored
libcrypto_static.lib(pmeth_lib.obj) : warning LNK4006: EVP_PKEY_meth_get_init already defined in libcrypto.lib(libcrypto-1_1-x64.dll); second definition ignored
libcrypto_static.lib(pmeth_lib.obj) : warning LNK4006: EVP_PKEY_meth_get_copy already defined in libcrypto.lib(libcrypto-1_1-x64.dll); second definition ignored
libcrypto_static.lib(pmeth_lib.obj) : warning LNK4006: EVP_PKEY_meth_get_cleanup already defined in libcrypto.lib(libcrypto-1_1-x64.dll); second definition ignored
libcrypto_static.lib(pmeth_lib.obj) : warning LNK4006: EVP_PKEY_meth_get_paramgen already defined in libcrypto.lib(libcrypto-1_1-x64.dll); second definition ignored
libcrypto_static.lib(pmeth_lib.obj) : warning LNK4006: EVP_PKEY_meth_get_keygen already defined in libcrypto.lib(libcrypto-1_1-x64.dll); second definition ignored
libcrypto_static.lib(pmeth_lib.obj) : warning LNK4006: EVP_PKEY_meth_get_sign already defined in libcrypto.lib(libcrypto-1_1-x64.dll); second definition ignored
libcrypto_static.lib(pmeth_lib.obj) : warning LNK4006: EVP_PKEY_meth_get_verify already defined in libcrypto.lib(libcrypto-1_1-x64.dll); second definition ignored
libcrypto_static.lib(pmeth_lib.obj) : warning LNK4006: EVP_PKEY_meth_get_verify_recover already defined in libcrypto.lib(libcrypto-1_1-x64.dll); second definition ignored
libcrypto_static.lib(pmeth_lib.obj) : warning LNK4006: EVP_PKEY_meth_get_signctx already defined in libcrypto.lib(libcrypto-1_1-x64.dll); second definition ignored
libcrypto_static.lib(pmeth_lib.obj) : warning LNK4006: EVP_PKEY_meth_get_verifyctx already defined in libcrypto.lib(libcrypto-1_1-x64.dll); second definition ignored
libcrypto_static.lib(pmeth_lib.obj) : warning LNK4006: EVP_PKEY_meth_get_encrypt already defined in libcrypto.lib(libcrypto-1_1-x64.dll); second definition ignored
libcrypto_static.lib(pmeth_lib.obj) : warning LNK4006: EVP_PKEY_meth_get_decrypt already defined in libcrypto.lib(libcrypto-1_1-x64.dll); second definition ignored
libcrypto_static.lib(pmeth_lib.obj) : warning LNK4006: EVP_PKEY_meth_get_derive already defined in libcrypto.lib(libcrypto-1_1-x64.dll); second definition ignored
libcrypto_static.lib(pmeth_lib.obj) : warning LNK4006: EVP_PKEY_meth_get_ctrl already defined in libcrypto.lib(libcrypto-1_1-x64.dll); second definition ignored
libcrypto_static.lib(pmeth_lib.obj) : warning LNK4006: EVP_PKEY_meth_get_check already defined in libcrypto.lib(libcrypto-1_1-x64.dll); second definition ignored
libcrypto_static.lib(pmeth_lib.obj) : warning LNK4006: EVP_PKEY_meth_get_public_check already defined in libcrypto.lib(libcrypto-1_1-x64.dll); second definition ignored
libcrypto_static.lib(pmeth_lib.obj) : warning LNK4006: EVP_PKEY_meth_get_param_check already defined in libcrypto.lib(libcrypto-1_1-x64.dll); second definition ignored
libcrypto_static.lib(pmeth_lib.obj) : warning LNK4006: EVP_PKEY_meth_get_digest_custom already defined in libcrypto.lib(libcrypto-1_1-x64.dll); second definition ignored
libcrypto_static.lib(ex_data.obj) : warning LNK4006: CRYPTO_get_ex_new_index already defined in libcrypto.lib(libcrypto-1_1-x64.dll); second definition ignored
libcrypto_static.lib(ex_data.obj) : warning LNK4006: CRYPTO_free_ex_index already defined in libcrypto.lib(libcrypto-1_1-x64.dll); second definition ignored
libcrypto_static.lib(ex_data.obj) : warning LNK4006: CRYPTO_new_ex_data already defined in libcrypto.lib(libcrypto-1_1-x64.dll); second definition ignored
libcrypto_static.lib(ex_data.obj) : warning LNK4006: CRYPTO_dup_ex_data already defined in libcrypto.lib(libcrypto-1_1-x64.dll); second definition ignored
libcrypto_static.lib(ex_data.obj) : warning LNK4006: CRYPTO_free_ex_data already defined in libcrypto.lib(libcrypto-1_1-x64.dll); second definition ignored
libcrypto_static.lib(ex_data.obj) : warning LNK4006: CRYPTO_set_ex_data already defined in libcrypto.lib(libcrypto-1_1-x64.dll); second definition ignored
libcrypto_static.lib(ex_data.obj) : warning LNK4006: CRYPTO_get_ex_data already defined in libcrypto.lib(libcrypto-1_1-x64.dll); second definition ignored
libcrypto_static.lib(hmac.obj) : warning LNK4006: HMAC_size already defined in libcrypto.lib(libcrypto-1_1-x64.dll); second definition ignored
libcrypto_static.lib(hmac.obj) : warning LNK4006: HMAC_CTX_new already defined in libcrypto.lib(libcrypto-1_1-x64.dll); second definition ignored
libcrypto_static.lib(hmac.obj) : warning LNK4006: HMAC_CTX_reset already defined in libcrypto.lib(libcrypto-1_1-x64.dll); second definition ignored
libcrypto_static.lib(hmac.obj) : warning LNK4006: HMAC_CTX_free already defined in libcrypto.lib(libcrypto-1_1-x64.dll); second definition ignored
libcrypto_static.lib(hmac.obj) : warning LNK4006: HMAC_Init already defined in libcrypto.lib(libcrypto-1_1-x64.dll); second definition ignored
libcrypto_static.lib(hmac.obj) : warning LNK4006: HMAC_Init_ex already defined in libcrypto.lib(libcrypto-1_1-x64.dll); second definition ignored
libcrypto_static.lib(hmac.obj) : warning LNK4006: HMAC_Update already defined in libcrypto.lib(libcrypto-1_1-x64.dll); second definition ignored
libcrypto_static.lib(hmac.obj) : warning LNK4006: HMAC_Final already defined in libcrypto.lib(libcrypto-1_1-x64.dll); second definition ignored
libcrypto_static.lib(hmac.obj) : warning LNK4006: HMAC already defined in libcrypto.lib(libcrypto-1_1-x64.dll); second definition ignored
libcrypto_static.lib(hmac.obj) : warning LNK4006: HMAC_CTX_copy already defined in libcrypto.lib(libcrypto-1_1-x64.dll); second definition ignored
libcrypto_static.lib(hmac.obj) : warning LNK4006: HMAC_CTX_set_flags already defined in libcrypto.lib(libcrypto-1_1-x64.dll); second definition ignored
libcrypto_static.lib(hmac.obj) : warning LNK4006: HMAC_CTX_get_md already defined in libcrypto.lib(libcrypto-1_1-x64.dll); second definition ignored
libcrypto_static.lib(i_cbc.obj) : warning LNK4006: IDEA_cbc_encrypt already defined in libcrypto.lib(libcrypto-1_1-x64.dll); second definition ignored
libcrypto_static.lib(i_cbc.obj) : warning LNK4006: IDEA_encrypt already defined in libcrypto.lib(libcrypto-1_1-x64.dll); second definition ignored
libcrypto_static.lib(i_cfb64.obj) : warning LNK4006: IDEA_cfb64_encrypt already defined in libcrypto.lib(libcrypto-1_1-x64.dll); second definition ignored
libcrypto_static.lib(i_ecb.obj) : warning LNK4006: IDEA_options already defined in libcrypto.lib(libcrypto-1_1-x64.dll); second definition ignored
libcrypto_static.lib(i_ecb.obj) : warning LNK4006: IDEA_ecb_encrypt already defined in libcrypto.lib(libcrypto-1_1-x64.dll); second definition ignored
libcrypto_static.lib(i_ofb64.obj) : warning LNK4006: IDEA_ofb64_encrypt already defined in libcrypto.lib(libcrypto-1_1-x64.dll); second definition ignored
libcrypto_static.lib(i_skey.obj) : warning LNK4006: IDEA_set_encrypt_key already defined in libcrypto.lib(libcrypto-1_1-x64.dll); second definition ignored
libcrypto_static.lib(i_skey.obj) : warning LNK4006: IDEA_set_decrypt_key already defined in libcrypto.lib(libcrypto-1_1-x64.dll); second definition ignored
libcrypto_static.lib(init.obj) : warning LNK4006: OPENSSL_cleanup already defined in libcrypto.lib(libcrypto-1_1-x64.dll); second definition ignored
libcrypto_static.lib(init.obj) : warning LNK4006: OPENSSL_init_crypto already defined in libcrypto.lib(libcrypto-1_1-x64.dll); second definition ignored
libcrypto_static.lib(init.obj) : warning LNK4006: OPENSSL_atexit already defined in libcrypto.lib(libcrypto-1_1-x64.dll); second definition ignored
libcrypto_static.lib(init.obj) : warning LNK4006: OPENSSL_thread_stop already defined in libcrypto.lib(libcrypto-1_1-x64.dll); second definition ignored
libcrypto_static.lib(kdf_err.obj) : warning LNK4006: ERR_load_KDF_strings already defined in libcrypto.lib(libcrypto-1_1-x64.dll); second definition ignored
libcrypto_static.lib(lh_stats.obj) : warning LNK4006: OPENSSL_LH_stats already defined in libcrypto.lib(libcrypto-1_1-x64.dll); second definition ignored
libcrypto_static.lib(lh_stats.obj) : warning LNK4006: OPENSSL_LH_node_stats already defined in libcrypto.lib(libcrypto-1_1-x64.dll); second definition ignored
libcrypto_static.lib(lh_stats.obj) : warning LNK4006: OPENSSL_LH_node_usage_stats already defined in libcrypto.lib(libcrypto-1_1-x64.dll); second definition ignored
libcrypto_static.lib(lh_stats.obj) : warning LNK4006: OPENSSL_LH_stats_bio already defined in libcrypto.lib(libcrypto-1_1-x64.dll); second definition ignored
libcrypto_static.lib(lh_stats.obj) : warning LNK4006: OPENSSL_LH_node_stats_bio already defined in libcrypto.lib(libcrypto-1_1-x64.dll); second definition ignored
libcrypto_static.lib(lh_stats.obj) : warning LNK4006: OPENSSL_LH_node_usage_stats_bio already defined in libcrypto.lib(libcrypto-1_1-x64.dll); second definition ignored
libcrypto_static.lib(lhash.obj) : warning LNK4006: OPENSSL_LH_error already defined in libcrypto.lib(libcrypto-1_1-x64.dll); second definition ignored
libcrypto_static.lib(lhash.obj) : warning LNK4006: OPENSSL_LH_new already defined in libcrypto.lib(libcrypto-1_1-x64.dll); second definition ignored
libcrypto_static.lib(lhash.obj) : warning LNK4006: OPENSSL_LH_free already defined in libcrypto.lib(libcrypto-1_1-x64.dll); second definition ignored
libcrypto_static.lib(lhash.obj) : warning LNK4006: OPENSSL_LH_insert already defined in libcrypto.lib(libcrypto-1_1-x64.dll); second definition ignored
libcrypto_static.lib(lhash.obj) : warning LNK4006: OPENSSL_LH_delete already defined in libcrypto.lib(libcrypto-1_1-x64.dll); second definition ignored
libcrypto_static.lib(lhash.obj) : warning LNK4006: OPENSSL_LH_retrieve already defined in libcrypto.lib(libcrypto-1_1-x64.dll); second definition ignored
libcrypto_static.lib(lhash.obj) : warning LNK4006: OPENSSL_LH_doall already defined in libcrypto.lib(libcrypto-1_1-x64.dll); second definition ignored
libcrypto_static.lib(lhash.obj) : warning LNK4006: OPENSSL_LH_doall_arg already defined in libcrypto.lib(libcrypto-1_1-x64.dll); second definition ignored
libcrypto_static.lib(lhash.obj) : warning LNK4006: OPENSSL_LH_strhash already defined in libcrypto.lib(libcrypto-1_1-x64.dll); second definition ignored
libcrypto_static.lib(lhash.obj) : warning LNK4006: OPENSSL_LH_num_items already defined in libcrypto.lib(libcrypto-1_1-x64.dll); second definition ignored
libcrypto_static.lib(lhash.obj) : warning LNK4006: OPENSSL_LH_get_down_load already defined in libcrypto.lib(libcrypto-1_1-x64.dll); second definition ignored
libcrypto_static.lib(lhash.obj) : warning LNK4006: OPENSSL_LH_set_down_load already defined in libcrypto.lib(libcrypto-1_1-x64.dll); second definition ignored
libcrypto_static.lib(md4_dgst.obj) : warning LNK4006: MD4_Init already defined in libcrypto.lib(libcrypto-1_1-x64.dll); second definition ignored
libcrypto_static.lib(md4_dgst.obj) : warning LNK4006: MD4_Update already defined in libcrypto.lib(libcrypto-1_1-x64.dll); second definition ignored
libcrypto_static.lib(md4_dgst.obj) : warning LNK4006: MD4_Final already defined in libcrypto.lib(libcrypto-1_1-x64.dll); second definition ignored
libcrypto_static.lib(md4_dgst.obj) : warning LNK4006: MD4_Transform already defined in libcrypto.lib(libcrypto-1_1-x64.dll); second definition ignored
libcrypto_static.lib(md4_one.obj) : warning LNK4006: MD4 already defined in libcrypto.lib(libcrypto-1_1-x64.dll); second definition ignored
libcrypto_static.lib(md5_dgst.obj) : warning LNK4006: MD5_Init already defined in libcrypto.lib(libcrypto-1_1-x64.dll); second definition ignored
libcrypto_static.lib(md5_dgst.obj) : warning LNK4006: MD5_Update already defined in libcrypto.lib(libcrypto-1_1-x64.dll); second definition ignored
libcrypto_static.lib(md5_dgst.obj) : warning LNK4006: MD5_Final already defined in libcrypto.lib(libcrypto-1_1-x64.dll); second definition ignored
libcrypto_static.lib(md5_dgst.obj) : warning LNK4006: MD5_Transform already defined in libcrypto.lib(libcrypto-1_1-x64.dll); second definition ignored
libcrypto_static.lib(md5_one.obj) : warning LNK4006: MD5 already defined in libcrypto.lib(libcrypto-1_1-x64.dll); second definition ignored
libcrypto_static.lib(mdc2_one.obj) : warning LNK4006: MDC2 already defined in libcrypto.lib(libcrypto-1_1-x64.dll); second definition ignored
libcrypto_static.lib(mdc2dgst.obj) : warning LNK4006: MDC2_Init already defined in libcrypto.lib(libcrypto-1_1-x64.dll); second definition ignored
libcrypto_static.lib(mdc2dgst.obj) : warning LNK4006: MDC2_Update already defined in libcrypto.lib(libcrypto-1_1-x64.dll); second definition ignored
libcrypto_static.lib(mdc2dgst.obj) : warning LNK4006: MDC2_Final already defined in libcrypto.lib(libcrypto-1_1-x64.dll); second definition ignored
libcrypto_static.lib(mem.obj) : warning LNK4006: CRYPTO_malloc already defined in libcrypto.lib(libcrypto-1_1-x64.dll); second definition ignored
libcrypto_static.lib(mem.obj) : warning LNK4006: CRYPTO_free already defined in libcrypto.lib(libcrypto-1_1-x64.dll); second definition ignored
libcrypto_static.lib(mem.obj) : warning LNK4006: CRYPTO_realloc already defined in libcrypto.lib(libcrypto-1_1-x64.dll); second definition ignored
libcrypto_static.lib(mem.obj) : warning LNK4006: CRYPTO_set_mem_functions already defined in libcrypto.lib(libcrypto-1_1-x64.dll); second definition ignored
libcrypto_static.lib(mem.obj) : warning LNK4006: CRYPTO_set_mem_debug already defined in libcrypto.lib(libcrypto-1_1-x64.dll); second definition ignored
libcrypto_static.lib(mem.obj) : warning LNK4006: CRYPTO_get_mem_functions already defined in libcrypto.lib(libcrypto-1_1-x64.dll); second definition ignored
libcrypto_static.lib(mem.obj) : warning LNK4006: CRYPTO_zalloc already defined in libcrypto.lib(libcrypto-1_1-x64.dll); second definition ignored
libcrypto_static.lib(mem.obj) : warning LNK4006: CRYPTO_clear_free already defined in libcrypto.lib(libcrypto-1_1-x64.dll); second definition ignored
libcrypto_static.lib(mem.obj) : warning LNK4006: CRYPTO_clear_realloc already defined in libcrypto.lib(libcrypto-1_1-x64.dll); second definition ignored
libcrypto_static.lib(mem_dbg.obj) : warning LNK4006: CRYPTO_mem_ctrl already defined in libcrypto.lib(libcrypto-1_1-x64.dll); second definition ignored
libcrypto_static.lib(mem_sec.obj) : warning LNK4006: CRYPTO_secure_malloc_init already defined in libcrypto.lib(libcrypto-1_1-x64.dll); second definition ignored
libcrypto_static.lib(mem_sec.obj) : warning LNK4006: CRYPTO_secure_malloc_done already defined in libcrypto.lib(libcrypto-1_1-x64.dll); second definition ignored
libcrypto_static.lib(mem_sec.obj) : warning LNK4006: CRYPTO_secure_malloc already defined in libcrypto.lib(libcrypto-1_1-x64.dll); second definition ignored
libcrypto_static.lib(mem_sec.obj) : warning LNK4006: CRYPTO_secure_zalloc already defined in libcrypto.lib(libcrypto-1_1-x64.dll); second definition ignored
libcrypto_static.lib(mem_sec.obj) : warning LNK4006: CRYPTO_secure_free already defined in libcrypto.lib(libcrypto-1_1-x64.dll); second definition ignored
libcrypto_static.lib(mem_sec.obj) : warning LNK4006: CRYPTO_secure_clear_free already defined in libcrypto.lib(libcrypto-1_1-x64.dll); second definition ignored
libcrypto_static.lib(mem_sec.obj) : warning LNK4006: CRYPTO_secure_allocated already defined in libcrypto.lib(libcrypto-1_1-x64.dll); second definition ignored
libcrypto_static.lib(mem_sec.obj) : warning LNK4006: CRYPTO_secure_malloc_initialized already defined in libcrypto.lib(libcrypto-1_1-x64.dll); second definition ignored
libcrypto_static.lib(mem_sec.obj) : warning LNK4006: CRYPTO_secure_actual_size already defined in libcrypto.lib(libcrypto-1_1-x64.dll); second definition ignored
libcrypto_static.lib(mem_sec.obj) : warning LNK4006: CRYPTO_secure_used already defined in libcrypto.lib(libcrypto-1_1-x64.dll); second definition ignored
libcrypto_static.lib(cbc128.obj) : warning LNK4006: CRYPTO_cbc128_encrypt already defined in libcrypto.lib(libcrypto-1_1-x64.dll); second definition ignored
libcrypto_static.lib(cbc128.obj) : warning LNK4006: CRYPTO_cbc128_decrypt already defined in libcrypto.lib(libcrypto-1_1-x64.dll); second definition ignored
libcrypto_static.lib(ccm128.obj) : warning LNK4006: CRYPTO_ccm128_init already defined in libcrypto.lib(libcrypto-1_1-x64.dll); second definition ignored
libcrypto_static.lib(ccm128.obj) : warning LNK4006: CRYPTO_ccm128_setiv already defined in libcrypto.lib(libcrypto-1_1-x64.dll); second definition ignored
libcrypto_static.lib(ccm128.obj) : warning LNK4006: CRYPTO_ccm128_aad already defined in libcrypto.lib(libcrypto-1_1-x64.dll); second definition ignored
libcrypto_static.lib(ccm128.obj) : warning LNK4006: CRYPTO_ccm128_encrypt already defined in libcrypto.lib(libcrypto-1_1-x64.dll); second definition ignored
libcrypto_static.lib(ccm128.obj) : warning LNK4006: CRYPTO_ccm128_decrypt already defined in libcrypto.lib(libcrypto-1_1-x64.dll); second definition ignored
libcrypto_static.lib(ccm128.obj) : warning LNK4006: CRYPTO_ccm128_encrypt_ccm64 already defined in libcrypto.lib(libcrypto-1_1-x64.dll); second definition ignored
libcrypto_static.lib(ccm128.obj) : warning LNK4006: CRYPTO_ccm128_decrypt_ccm64 already defined in libcrypto.lib(libcrypto-1_1-x64.dll); second definition ignored
libcrypto_static.lib(ccm128.obj) : warning LNK4006: CRYPTO_ccm128_tag already defined in libcrypto.lib(libcrypto-1_1-x64.dll); second definition ignored
libcrypto_static.lib(cfb128.obj) : warning LNK4006: CRYPTO_cfb128_encrypt already defined in libcrypto.lib(libcrypto-1_1-x64.dll); second definition ignored
libcrypto_static.lib(cfb128.obj) : warning LNK4006: CRYPTO_cfb128_8_encrypt already defined in libcrypto.lib(libcrypto-1_1-x64.dll); second definition ignored
libcrypto_static.lib(cfb128.obj) : warning LNK4006: CRYPTO_cfb128_1_encrypt already defined in libcrypto.lib(libcrypto-1_1-x64.dll); second definition ignored
libcrypto_static.lib(ctr128.obj) : warning LNK4006: CRYPTO_ctr128_encrypt already defined in libcrypto.lib(libcrypto-1_1-x64.dll); second definition ignored
libcrypto_static.lib(ctr128.obj) : warning LNK4006: CRYPTO_ctr128_encrypt_ctr32 already defined in libcrypto.lib(libcrypto-1_1-x64.dll); second definition ignored
libcrypto_static.lib(cts128.obj) : warning LNK4006: CRYPTO_cts128_encrypt_block already defined in libcrypto.lib(libcrypto-1_1-x64.dll); second definition ignored
libcrypto_static.lib(cts128.obj) : warning LNK4006: CRYPTO_cts128_encrypt already defined in libcrypto.lib(libcrypto-1_1-x64.dll); second definition ignored
libcrypto_static.lib(cts128.obj) : warning LNK4006: CRYPTO_cts128_decrypt_block already defined in libcrypto.lib(libcrypto-1_1-x64.dll); second definition ignored
libcrypto_static.lib(cts128.obj) : warning LNK4006: CRYPTO_cts128_decrypt already defined in libcrypto.lib(libcrypto-1_1-x64.dll); second definition ignored
libcrypto_static.lib(cts128.obj) : warning LNK4006: CRYPTO_nistcts128_encrypt_block already defined in libcrypto.lib(libcrypto-1_1-x64.dll); second definition ignored
libcrypto_static.lib(cts128.obj) : warning LNK4006: CRYPTO_nistcts128_encrypt already defined in libcrypto.lib(libcrypto-1_1-x64.dll); second definition ignored
libcrypto_static.lib(cts128.obj) : warning LNK4006: CRYPTO_nistcts128_decrypt_block already defined in libcrypto.lib(libcrypto-1_1-x64.dll); second definition ignored
libcrypto_static.lib(cts128.obj) : warning LNK4006: CRYPTO_nistcts128_decrypt already defined in libcrypto.lib(libcrypto-1_1-x64.dll); second definition ignored
libcrypto_static.lib(gcm128.obj) : warning LNK4006: CRYPTO_gcm128_new already defined in libcrypto.lib(libcrypto-1_1-x64.dll); second definition ignored
libcrypto_static.lib(gcm128.obj) : warning LNK4006: CRYPTO_gcm128_init already defined in libcrypto.lib(libcrypto-1_1-x64.dll); second definition ignored
libcrypto_static.lib(gcm128.obj) : warning LNK4006: CRYPTO_gcm128_setiv already defined in libcrypto.lib(libcrypto-1_1-x64.dll); second definition ignored
libcrypto_static.lib(gcm128.obj) : warning LNK4006: CRYPTO_gcm128_aad already defined in libcrypto.lib(libcrypto-1_1-x64.dll); second definition ignored
libcrypto_static.lib(gcm128.obj) : warning LNK4006: CRYPTO_gcm128_encrypt already defined in libcrypto.lib(libcrypto-1_1-x64.dll); second definition ignored
libcrypto_static.lib(gcm128.obj) : warning LNK4006: CRYPTO_gcm128_decrypt already defined in libcrypto.lib(libcrypto-1_1-x64.dll); second definition ignored
libcrypto_static.lib(gcm128.obj) : warning LNK4006: CRYPTO_gcm128_encrypt_ctr32 already defined in libcrypto.lib(libcrypto-1_1-x64.dll); second definition ignored
libcrypto_static.lib(gcm128.obj) : warning LNK4006: CRYPTO_gcm128_decrypt_ctr32 already defined in libcrypto.lib(libcrypto-1_1-x64.dll); second definition ignored
libcrypto_static.lib(gcm128.obj) : warning LNK4006: CRYPTO_gcm128_finish already defined in libcrypto.lib(libcrypto-1_1-x64.dll); second definition ignored
libcrypto_static.lib(gcm128.obj) : warning LNK4006: CRYPTO_gcm128_tag already defined in libcrypto.lib(libcrypto-1_1-x64.dll); second definition ignored
libcrypto_static.lib(gcm128.obj) : warning LNK4006: CRYPTO_gcm128_release already defined in libcrypto.lib(libcrypto-1_1-x64.dll); second definition ignored
libcrypto_static.lib(ocb128.obj) : warning LNK4006: CRYPTO_ocb128_new already defined in libcrypto.lib(libcrypto-1_1-x64.dll); second definition ignored
libcrypto_static.lib(ocb128.obj) : warning LNK4006: CRYPTO_ocb128_init already defined in libcrypto.lib(libcrypto-1_1-x64.dll); second definition ignored
libcrypto_static.lib(ocb128.obj) : warning LNK4006: CRYPTO_ocb128_copy_ctx already defined in libcrypto.lib(libcrypto-1_1-x64.dll); second definition ignored
libcrypto_static.lib(ocb128.obj) : warning LNK4006: CRYPTO_ocb128_setiv already defined in libcrypto.lib(libcrypto-1_1-x64.dll); second definition ignored
libcrypto_static.lib(ocb128.obj) : warning LNK4006: CRYPTO_ocb128_aad already defined in libcrypto.lib(libcrypto-1_1-x64.dll); second definition ignored
libcrypto_static.lib(ocb128.obj) : warning LNK4006: CRYPTO_ocb128_encrypt already defined in libcrypto.lib(libcrypto-1_1-x64.dll); second definition ignored
libcrypto_static.lib(ocb128.obj) : warning LNK4006: CRYPTO_ocb128_decrypt already defined in libcrypto.lib(libcrypto-1_1-x64.dll); second definition ignored
libcrypto_static.lib(ocb128.obj) : warning LNK4006: CRYPTO_ocb128_finish already defined in libcrypto.lib(libcrypto-1_1-x64.dll); second definition ignored
libcrypto_static.lib(ocb128.obj) : warning LNK4006: CRYPTO_ocb128_tag already defined in libcrypto.lib(libcrypto-1_1-x64.dll); second definition ignored
libcrypto_static.lib(ocb128.obj) : warning LNK4006: CRYPTO_ocb128_cleanup already defined in libcrypto.lib(libcrypto-1_1-x64.dll); second definition ignored
libcrypto_static.lib(ofb128.obj) : warning LNK4006: CRYPTO_ofb128_encrypt already defined in libcrypto.lib(libcrypto-1_1-x64.dll); second definition ignored
libcrypto_static.lib(wrap128.obj) : warning LNK4006: CRYPTO_128_wrap already defined in libcrypto.lib(libcrypto-1_1-x64.dll); second definition ignored
libcrypto_static.lib(wrap128.obj) : warning LNK4006: CRYPTO_128_unwrap already defined in libcrypto.lib(libcrypto-1_1-x64.dll); second definition ignored
libcrypto_static.lib(wrap128.obj) : warning LNK4006: CRYPTO_128_wrap_pad already defined in libcrypto.lib(libcrypto-1_1-x64.dll); second definition ignored
libcrypto_static.lib(wrap128.obj) : warning LNK4006: CRYPTO_128_unwrap_pad already defined in libcrypto.lib(libcrypto-1_1-x64.dll); second definition ignored
libcrypto_static.lib(xts128.obj) : warning LNK4006: CRYPTO_xts128_encrypt already defined in libcrypto.lib(libcrypto-1_1-x64.dll); second definition ignored
libcrypto_static.lib(o_dir.obj) : warning LNK4006: OPENSSL_DIR_read already defined in libcrypto.lib(libcrypto-1_1-x64.dll); second definition ignored
libcrypto_static.lib(o_dir.obj) : warning LNK4006: OPENSSL_DIR_end already defined in libcrypto.lib(libcrypto-1_1-x64.dll); second definition ignored
libcrypto_static.lib(o_fips.obj) : warning LNK4006: FIPS_mode already defined in libcrypto.lib(libcrypto-1_1-x64.dll); second definition ignored
libcrypto_static.lib(o_fips.obj) : warning LNK4006: FIPS_mode_set already defined in libcrypto.lib(libcrypto-1_1-x64.dll); second definition ignored
libcrypto_static.lib(o_init.obj) : warning LNK4006: OPENSSL_init already defined in libcrypto.lib(libcrypto-1_1-x64.dll); second definition ignored
libcrypto_static.lib(o_str.obj) : warning LNK4006: OPENSSL_strlcpy already defined in libcrypto.lib(libcrypto-1_1-x64.dll); second definition ignored
libcrypto_static.lib(o_str.obj) : warning LNK4006: OPENSSL_strlcat already defined in libcrypto.lib(libcrypto-1_1-x64.dll); second definition ignored
libcrypto_static.lib(o_str.obj) : warning LNK4006: OPENSSL_strnlen already defined in libcrypto.lib(libcrypto-1_1-x64.dll); second definition ignored
libcrypto_static.lib(o_str.obj) : warning LNK4006: OPENSSL_buf2hexstr already defined in libcrypto.lib(libcrypto-1_1-x64.dll); second definition ignored
libcrypto_static.lib(o_str.obj) : warning LNK4006: OPENSSL_hexstr2buf already defined in libcrypto.lib(libcrypto-1_1-x64.dll); second definition ignored
libcrypto_static.lib(o_str.obj) : warning LNK4006: OPENSSL_hexchar2int already defined in libcrypto.lib(libcrypto-1_1-x64.dll); second definition ignored
libcrypto_static.lib(o_str.obj) : warning LNK4006: CRYPTO_memdup already defined in libcrypto.lib(libcrypto-1_1-x64.dll); second definition ignored
libcrypto_static.lib(o_str.obj) : warning LNK4006: CRYPTO_strdup already defined in libcrypto.lib(libcrypto-1_1-x64.dll); second definition ignored
libcrypto_static.lib(o_str.obj) : warning LNK4006: CRYPTO_strndup already defined in libcrypto.lib(libcrypto-1_1-x64.dll); second definition ignored
libcrypto_static.lib(o_str.obj) : warning LNK4006: OPENSSL_memcmp already defined in libcrypto.lib(libcrypto-1_1-x64.dll); second definition ignored
libcrypto_static.lib(o_time.obj) : warning LNK4006: OPENSSL_gmtime already defined in libcrypto.lib(libcrypto-1_1-x64.dll); second definition ignored
libcrypto_static.lib(o_time.obj) : warning LNK4006: OPENSSL_gmtime_adj already defined in libcrypto.lib(libcrypto-1_1-x64.dll); second definition ignored
libcrypto_static.lib(o_time.obj) : warning LNK4006: OPENSSL_gmtime_diff already defined in libcrypto.lib(libcrypto-1_1-x64.dll); second definition ignored
libcrypto_static.lib(o_names.obj) : warning LNK4006: OBJ_NAME_init already defined in libcrypto.lib(libcrypto-1_1-x64.dll); second definition ignored
libcrypto_static.lib(o_names.obj) : warning LNK4006: OBJ_NAME_new_index already defined in libcrypto.lib(libcrypto-1_1-x64.dll); second definition ignored
libcrypto_static.lib(o_names.obj) : warning LNK4006: OBJ_NAME_get already defined in libcrypto.lib(libcrypto-1_1-x64.dll); second definition ignored
libcrypto_static.lib(o_names.obj) : warning LNK4006: OBJ_NAME_add already defined in libcrypto.lib(libcrypto-1_1-x64.dll); second definition ignored
libcrypto_static.lib(o_names.obj) : warning LNK4006: OBJ_NAME_remove already defined in libcrypto.lib(libcrypto-1_1-x64.dll); second definition ignored
libcrypto_static.lib(o_names.obj) : warning LNK4006: OBJ_NAME_cleanup already defined in libcrypto.lib(libcrypto-1_1-x64.dll); second definition ignored
libcrypto_static.lib(o_names.obj) : warning LNK4006: OBJ_NAME_do_all already defined in libcrypto.lib(libcrypto-1_1-x64.dll); second definition ignored
libcrypto_static.lib(o_names.obj) : warning LNK4006: OBJ_NAME_do_all_sorted already defined in libcrypto.lib(libcrypto-1_1-x64.dll); second definition ignored
libcrypto_static.lib(obj_dat.obj) : warning LNK4006: OBJ_nid2obj already defined in libcrypto.lib(libcrypto-1_1-x64.dll); second definition ignored
libcrypto_static.lib(obj_dat.obj) : warning LNK4006: OBJ_nid2ln already defined in libcrypto.lib(libcrypto-1_1-x64.dll); second definition ignored
libcrypto_static.lib(obj_dat.obj) : warning LNK4006: OBJ_nid2sn already defined in libcrypto.lib(libcrypto-1_1-x64.dll); second definition ignored
libcrypto_static.lib(obj_dat.obj) : warning LNK4006: OBJ_obj2nid already defined in libcrypto.lib(libcrypto-1_1-x64.dll); second definition ignored
libcrypto_static.lib(obj_dat.obj) : warning LNK4006: OBJ_txt2obj already defined in libcrypto.lib(libcrypto-1_1-x64.dll); second definition ignored
libcrypto_static.lib(obj_dat.obj) : warning LNK4006: OBJ_obj2txt already defined in libcrypto.lib(libcrypto-1_1-x64.dll); second definition ignored
libcrypto_static.lib(obj_dat.obj) : warning LNK4006: OBJ_txt2nid already defined in libcrypto.lib(libcrypto-1_1-x64.dll); second definition ignored
libcrypto_static.lib(obj_dat.obj) : warning LNK4006: OBJ_ln2nid already defined in libcrypto.lib(libcrypto-1_1-x64.dll); second definition ignored
libcrypto_static.lib(obj_dat.obj) : warning LNK4006: OBJ_sn2nid already defined in libcrypto.lib(libcrypto-1_1-x64.dll); second definition ignored
libcrypto_static.lib(obj_dat.obj) : warning LNK4006: OBJ_bsearch_ already defined in libcrypto.lib(libcrypto-1_1-x64.dll); second definition ignored
libcrypto_static.lib(obj_dat.obj) : warning LNK4006: OBJ_bsearch_ex_ already defined in libcrypto.lib(libcrypto-1_1-x64.dll); second definition ignored
libcrypto_static.lib(obj_dat.obj) : warning LNK4006: OBJ_new_nid already defined in libcrypto.lib(libcrypto-1_1-x64.dll); second definition ignored
libcrypto_static.lib(obj_dat.obj) : warning LNK4006: OBJ_add_object already defined in libcrypto.lib(libcrypto-1_1-x64.dll); second definition ignored
libcrypto_static.lib(obj_dat.obj) : warning LNK4006: OBJ_create already defined in libcrypto.lib(libcrypto-1_1-x64.dll); second definition ignored
libcrypto_static.lib(obj_dat.obj) : warning LNK4006: OBJ_create_objects already defined in libcrypto.lib(libcrypto-1_1-x64.dll); second definition ignored
libcrypto_static.lib(obj_dat.obj) : warning LNK4006: OBJ_length already defined in libcrypto.lib(libcrypto-1_1-x64.dll); second definition ignored
libcrypto_static.lib(obj_dat.obj) : warning LNK4006: OBJ_get0_data already defined in libcrypto.lib(libcrypto-1_1-x64.dll); second definition ignored
libcrypto_static.lib(obj_err.obj) : warning LNK4006: ERR_load_OBJ_strings already defined in libcrypto.lib(libcrypto-1_1-x64.dll); second definition ignored
libcrypto_static.lib(obj_lib.obj) : warning LNK4006: OBJ_dup already defined in libcrypto.lib(libcrypto-1_1-x64.dll); second definition ignored
libcrypto_static.lib(obj_lib.obj) : warning LNK4006: OBJ_cmp already defined in libcrypto.lib(libcrypto-1_1-x64.dll); second definition ignored
libcrypto_static.lib(obj_xref.obj) : warning LNK4006: OBJ_find_sigid_algs already defined in libcrypto.lib(libcrypto-1_1-x64.dll); second definition ignored
libcrypto_static.lib(obj_xref.obj) : warning LNK4006: OBJ_find_sigid_by_algs already defined in libcrypto.lib(libcrypto-1_1-x64.dll); second definition ignored
libcrypto_static.lib(obj_xref.obj) : warning LNK4006: OBJ_add_sigid already defined in libcrypto.lib(libcrypto-1_1-x64.dll); second definition ignored
libcrypto_static.lib(obj_xref.obj) : warning LNK4006: OBJ_sigid_free already defined in libcrypto.lib(libcrypto-1_1-x64.dll); second definition ignored
libcrypto_static.lib(ocsp_asn.obj) : warning LNK4006: OCSP_SINGLERESP_it already defined in libcrypto.lib(libcrypto-1_1-x64.dll); second definition ignored
libcrypto_static.lib(ocsp_asn.obj) : warning LNK4006: OCSP_CERTSTATUS_it already defined in libcrypto.lib(libcrypto-1_1-x64.dll); second definition ignored
libcrypto_static.lib(ocsp_asn.obj) : warning LNK4006: OCSP_REVOKEDINFO_it already defined in libcrypto.lib(libcrypto-1_1-x64.dll); second definition ignored
libcrypto_static.lib(ocsp_asn.obj) : warning LNK4006: OCSP_RESPDATA_it already defined in libcrypto.lib(libcrypto-1_1-x64.dll); second definition ignored
libcrypto_static.lib(ocsp_asn.obj) : warning LNK4006: OCSP_RESPID_it already defined in libcrypto.lib(libcrypto-1_1-x64.dll); second definition ignored
libcrypto_static.lib(ocsp_asn.obj) : warning LNK4006: OCSP_RESPBYTES_it already defined in libcrypto.lib(libcrypto-1_1-x64.dll); second definition ignored
libcrypto_static.lib(ocsp_asn.obj) : warning LNK4006: OCSP_ONEREQ_it already defined in libcrypto.lib(libcrypto-1_1-x64.dll); second definition ignored
libcrypto_static.lib(ocsp_asn.obj) : warning LNK4006: OCSP_CERTID_it already defined in libcrypto.lib(libcrypto-1_1-x64.dll); second definition ignored
libcrypto_static.lib(ocsp_asn.obj) : warning LNK4006: OCSP_SIGNATURE_it already defined in libcrypto.lib(libcrypto-1_1-x64.dll); second definition ignored
libcrypto_static.lib(ocsp_asn.obj) : warning LNK4006: OCSP_REQINFO_it already defined in libcrypto.lib(libcrypto-1_1-x64.dll); second definition ignored
libcrypto_static.lib(ocsp_asn.obj) : warning LNK4006: OCSP_SINGLERESP_new already defined in libcrypto.lib(libcrypto-1_1-x64.dll); second definition ignored
libcrypto_static.lib(ocsp_asn.obj) : warning LNK4006: OCSP_SINGLERESP_free already defined in libcrypto.lib(libcrypto-1_1-x64.dll); second definition ignored
libcrypto_static.lib(ocsp_asn.obj) : warning LNK4006: d2i_OCSP_SINGLERESP already defined in libcrypto.lib(libcrypto-1_1-x64.dll); second definition ignored
libcrypto_static.lib(ocsp_asn.obj) : warning LNK4006: i2d_OCSP_SINGLERESP already defined in libcrypto.lib(libcrypto-1_1-x64.dll); second definition ignored
libcrypto_static.lib(ocsp_asn.obj) : warning LNK4006: OCSP_CERTSTATUS_new already defined in libcrypto.lib(libcrypto-1_1-x64.dll); second definition ignored
libcrypto_static.lib(ocsp_asn.obj) : warning LNK4006: OCSP_CERTSTATUS_free already defined in libcrypto.lib(libcrypto-1_1-x64.dll); second definition ignored
libcrypto_static.lib(ocsp_asn.obj) : warning LNK4006: d2i_OCSP_CERTSTATUS already defined in libcrypto.lib(libcrypto-1_1-x64.dll); second definition ignored
libcrypto_static.lib(ocsp_asn.obj) : warning LNK4006: i2d_OCSP_CERTSTATUS already defined in libcrypto.lib(libcrypto-1_1-x64.dll); second definition ignored
libcrypto_static.lib(ocsp_asn.obj) : warning LNK4006: OCSP_REVOKEDINFO_new already defined in libcrypto.lib(libcrypto-1_1-x64.dll); second definition ignored
libcrypto_static.lib(ocsp_asn.obj) : warning LNK4006: OCSP_REVOKEDINFO_free already defined in libcrypto.lib(libcrypto-1_1-x64.dll); second definition ignored
libcrypto_static.lib(ocsp_asn.obj) : warning LNK4006: d2i_OCSP_REVOKEDINFO already defined in libcrypto.lib(libcrypto-1_1-x64.dll); second definition ignored
libcrypto_static.lib(ocsp_asn.obj) : warning LNK4006: i2d_OCSP_REVOKEDINFO already defined in libcrypto.lib(libcrypto-1_1-x64.dll); second definition ignored
libcrypto_static.lib(ocsp_asn.obj) : warning LNK4006: OCSP_BASICRESP_new already defined in libcrypto.lib(libcrypto-1_1-x64.dll); second definition ignored
libcrypto_static.lib(ocsp_asn.obj) : warning LNK4006: OCSP_BASICRESP_free already defined in libcrypto.lib(libcrypto-1_1-x64.dll); second definition ignored
libcrypto_static.lib(ocsp_asn.obj) : warning LNK4006: d2i_OCSP_BASICRESP already defined in libcrypto.lib(libcrypto-1_1-x64.dll); second definition ignored
libcrypto_static.lib(ocsp_asn.obj) : warning LNK4006: i2d_OCSP_BASICRESP already defined in libcrypto.lib(libcrypto-1_1-x64.dll); second definition ignored
libcrypto_static.lib(ocsp_asn.obj) : warning LNK4006: OCSP_BASICRESP_it already defined in libcrypto.lib(libcrypto-1_1-x64.dll); second definition ignored
libcrypto_static.lib(ocsp_asn.obj) : warning LNK4006: OCSP_RESPDATA_new already defined in libcrypto.lib(libcrypto-1_1-x64.dll); second definition ignored
libcrypto_static.lib(ocsp_asn.obj) : warning LNK4006: OCSP_RESPDATA_free already defined in libcrypto.lib(libcrypto-1_1-x64.dll); second definition ignored
libcrypto_static.lib(ocsp_asn.obj) : warning LNK4006: d2i_OCSP_RESPDATA already defined in libcrypto.lib(libcrypto-1_1-x64.dll); second definition ignored
libcrypto_static.lib(ocsp_asn.obj) : warning LNK4006: i2d_OCSP_RESPDATA already defined in libcrypto.lib(libcrypto-1_1-x64.dll); second definition ignored
libcrypto_static.lib(ocsp_asn.obj) : warning LNK4006: OCSP_RESPID_new already defined in libcrypto.lib(libcrypto-1_1-x64.dll); second definition ignored
libcrypto_static.lib(ocsp_asn.obj) : warning LNK4006: OCSP_RESPID_free already defined in libcrypto.lib(libcrypto-1_1-x64.dll); second definition ignored
libcrypto_static.lib(ocsp_asn.obj) : warning LNK4006: d2i_OCSP_RESPID already defined in libcrypto.lib(libcrypto-1_1-x64.dll); second definition ignored
libcrypto_static.lib(ocsp_asn.obj) : warning LNK4006: i2d_OCSP_RESPID already defined in libcrypto.lib(libcrypto-1_1-x64.dll); second definition ignored
libcrypto_static.lib(ocsp_asn.obj) : warning LNK4006: OCSP_RESPONSE_new already defined in libcrypto.lib(libcrypto-1_1-x64.dll); second definition ignored
libcrypto_static.lib(ocsp_asn.obj) : warning LNK4006: OCSP_RESPONSE_free already defined in libcrypto.lib(libcrypto-1_1-x64.dll); second definition ignored
libcrypto_static.lib(ocsp_asn.obj) : warning LNK4006: d2i_OCSP_RESPONSE already defined in libcrypto.lib(libcrypto-1_1-x64.dll); second definition ignored
libcrypto_static.lib(ocsp_asn.obj) : warning LNK4006: i2d_OCSP_RESPONSE already defined in libcrypto.lib(libcrypto-1_1-x64.dll); second definition ignored
libcrypto_static.lib(ocsp_asn.obj) : warning LNK4006: OCSP_RESPONSE_it already defined in libcrypto.lib(libcrypto-1_1-x64.dll); second definition ignored
libcrypto_static.lib(ocsp_asn.obj) : warning LNK4006: OCSP_RESPBYTES_new already defined in libcrypto.lib(libcrypto-1_1-x64.dll); second definition ignored
libcrypto_static.lib(ocsp_asn.obj) : warning LNK4006: OCSP_RESPBYTES_free already defined in libcrypto.lib(libcrypto-1_1-x64.dll); second definition ignored
libcrypto_static.lib(ocsp_asn.obj) : warning LNK4006: d2i_OCSP_RESPBYTES already defined in libcrypto.lib(libcrypto-1_1-x64.dll); second definition ignored
libcrypto_static.lib(ocsp_asn.obj) : warning LNK4006: i2d_OCSP_RESPBYTES already defined in libcrypto.lib(libcrypto-1_1-x64.dll); second definition ignored
libcrypto_static.lib(ocsp_asn.obj) : warning LNK4006: OCSP_ONEREQ_new already defined in libcrypto.lib(libcrypto-1_1-x64.dll); second definition ignored
libcrypto_static.lib(ocsp_asn.obj) : warning LNK4006: OCSP_ONEREQ_free already defined in libcrypto.lib(libcrypto-1_1-x64.dll); second definition ignored
libcrypto_static.lib(ocsp_asn.obj) : warning LNK4006: d2i_OCSP_ONEREQ already defined in libcrypto.lib(libcrypto-1_1-x64.dll); second definition ignored
libcrypto_static.lib(ocsp_asn.obj) : warning LNK4006: i2d_OCSP_ONEREQ already defined in libcrypto.lib(libcrypto-1_1-x64.dll); second definition ignored
libcrypto_static.lib(ocsp_asn.obj) : warning LNK4006: OCSP_CERTID_new already defined in libcrypto.lib(libcrypto-1_1-x64.dll); second definition ignored
libcrypto_static.lib(ocsp_asn.obj) : warning LNK4006: OCSP_CERTID_free already defined in libcrypto.lib(libcrypto-1_1-x64.dll); second definition ignored
libcrypto_static.lib(ocsp_asn.obj) : warning LNK4006: d2i_OCSP_CERTID already defined in libcrypto.lib(libcrypto-1_1-x64.dll); second definition ignored
libcrypto_static.lib(ocsp_asn.obj) : warning LNK4006: i2d_OCSP_CERTID already defined in libcrypto.lib(libcrypto-1_1-x64.dll); second definition ignored
libcrypto_static.lib(ocsp_asn.obj) : warning LNK4006: OCSP_REQUEST_new already defined in libcrypto.lib(libcrypto-1_1-x64.dll); second definition ignored
libcrypto_static.lib(ocsp_asn.obj) : warning LNK4006: OCSP_REQUEST_free already defined in libcrypto.lib(libcrypto-1_1-x64.dll); second definition ignored
libcrypto_static.lib(ocsp_asn.obj) : warning LNK4006: d2i_OCSP_REQUEST already defined in libcrypto.lib(libcrypto-1_1-x64.dll); second definition ignored
libcrypto_static.lib(ocsp_asn.obj) : warning LNK4006: i2d_OCSP_REQUEST already defined in libcrypto.lib(libcrypto-1_1-x64.dll); second definition ignored
libcrypto_static.lib(ocsp_asn.obj) : warning LNK4006: OCSP_REQUEST_it already defined in libcrypto.lib(libcrypto-1_1-x64.dll); second definition ignored
libcrypto_static.lib(ocsp_asn.obj) : warning LNK4006: OCSP_SIGNATURE_new already defined in libcrypto.lib(libcrypto-1_1-x64.dll); second definition ignored
libcrypto_static.lib(ocsp_asn.obj) : warning LNK4006: OCSP_SIGNATURE_free already defined in libcrypto.lib(libcrypto-1_1-x64.dll); second definition ignored
libcrypto_static.lib(ocsp_asn.obj) : warning LNK4006: d2i_OCSP_SIGNATURE already defined in libcrypto.lib(libcrypto-1_1-x64.dll); second definition ignored
libcrypto_static.lib(ocsp_asn.obj) : warning LNK4006: i2d_OCSP_SIGNATURE already defined in libcrypto.lib(libcrypto-1_1-x64.dll); second definition ignored
libcrypto_static.lib(ocsp_asn.obj) : warning LNK4006: OCSP_REQINFO_new already defined in libcrypto.lib(libcrypto-1_1-x64.dll); second definition ignored
libcrypto_static.lib(ocsp_asn.obj) : warning LNK4006: OCSP_REQINFO_free already defined in libcrypto.lib(libcrypto-1_1-x64.dll); second definition ignored
libcrypto_static.lib(ocsp_asn.obj) : warning LNK4006: d2i_OCSP_REQINFO already defined in libcrypto.lib(libcrypto-1_1-x64.dll); second definition ignored
libcrypto_static.lib(ocsp_asn.obj) : warning LNK4006: i2d_OCSP_REQINFO already defined in libcrypto.lib(libcrypto-1_1-x64.dll); second definition ignored
libcrypto_static.lib(ocsp_asn.obj) : warning LNK4006: OCSP_CRLID_new already defined in libcrypto.lib(libcrypto-1_1-x64.dll); second definition ignored
libcrypto_static.lib(ocsp_asn.obj) : warning LNK4006: OCSP_CRLID_free already defined in libcrypto.lib(libcrypto-1_1-x64.dll); second definition ignored
libcrypto_static.lib(ocsp_asn.obj) : warning LNK4006: d2i_OCSP_CRLID already defined in libcrypto.lib(libcrypto-1_1-x64.dll); second definition ignored
libcrypto_static.lib(ocsp_asn.obj) : warning LNK4006: i2d_OCSP_CRLID already defined in libcrypto.lib(libcrypto-1_1-x64.dll); second definition ignored
libcrypto_static.lib(ocsp_asn.obj) : warning LNK4006: OCSP_CRLID_it already defined in libcrypto.lib(libcrypto-1_1-x64.dll); second definition ignored
libcrypto_static.lib(ocsp_asn.obj) : warning LNK4006: OCSP_SERVICELOC_new already defined in libcrypto.lib(libcrypto-1_1-x64.dll); second definition ignored
libcrypto_static.lib(ocsp_asn.obj) : warning LNK4006: OCSP_SERVICELOC_free already defined in libcrypto.lib(libcrypto-1_1-x64.dll); second definition ignored
libcrypto_static.lib(ocsp_asn.obj) : warning LNK4006: d2i_OCSP_SERVICELOC already defined in libcrypto.lib(libcrypto-1_1-x64.dll); second definition ignored
libcrypto_static.lib(ocsp_asn.obj) : warning LNK4006: i2d_OCSP_SERVICELOC already defined in libcrypto.lib(libcrypto-1_1-x64.dll); second definition ignored
libcrypto_static.lib(ocsp_asn.obj) : warning LNK4006: OCSP_SERVICELOC_it already defined in libcrypto.lib(libcrypto-1_1-x64.dll); second definition ignored
libcrypto_static.lib(ocsp_cl.obj) : warning LNK4006: OCSP_request_add0_id already defined in libcrypto.lib(libcrypto-1_1-x64.dll); second definition ignored
libcrypto_static.lib(ocsp_cl.obj) : warning LNK4006: OCSP_request_set1_name already defined in libcrypto.lib(libcrypto-1_1-x64.dll); second definition ignored
libcrypto_static.lib(ocsp_cl.obj) : warning LNK4006: OCSP_request_add1_cert already defined in libcrypto.lib(libcrypto-1_1-x64.dll); second definition ignored
libcrypto_static.lib(ocsp_cl.obj) : warning LNK4006: OCSP_request_sign already defined in libcrypto.lib(libcrypto-1_1-x64.dll); second definition ignored
libcrypto_static.lib(ocsp_cl.obj) : warning LNK4006: OCSP_response_status already defined in libcrypto.lib(libcrypto-1_1-x64.dll); second definition ignored
libcrypto_static.lib(ocsp_cl.obj) : warning LNK4006: OCSP_response_get1_basic already defined in libcrypto.lib(libcrypto-1_1-x64.dll); second definition ignored
libcrypto_static.lib(ocsp_cl.obj) : warning LNK4006: OCSP_resp_get0_signature already defined in libcrypto.lib(libcrypto-1_1-x64.dll); second definition ignored
libcrypto_static.lib(ocsp_cl.obj) : warning LNK4006: OCSP_resp_get0_tbs_sigalg already defined in libcrypto.lib(libcrypto-1_1-x64.dll); second definition ignored
libcrypto_static.lib(ocsp_cl.obj) : warning LNK4006: OCSP_resp_get0_respdata already defined in libcrypto.lib(libcrypto-1_1-x64.dll); second definition ignored
libcrypto_static.lib(ocsp_cl.obj) : warning LNK4006: OCSP_resp_count already defined in libcrypto.lib(libcrypto-1_1-x64.dll); second definition ignored
libcrypto_static.lib(ocsp_cl.obj) : warning LNK4006: OCSP_resp_get0 already defined in libcrypto.lib(libcrypto-1_1-x64.dll); second definition ignored
libcrypto_static.lib(ocsp_cl.obj) : warning LNK4006: OCSP_resp_get0_produced_at already defined in libcrypto.lib(libcrypto-1_1-x64.dll); second definition ignored
libcrypto_static.lib(ocsp_cl.obj) : warning LNK4006: OCSP_resp_get0_certs already defined in libcrypto.lib(libcrypto-1_1-x64.dll); second definition ignored
libcrypto_static.lib(ocsp_cl.obj) : warning LNK4006: OCSP_resp_get0_id already defined in libcrypto.lib(libcrypto-1_1-x64.dll); second definition ignored
libcrypto_static.lib(ocsp_cl.obj) : warning LNK4006: OCSP_resp_get1_id already defined in libcrypto.lib(libcrypto-1_1-x64.dll); second definition ignored
libcrypto_static.lib(ocsp_cl.obj) : warning LNK4006: OCSP_resp_find already defined in libcrypto.lib(libcrypto-1_1-x64.dll); second definition ignored
libcrypto_static.lib(ocsp_cl.obj) : warning LNK4006: OCSP_single_get0_status already defined in libcrypto.lib(libcrypto-1_1-x64.dll); second definition ignored
libcrypto_static.lib(ocsp_cl.obj) : warning LNK4006: OCSP_resp_find_status already defined in libcrypto.lib(libcrypto-1_1-x64.dll); second definition ignored
libcrypto_static.lib(ocsp_cl.obj) : warning LNK4006: OCSP_check_validity already defined in libcrypto.lib(libcrypto-1_1-x64.dll); second definition ignored
libcrypto_static.lib(ocsp_cl.obj) : warning LNK4006: OCSP_SINGLERESP_get0_id already defined in libcrypto.lib(libcrypto-1_1-x64.dll); second definition ignored
libcrypto_static.lib(ocsp_err.obj) : warning LNK4006: ERR_load_OCSP_strings already defined in libcrypto.lib(libcrypto-1_1-x64.dll); second definition ignored
libcrypto_static.lib(ocsp_ext.obj) : warning LNK4006: OCSP_request_add1_nonce already defined in libcrypto.lib(libcrypto-1_1-x64.dll); second definition ignored
libcrypto_static.lib(ocsp_ext.obj) : warning LNK4006: OCSP_basic_add1_nonce already defined in libcrypto.lib(libcrypto-1_1-x64.dll); second definition ignored
libcrypto_static.lib(ocsp_ext.obj) : warning LNK4006: OCSP_check_nonce already defined in libcrypto.lib(libcrypto-1_1-x64.dll); second definition ignored
libcrypto_static.lib(ocsp_ext.obj) : warning LNK4006: OCSP_copy_nonce already defined in libcrypto.lib(libcrypto-1_1-x64.dll); second definition ignored
libcrypto_static.lib(ocsp_ext.obj) : warning LNK4006: OCSP_crlID_new already defined in libcrypto.lib(libcrypto-1_1-x64.dll); second definition ignored
libcrypto_static.lib(ocsp_ext.obj) : warning LNK4006: OCSP_accept_responses_new already defined in libcrypto.lib(libcrypto-1_1-x64.dll); second definition ignored
libcrypto_static.lib(ocsp_ext.obj) : warning LNK4006: OCSP_archive_cutoff_new already defined in libcrypto.lib(libcrypto-1_1-x64.dll); second definition ignored
libcrypto_static.lib(ocsp_ext.obj) : warning LNK4006: OCSP_url_svcloc_new already defined in libcrypto.lib(libcrypto-1_1-x64.dll); second definition ignored
libcrypto_static.lib(ocsp_ext.obj) : warning LNK4006: OCSP_REQUEST_get_ext_count already defined in libcrypto.lib(libcrypto-1_1-x64.dll); second definition ignored
libcrypto_static.lib(ocsp_ext.obj) : warning LNK4006: OCSP_REQUEST_get_ext_by_NID already defined in libcrypto.lib(libcrypto-1_1-x64.dll); second definition ignored
libcrypto_static.lib(ocsp_ext.obj) : warning LNK4006: OCSP_REQUEST_get_ext_by_OBJ already defined in libcrypto.lib(libcrypto-1_1-x64.dll); second definition ignored
libcrypto_static.lib(ocsp_ext.obj) : warning LNK4006: OCSP_REQUEST_get_ext_by_critical already defined in libcrypto.lib(libcrypto-1_1-x64.dll); second definition ignored
libcrypto_static.lib(ocsp_ext.obj) : warning LNK4006: OCSP_REQUEST_get_ext already defined in libcrypto.lib(libcrypto-1_1-x64.dll); second definition ignored
libcrypto_static.lib(ocsp_ext.obj) : warning LNK4006: OCSP_REQUEST_delete_ext already defined in libcrypto.lib(libcrypto-1_1-x64.dll); second definition ignored
libcrypto_static.lib(ocsp_ext.obj) : warning LNK4006: OCSP_REQUEST_get1_ext_d2i already defined in libcrypto.lib(libcrypto-1_1-x64.dll); second definition ignored
libcrypto_static.lib(ocsp_ext.obj) : warning LNK4006: OCSP_REQUEST_add1_ext_i2d already defined in libcrypto.lib(libcrypto-1_1-x64.dll); second definition ignored
libcrypto_static.lib(ocsp_ext.obj) : warning LNK4006: OCSP_REQUEST_add_ext already defined in libcrypto.lib(libcrypto-1_1-x64.dll); second definition ignored
libcrypto_static.lib(ocsp_ext.obj) : warning LNK4006: OCSP_ONEREQ_get_ext_count already defined in libcrypto.lib(libcrypto-1_1-x64.dll); second definition ignored
libcrypto_static.lib(ocsp_ext.obj) : warning LNK4006: OCSP_ONEREQ_get_ext_by_NID already defined in libcrypto.lib(libcrypto-1_1-x64.dll); second definition ignored
libcrypto_static.lib(ocsp_ext.obj) : warning LNK4006: OCSP_ONEREQ_get_ext_by_OBJ already defined in libcrypto.lib(libcrypto-1_1-x64.dll); second definition ignored
libcrypto_static.lib(ocsp_ext.obj) : warning LNK4006: OCSP_ONEREQ_get_ext_by_critical already defined in libcrypto.lib(libcrypto-1_1-x64.dll); second definition ignored
libcrypto_static.lib(ocsp_ext.obj) : warning LNK4006: OCSP_ONEREQ_get_ext already defined in libcrypto.lib(libcrypto-1_1-x64.dll); second definition ignored
libcrypto_static.lib(ocsp_ext.obj) : warning LNK4006: OCSP_ONEREQ_delete_ext already defined in libcrypto.lib(libcrypto-1_1-x64.dll); second definition ignored
libcrypto_static.lib(ocsp_ext.obj) : warning LNK4006: OCSP_ONEREQ_get1_ext_d2i already defined in libcrypto.lib(libcrypto-1_1-x64.dll); second definition ignored
libcrypto_static.lib(ocsp_ext.obj) : warning LNK4006: OCSP_ONEREQ_add1_ext_i2d already defined in libcrypto.lib(libcrypto-1_1-x64.dll); second definition ignored
libcrypto_static.lib(ocsp_ext.obj) : warning LNK4006: OCSP_ONEREQ_add_ext already defined in libcrypto.lib(libcrypto-1_1-x64.dll); second definition ignored
libcrypto_static.lib(ocsp_ext.obj) : warning LNK4006: OCSP_BASICRESP_get_ext_count already defined in libcrypto.lib(libcrypto-1_1-x64.dll); second definition ignored
libcrypto_static.lib(ocsp_ext.obj) : warning LNK4006: OCSP_BASICRESP_get_ext_by_NID already defined in libcrypto.lib(libcrypto-1_1-x64.dll); second definition ignored
libcrypto_static.lib(ocsp_ext.obj) : warning LNK4006: OCSP_BASICRESP_get_ext_by_OBJ already defined in libcrypto.lib(libcrypto-1_1-x64.dll); second definition ignored
libcrypto_static.lib(ocsp_ext.obj) : warning LNK4006: OCSP_BASICRESP_get_ext_by_critical already defined in libcrypto.lib(libcrypto-1_1-x64.dll); second definition ignored
libcrypto_static.lib(ocsp_ext.obj) : warning LNK4006: OCSP_BASICRESP_get_ext already defined in libcrypto.lib(libcrypto-1_1-x64.dll); second definition ignored
libcrypto_static.lib(ocsp_ext.obj) : warning LNK4006: OCSP_BASICRESP_delete_ext already defined in libcrypto.lib(libcrypto-1_1-x64.dll); second definition ignored
libcrypto_static.lib(ocsp_ext.obj) : warning LNK4006: OCSP_BASICRESP_get1_ext_d2i already defined in libcrypto.lib(libcrypto-1_1-x64.dll); second definition ignored
libcrypto_static.lib(ocsp_ext.obj) : warning LNK4006: OCSP_BASICRESP_add1_ext_i2d already defined in libcrypto.lib(libcrypto-1_1-x64.dll); second definition ignored
libcrypto_static.lib(ocsp_ext.obj) : warning LNK4006: OCSP_BASICRESP_add_ext already defined in libcrypto.lib(libcrypto-1_1-x64.dll); second definition ignored
libcrypto_static.lib(ocsp_ext.obj) : warning LNK4006: OCSP_SINGLERESP_get_ext_count already defined in libcrypto.lib(libcrypto-1_1-x64.dll); second definition ignored
libcrypto_static.lib(ocsp_ext.obj) : warning LNK4006: OCSP_SINGLERESP_get_ext_by_NID already defined in libcrypto.lib(libcrypto-1_1-x64.dll); second definition ignored
libcrypto_static.lib(ocsp_ext.obj) : warning LNK4006: OCSP_SINGLERESP_get_ext_by_OBJ already defined in libcrypto.lib(libcrypto-1_1-x64.dll); second definition ignored
libcrypto_static.lib(ocsp_ext.obj) : warning LNK4006: OCSP_SINGLERESP_get_ext_by_critical already defined in libcrypto.lib(libcrypto-1_1-x64.dll); second definition ignored
libcrypto_static.lib(ocsp_ext.obj) : warning LNK4006: OCSP_SINGLERESP_get_ext already defined in libcrypto.lib(libcrypto-1_1-x64.dll); second definition ignored
libcrypto_static.lib(ocsp_ext.obj) : warning LNK4006: OCSP_SINGLERESP_delete_ext already defined in libcrypto.lib(libcrypto-1_1-x64.dll); second definition ignored
libcrypto_static.lib(ocsp_ext.obj) : warning LNK4006: OCSP_SINGLERESP_get1_ext_d2i already defined in libcrypto.lib(libcrypto-1_1-x64.dll); second definition ignored
libcrypto_static.lib(ocsp_ext.obj) : warning LNK4006: OCSP_SINGLERESP_add1_ext_i2d already defined in libcrypto.lib(libcrypto-1_1-x64.dll); second definition ignored
libcrypto_static.lib(ocsp_ext.obj) : warning LNK4006: OCSP_SINGLERESP_add_ext already defined in libcrypto.lib(libcrypto-1_1-x64.dll); second definition ignored
libcrypto_static.lib(ocsp_ht.obj) : warning LNK4006: OCSP_sendreq_bio already defined in libcrypto.lib(libcrypto-1_1-x64.dll); second definition ignored
libcrypto_static.lib(ocsp_ht.obj) : warning LNK4006: OCSP_sendreq_new already defined in libcrypto.lib(libcrypto-1_1-x64.dll); second definition ignored
libcrypto_static.lib(ocsp_ht.obj) : warning LNK4006: OCSP_REQ_CTX_nbio already defined in libcrypto.lib(libcrypto-1_1-x64.dll); second definition ignored
libcrypto_static.lib(ocsp_ht.obj) : warning LNK4006: OCSP_sendreq_nbio already defined in libcrypto.lib(libcrypto-1_1-x64.dll); second definition ignored
libcrypto_static.lib(ocsp_ht.obj) : warning LNK4006: OCSP_REQ_CTX_new already defined in libcrypto.lib(libcrypto-1_1-x64.dll); second definition ignored
libcrypto_static.lib(ocsp_ht.obj) : warning LNK4006: OCSP_REQ_CTX_free already defined in libcrypto.lib(libcrypto-1_1-x64.dll); second definition ignored
libcrypto_static.lib(ocsp_ht.obj) : warning LNK4006: OCSP_set_max_response_length already defined in libcrypto.lib(libcrypto-1_1-x64.dll); second definition ignored
libcrypto_static.lib(ocsp_ht.obj) : warning LNK4006: OCSP_REQ_CTX_i2d already defined in libcrypto.lib(libcrypto-1_1-x64.dll); second definition ignored
libcrypto_static.lib(ocsp_ht.obj) : warning LNK4006: OCSP_REQ_CTX_nbio_d2i already defined in libcrypto.lib(libcrypto-1_1-x64.dll); second definition ignored
libcrypto_static.lib(ocsp_ht.obj) : warning LNK4006: OCSP_REQ_CTX_get0_mem_bio already defined in libcrypto.lib(libcrypto-1_1-x64.dll); second definition ignored
libcrypto_static.lib(ocsp_ht.obj) : warning LNK4006: OCSP_REQ_CTX_http already defined in libcrypto.lib(libcrypto-1_1-x64.dll); second definition ignored
libcrypto_static.lib(ocsp_ht.obj) : warning LNK4006: OCSP_REQ_CTX_set1_req already defined in libcrypto.lib(libcrypto-1_1-x64.dll); second definition ignored
libcrypto_static.lib(ocsp_ht.obj) : warning LNK4006: OCSP_REQ_CTX_add1_header already defined in libcrypto.lib(libcrypto-1_1-x64.dll); second definition ignored
libcrypto_static.lib(ocsp_lib.obj) : warning LNK4006: OCSP_CERTID_dup already defined in libcrypto.lib(libcrypto-1_1-x64.dll); second definition ignored
libcrypto_static.lib(ocsp_lib.obj) : warning LNK4006: OCSP_cert_to_id already defined in libcrypto.lib(libcrypto-1_1-x64.dll); second definition ignored
libcrypto_static.lib(ocsp_lib.obj) : warning LNK4006: OCSP_cert_id_new already defined in libcrypto.lib(libcrypto-1_1-x64.dll); second definition ignored
libcrypto_static.lib(ocsp_lib.obj) : warning LNK4006: OCSP_parse_url already defined in libcrypto.lib(libcrypto-1_1-x64.dll); second definition ignored
libcrypto_static.lib(ocsp_lib.obj) : warning LNK4006: OCSP_id_issuer_cmp already defined in libcrypto.lib(libcrypto-1_1-x64.dll); second definition ignored
libcrypto_static.lib(ocsp_lib.obj) : warning LNK4006: OCSP_id_cmp already defined in libcrypto.lib(libcrypto-1_1-x64.dll); second definition ignored
libcrypto_static.lib(ocsp_prn.obj) : warning LNK4006: OCSP_response_status_str already defined in libcrypto.lib(libcrypto-1_1-x64.dll); second definition ignored
libcrypto_static.lib(ocsp_prn.obj) : warning LNK4006: OCSP_cert_status_str already defined in libcrypto.lib(libcrypto-1_1-x64.dll); second definition ignored
libcrypto_static.lib(ocsp_prn.obj) : warning LNK4006: OCSP_crl_reason_str already defined in libcrypto.lib(libcrypto-1_1-x64.dll); second definition ignored
libcrypto_static.lib(ocsp_prn.obj) : warning LNK4006: OCSP_REQUEST_print already defined in libcrypto.lib(libcrypto-1_1-x64.dll); second definition ignored
libcrypto_static.lib(ocsp_prn.obj) : warning LNK4006: OCSP_RESPONSE_print already defined in libcrypto.lib(libcrypto-1_1-x64.dll); second definition ignored
libcrypto_static.lib(ocsp_srv.obj) : warning LNK4006: OCSP_request_onereq_count already defined in libcrypto.lib(libcrypto-1_1-x64.dll); second definition ignored
libcrypto_static.lib(ocsp_srv.obj) : warning LNK4006: OCSP_request_onereq_get0 already defined in libcrypto.lib(libcrypto-1_1-x64.dll); second definition ignored
libcrypto_static.lib(ocsp_srv.obj) : warning LNK4006: OCSP_onereq_get0_id already defined in libcrypto.lib(libcrypto-1_1-x64.dll); second definition ignored
libcrypto_static.lib(ocsp_srv.obj) : warning LNK4006: OCSP_id_get0_info already defined in libcrypto.lib(libcrypto-1_1-x64.dll); second definition ignored
libcrypto_static.lib(ocsp_srv.obj) : warning LNK4006: OCSP_request_is_signed already defined in libcrypto.lib(libcrypto-1_1-x64.dll); second definition ignored
libcrypto_static.lib(ocsp_srv.obj) : warning LNK4006: OCSP_response_create already defined in libcrypto.lib(libcrypto-1_1-x64.dll); second definition ignored
libcrypto_static.lib(ocsp_srv.obj) : warning LNK4006: OCSP_basic_add1_status already defined in libcrypto.lib(libcrypto-1_1-x64.dll); second definition ignored
libcrypto_static.lib(ocsp_srv.obj) : warning LNK4006: OCSP_basic_add1_cert already defined in libcrypto.lib(libcrypto-1_1-x64.dll); second definition ignored
libcrypto_static.lib(ocsp_srv.obj) : warning LNK4006: OCSP_basic_sign already defined in libcrypto.lib(libcrypto-1_1-x64.dll); second definition ignored
libcrypto_static.lib(ocsp_srv.obj) : warning LNK4006: OCSP_basic_sign_ctx already defined in libcrypto.lib(libcrypto-1_1-x64.dll); second definition ignored
libcrypto_static.lib(ocsp_srv.obj) : warning LNK4006: OCSP_RESPID_set_by_name already defined in libcrypto.lib(libcrypto-1_1-x64.dll); second definition ignored
libcrypto_static.lib(ocsp_srv.obj) : warning LNK4006: OCSP_RESPID_set_by_key already defined in libcrypto.lib(libcrypto-1_1-x64.dll); second definition ignored
libcrypto_static.lib(ocsp_srv.obj) : warning LNK4006: OCSP_RESPID_match already defined in libcrypto.lib(libcrypto-1_1-x64.dll); second definition ignored
libcrypto_static.lib(ocsp_vfy.obj) : warning LNK4006: OCSP_resp_get0_signer already defined in libcrypto.lib(libcrypto-1_1-x64.dll); second definition ignored
libcrypto_static.lib(ocsp_vfy.obj) : warning LNK4006: OCSP_request_verify already defined in libcrypto.lib(libcrypto-1_1-x64.dll); second definition ignored
libcrypto_static.lib(ocsp_vfy.obj) : warning LNK4006: OCSP_basic_verify already defined in libcrypto.lib(libcrypto-1_1-x64.dll); second definition ignored
libcrypto_static.lib(pem_all.obj) : warning LNK4006: PEM_read_bio_X509_REQ already defined in libcrypto.lib(libcrypto-1_1-x64.dll); second definition ignored
libcrypto_static.lib(pem_all.obj) : warning LNK4006: PEM_read_X509_REQ already defined in libcrypto.lib(libcrypto-1_1-x64.dll); second definition ignored
libcrypto_static.lib(pem_all.obj) : warning LNK4006: PEM_write_bio_X509_REQ already defined in libcrypto.lib(libcrypto-1_1-x64.dll); second definition ignored
libcrypto_static.lib(pem_all.obj) : warning LNK4006: PEM_write_X509_REQ already defined in libcrypto.lib(libcrypto-1_1-x64.dll); second definition ignored
libcrypto_static.lib(pem_all.obj) : warning LNK4006: PEM_write_bio_X509_REQ_NEW already defined in libcrypto.lib(libcrypto-1_1-x64.dll); second definition ignored
libcrypto_static.lib(pem_all.obj) : warning LNK4006: PEM_write_X509_REQ_NEW already defined in libcrypto.lib(libcrypto-1_1-x64.dll); second definition ignored
libcrypto_static.lib(pem_all.obj) : warning LNK4006: PEM_read_bio_X509_CRL already defined in libcrypto.lib(libcrypto-1_1-x64.dll); second definition ignored
libcrypto_static.lib(pem_all.obj) : warning LNK4006: PEM_read_X509_CRL already defined in libcrypto.lib(libcrypto-1_1-x64.dll); second definition ignored
libcrypto_static.lib(pem_all.obj) : warning LNK4006: PEM_write_bio_X509_CRL already defined in libcrypto.lib(libcrypto-1_1-x64.dll); second definition ignored
libcrypto_static.lib(pem_all.obj) : warning LNK4006: PEM_write_X509_CRL already defined in libcrypto.lib(libcrypto-1_1-x64.dll); second definition ignored
libcrypto_static.lib(pem_all.obj) : warning LNK4006: PEM_read_bio_PKCS7 already defined in libcrypto.lib(libcrypto-1_1-x64.dll); second definition ignored
libcrypto_static.lib(pem_all.obj) : warning LNK4006: PEM_read_PKCS7 already defined in libcrypto.lib(libcrypto-1_1-x64.dll); second definition ignored
libcrypto_static.lib(pem_all.obj) : warning LNK4006: PEM_write_bio_PKCS7 already defined in libcrypto.lib(libcrypto-1_1-x64.dll); second definition ignored
libcrypto_static.lib(pem_all.obj) : warning LNK4006: PEM_write_PKCS7 already defined in libcrypto.lib(libcrypto-1_1-x64.dll); second definition ignored
libcrypto_static.lib(pem_all.obj) : warning LNK4006: PEM_read_bio_NETSCAPE_CERT_SEQUENCE already defined in libcrypto.lib(libcrypto-1_1-x64.dll); second definition ignored
libcrypto_static.lib(pem_all.obj) : warning LNK4006: PEM_read_NETSCAPE_CERT_SEQUENCE already defined in libcrypto.lib(libcrypto-1_1-x64.dll); second definition ignored
libcrypto_static.lib(pem_all.obj) : warning LNK4006: PEM_write_bio_NETSCAPE_CERT_SEQUENCE already defined in libcrypto.lib(libcrypto-1_1-x64.dll); second definition ignored
libcrypto_static.lib(pem_all.obj) : warning LNK4006: PEM_write_NETSCAPE_CERT_SEQUENCE already defined in libcrypto.lib(libcrypto-1_1-x64.dll); second definition ignored
libcrypto_static.lib(pem_all.obj) : warning LNK4006: PEM_read_bio_RSAPrivateKey already defined in libcrypto.lib(libcrypto-1_1-x64.dll); second definition ignored
libcrypto_static.lib(pem_all.obj) : warning LNK4006: PEM_read_RSAPrivateKey already defined in libcrypto.lib(libcrypto-1_1-x64.dll); second definition ignored
libcrypto_static.lib(pem_all.obj) : warning LNK4006: PEM_write_bio_RSAPrivateKey already defined in libcrypto.lib(libcrypto-1_1-x64.dll); second definition ignored
libcrypto_static.lib(pem_all.obj) : warning LNK4006: PEM_write_RSAPrivateKey already defined in libcrypto.lib(libcrypto-1_1-x64.dll); second definition ignored
libcrypto_static.lib(pem_all.obj) : warning LNK4006: PEM_read_bio_RSAPublicKey already defined in libcrypto.lib(libcrypto-1_1-x64.dll); second definition ignored
libcrypto_static.lib(pem_all.obj) : warning LNK4006: PEM_read_RSAPublicKey already defined in libcrypto.lib(libcrypto-1_1-x64.dll); second definition ignored
libcrypto_static.lib(pem_all.obj) : warning LNK4006: PEM_write_bio_RSAPublicKey already defined in libcrypto.lib(libcrypto-1_1-x64.dll); second definition ignored
libcrypto_static.lib(pem_all.obj) : warning LNK4006: PEM_write_RSAPublicKey already defined in libcrypto.lib(libcrypto-1_1-x64.dll); second definition ignored
libcrypto_static.lib(pem_all.obj) : warning LNK4006: PEM_read_bio_RSA_PUBKEY already defined in libcrypto.lib(libcrypto-1_1-x64.dll); second definition ignored
libcrypto_static.lib(pem_all.obj) : warning LNK4006: PEM_read_RSA_PUBKEY already defined in libcrypto.lib(libcrypto-1_1-x64.dll); second definition ignored
libcrypto_static.lib(pem_all.obj) : warning LNK4006: PEM_write_bio_RSA_PUBKEY already defined in libcrypto.lib(libcrypto-1_1-x64.dll); second definition ignored
libcrypto_static.lib(pem_all.obj) : warning LNK4006: PEM_write_RSA_PUBKEY already defined in libcrypto.lib(libcrypto-1_1-x64.dll); second definition ignored
libcrypto_static.lib(pem_all.obj) : warning LNK4006: PEM_read_bio_DSAPrivateKey already defined in libcrypto.lib(libcrypto-1_1-x64.dll); second definition ignored
libcrypto_static.lib(pem_all.obj) : warning LNK4006: PEM_read_DSAPrivateKey already defined in libcrypto.lib(libcrypto-1_1-x64.dll); second definition ignored
libcrypto_static.lib(pem_all.obj) : warning LNK4006: PEM_write_bio_DSAPrivateKey already defined in libcrypto.lib(libcrypto-1_1-x64.dll); second definition ignored
libcrypto_static.lib(pem_all.obj) : warning LNK4006: PEM_write_DSAPrivateKey already defined in libcrypto.lib(libcrypto-1_1-x64.dll); second definition ignored
libcrypto_static.lib(pem_all.obj) : warning LNK4006: PEM_read_bio_DSA_PUBKEY already defined in libcrypto.lib(libcrypto-1_1-x64.dll); second definition ignored
libcrypto_static.lib(pem_all.obj) : warning LNK4006: PEM_read_DSA_PUBKEY already defined in libcrypto.lib(libcrypto-1_1-x64.dll); second definition ignored
libcrypto_static.lib(pem_all.obj) : warning LNK4006: PEM_write_bio_DSA_PUBKEY already defined in libcrypto.lib(libcrypto-1_1-x64.dll); second definition ignored
libcrypto_static.lib(pem_all.obj) : warning LNK4006: PEM_write_DSA_PUBKEY already defined in libcrypto.lib(libcrypto-1_1-x64.dll); second definition ignored
libcrypto_static.lib(pem_all.obj) : warning LNK4006: PEM_read_bio_DSAparams already defined in libcrypto.lib(libcrypto-1_1-x64.dll); second definition ignored
libcrypto_static.lib(pem_all.obj) : warning LNK4006: PEM_read_DSAparams already defined in libcrypto.lib(libcrypto-1_1-x64.dll); second definition ignored
libcrypto_static.lib(pem_all.obj) : warning LNK4006: PEM_write_bio_DSAparams already defined in libcrypto.lib(libcrypto-1_1-x64.dll); second definition ignored
libcrypto_static.lib(pem_all.obj) : warning LNK4006: PEM_write_DSAparams already defined in libcrypto.lib(libcrypto-1_1-x64.dll); second definition ignored
libcrypto_static.lib(pem_all.obj) : warning LNK4006: PEM_read_bio_ECPKParameters already defined in libcrypto.lib(libcrypto-1_1-x64.dll); second definition ignored
libcrypto_static.lib(pem_all.obj) : warning LNK4006: PEM_read_ECPKParameters already defined in libcrypto.lib(libcrypto-1_1-x64.dll); second definition ignored
libcrypto_static.lib(pem_all.obj) : warning LNK4006: PEM_write_bio_ECPKParameters already defined in libcrypto.lib(libcrypto-1_1-x64.dll); second definition ignored
libcrypto_static.lib(pem_all.obj) : warning LNK4006: PEM_write_ECPKParameters already defined in libcrypto.lib(libcrypto-1_1-x64.dll); second definition ignored
libcrypto_static.lib(pem_all.obj) : warning LNK4006: PEM_read_bio_ECPrivateKey already defined in libcrypto.lib(libcrypto-1_1-x64.dll); second definition ignored
libcrypto_static.lib(pem_all.obj) : warning LNK4006: PEM_read_ECPrivateKey already defined in libcrypto.lib(libcrypto-1_1-x64.dll); second definition ignored
libcrypto_static.lib(pem_all.obj) : warning LNK4006: PEM_write_bio_ECPrivateKey already defined in libcrypto.lib(libcrypto-1_1-x64.dll); second definition ignored
libcrypto_static.lib(pem_all.obj) : warning LNK4006: PEM_write_ECPrivateKey already defined in libcrypto.lib(libcrypto-1_1-x64.dll); second definition ignored
libcrypto_static.lib(pem_all.obj) : warning LNK4006: PEM_read_bio_EC_PUBKEY already defined in libcrypto.lib(libcrypto-1_1-x64.dll); second definition ignored
libcrypto_static.lib(pem_all.obj) : warning LNK4006: PEM_read_EC_PUBKEY already defined in libcrypto.lib(libcrypto-1_1-x64.dll); second definition ignored
libcrypto_static.lib(pem_all.obj) : warning LNK4006: PEM_write_bio_EC_PUBKEY already defined in libcrypto.lib(libcrypto-1_1-x64.dll); second definition ignored
libcrypto_static.lib(pem_all.obj) : warning LNK4006: PEM_write_EC_PUBKEY already defined in libcrypto.lib(libcrypto-1_1-x64.dll); second definition ignored
libcrypto_static.lib(pem_all.obj) : warning LNK4006: PEM_write_bio_DHparams already defined in libcrypto.lib(libcrypto-1_1-x64.dll); second definition ignored
libcrypto_static.lib(pem_all.obj) : warning LNK4006: PEM_write_DHparams already defined in libcrypto.lib(libcrypto-1_1-x64.dll); second definition ignored
libcrypto_static.lib(pem_all.obj) : warning LNK4006: PEM_write_bio_DHxparams already defined in libcrypto.lib(libcrypto-1_1-x64.dll); second definition ignored
libcrypto_static.lib(pem_all.obj) : warning LNK4006: PEM_write_DHxparams already defined in libcrypto.lib(libcrypto-1_1-x64.dll); second definition ignored
libcrypto_static.lib(pem_all.obj) : warning LNK4006: PEM_read_bio_PUBKEY already defined in libcrypto.lib(libcrypto-1_1-x64.dll); second definition ignored
libcrypto_static.lib(pem_all.obj) : warning LNK4006: PEM_read_PUBKEY already defined in libcrypto.lib(libcrypto-1_1-x64.dll); second definition ignored
libcrypto_static.lib(pem_all.obj) : warning LNK4006: PEM_write_bio_PUBKEY already defined in libcrypto.lib(libcrypto-1_1-x64.dll); second definition ignored
libcrypto_static.lib(pem_all.obj) : warning LNK4006: PEM_write_PUBKEY already defined in libcrypto.lib(libcrypto-1_1-x64.dll); second definition ignored
libcrypto_static.lib(pem_err.obj) : warning LNK4006: ERR_load_PEM_strings already defined in libcrypto.lib(libcrypto-1_1-x64.dll); second definition ignored
libcrypto_static.lib(pem_info.obj) : warning LNK4006: PEM_X509_INFO_read_bio already defined in libcrypto.lib(libcrypto-1_1-x64.dll); second definition ignored
libcrypto_static.lib(pem_info.obj) : warning LNK4006: PEM_X509_INFO_write_bio already defined in libcrypto.lib(libcrypto-1_1-x64.dll); second definition ignored
libcrypto_static.lib(pem_info.obj) : warning LNK4006: PEM_X509_INFO_read already defined in libcrypto.lib(libcrypto-1_1-x64.dll); second definition ignored
libcrypto_static.lib(pem_lib.obj) : warning LNK4006: PEM_get_EVP_CIPHER_INFO already defined in libcrypto.lib(libcrypto-1_1-x64.dll); second definition ignored
libcrypto_static.lib(pem_lib.obj) : warning LNK4006: PEM_do_header already defined in libcrypto.lib(libcrypto-1_1-x64.dll); second definition ignored
libcrypto_static.lib(pem_lib.obj) : warning LNK4006: PEM_read_bio already defined in libcrypto.lib(libcrypto-1_1-x64.dll); second definition ignored
libcrypto_static.lib(pem_lib.obj) : warning LNK4006: PEM_read_bio_ex already defined in libcrypto.lib(libcrypto-1_1-x64.dll); second definition ignored
libcrypto_static.lib(pem_lib.obj) : warning LNK4006: PEM_bytes_read_bio_secmem already defined in libcrypto.lib(libcrypto-1_1-x64.dll); second definition ignored
libcrypto_static.lib(pem_lib.obj) : warning LNK4006: PEM_write_bio already defined in libcrypto.lib(libcrypto-1_1-x64.dll); second definition ignored
libcrypto_static.lib(pem_lib.obj) : warning LNK4006: PEM_bytes_read_bio already defined in libcrypto.lib(libcrypto-1_1-x64.dll); second definition ignored
libcrypto_static.lib(pem_lib.obj) : warning LNK4006: PEM_ASN1_write_bio already defined in libcrypto.lib(libcrypto-1_1-x64.dll); second definition ignored
libcrypto_static.lib(pem_lib.obj) : warning LNK4006: PEM_read already defined in libcrypto.lib(libcrypto-1_1-x64.dll); second definition ignored
libcrypto_static.lib(pem_lib.obj) : warning LNK4006: PEM_write already defined in libcrypto.lib(libcrypto-1_1-x64.dll); second definition ignored
libcrypto_static.lib(pem_lib.obj) : warning LNK4006: PEM_ASN1_read already defined in libcrypto.lib(libcrypto-1_1-x64.dll); second definition ignored
libcrypto_static.lib(pem_lib.obj) : warning LNK4006: PEM_ASN1_write already defined in libcrypto.lib(libcrypto-1_1-x64.dll); second definition ignored
libcrypto_static.lib(pem_lib.obj) : warning LNK4006: PEM_def_callback already defined in libcrypto.lib(libcrypto-1_1-x64.dll); second definition ignored
libcrypto_static.lib(pem_lib.obj) : warning LNK4006: PEM_proc_type already defined in libcrypto.lib(libcrypto-1_1-x64.dll); second definition ignored
libcrypto_static.lib(pem_lib.obj) : warning LNK4006: PEM_dek_info already defined in libcrypto.lib(libcrypto-1_1-x64.dll); second definition ignored
libcrypto_static.lib(pem_oth.obj) : warning LNK4006: PEM_ASN1_read_bio already defined in libcrypto.lib(libcrypto-1_1-x64.dll); second definition ignored
libcrypto_static.lib(pem_pk8.obj) : warning LNK4006: PEM_read_bio_PKCS8 already defined in libcrypto.lib(libcrypto-1_1-x64.dll); second definition ignored
libcrypto_static.lib(pem_pk8.obj) : warning LNK4006: PEM_read_PKCS8 already defined in libcrypto.lib(libcrypto-1_1-x64.dll); second definition ignored
libcrypto_static.lib(pem_pk8.obj) : warning LNK4006: PEM_write_bio_PKCS8 already defined in libcrypto.lib(libcrypto-1_1-x64.dll); second definition ignored
libcrypto_static.lib(pem_pk8.obj) : warning LNK4006: PEM_write_PKCS8 already defined in libcrypto.lib(libcrypto-1_1-x64.dll); second definition ignored
libcrypto_static.lib(pem_pk8.obj) : warning LNK4006: PEM_read_bio_PKCS8_PRIV_KEY_INFO already defined in libcrypto.lib(libcrypto-1_1-x64.dll); second definition ignored
libcrypto_static.lib(pem_pk8.obj) : warning LNK4006: PEM_read_PKCS8_PRIV_KEY_INFO already defined in libcrypto.lib(libcrypto-1_1-x64.dll); second definition ignored
libcrypto_static.lib(pem_pk8.obj) : warning LNK4006: PEM_write_bio_PKCS8_PRIV_KEY_INFO already defined in libcrypto.lib(libcrypto-1_1-x64.dll); second definition ignored
libcrypto_static.lib(pem_pk8.obj) : warning LNK4006: PEM_write_PKCS8_PRIV_KEY_INFO already defined in libcrypto.lib(libcrypto-1_1-x64.dll); second definition ignored
libcrypto_static.lib(pem_pk8.obj) : warning LNK4006: PEM_write_bio_PKCS8PrivateKey_nid already defined in libcrypto.lib(libcrypto-1_1-x64.dll); second definition ignored
libcrypto_static.lib(pem_pk8.obj) : warning LNK4006: PEM_write_bio_PKCS8PrivateKey already defined in libcrypto.lib(libcrypto-1_1-x64.dll); second definition ignored
libcrypto_static.lib(pem_pk8.obj) : warning LNK4006: i2d_PKCS8PrivateKey_bio already defined in libcrypto.lib(libcrypto-1_1-x64.dll); second definition ignored
libcrypto_static.lib(pem_pk8.obj) : warning LNK4006: i2d_PKCS8PrivateKey_nid_bio already defined in libcrypto.lib(libcrypto-1_1-x64.dll); second definition ignored
libcrypto_static.lib(pem_pk8.obj) : warning LNK4006: d2i_PKCS8PrivateKey_bio already defined in libcrypto.lib(libcrypto-1_1-x64.dll); second definition ignored
libcrypto_static.lib(pem_pk8.obj) : warning LNK4006: i2d_PKCS8PrivateKey_fp already defined in libcrypto.lib(libcrypto-1_1-x64.dll); second definition ignored
libcrypto_static.lib(pem_pk8.obj) : warning LNK4006: i2d_PKCS8PrivateKey_nid_fp already defined in libcrypto.lib(libcrypto-1_1-x64.dll); second definition ignored
libcrypto_static.lib(pem_pk8.obj) : warning LNK4006: PEM_write_PKCS8PrivateKey_nid already defined in libcrypto.lib(libcrypto-1_1-x64.dll); second definition ignored
libcrypto_static.lib(pem_pk8.obj) : warning LNK4006: d2i_PKCS8PrivateKey_fp already defined in libcrypto.lib(libcrypto-1_1-x64.dll); second definition ignored
libcrypto_static.lib(pem_pk8.obj) : warning LNK4006: PEM_write_PKCS8PrivateKey already defined in libcrypto.lib(libcrypto-1_1-x64.dll); second definition ignored
libcrypto_static.lib(pem_pkey.obj) : warning LNK4006: PEM_read_bio_DHparams already defined in libcrypto.lib(libcrypto-1_1-x64.dll); second definition ignored
libcrypto_static.lib(pem_pkey.obj) : warning LNK4006: PEM_read_DHparams already defined in libcrypto.lib(libcrypto-1_1-x64.dll); second definition ignored
libcrypto_static.lib(pem_pkey.obj) : warning LNK4006: PEM_read_bio_PrivateKey already defined in libcrypto.lib(libcrypto-1_1-x64.dll); second definition ignored
libcrypto_static.lib(pem_pkey.obj) : warning LNK4006: PEM_read_PrivateKey already defined in libcrypto.lib(libcrypto-1_1-x64.dll); second definition ignored
libcrypto_static.lib(pem_pkey.obj) : warning LNK4006: PEM_write_bio_PrivateKey already defined in libcrypto.lib(libcrypto-1_1-x64.dll); second definition ignored
libcrypto_static.lib(pem_pkey.obj) : warning LNK4006: PEM_write_PrivateKey already defined in libcrypto.lib(libcrypto-1_1-x64.dll); second definition ignored
libcrypto_static.lib(pem_pkey.obj) : warning LNK4006: PEM_write_bio_PrivateKey_traditional already defined in libcrypto.lib(libcrypto-1_1-x64.dll); second definition ignored
libcrypto_static.lib(pem_pkey.obj) : warning LNK4006: PEM_read_bio_Parameters already defined in libcrypto.lib(libcrypto-1_1-x64.dll); second definition ignored
libcrypto_static.lib(pem_pkey.obj) : warning LNK4006: PEM_write_bio_Parameters already defined in libcrypto.lib(libcrypto-1_1-x64.dll); second definition ignored
libcrypto_static.lib(pem_sign.obj) : warning LNK4006: PEM_SignInit already defined in libcrypto.lib(libcrypto-1_1-x64.dll); second definition ignored
libcrypto_static.lib(pem_sign.obj) : warning LNK4006: PEM_SignUpdate already defined in libcrypto.lib(libcrypto-1_1-x64.dll); second definition ignored
libcrypto_static.lib(pem_sign.obj) : warning LNK4006: PEM_SignFinal already defined in libcrypto.lib(libcrypto-1_1-x64.dll); second definition ignored
libcrypto_static.lib(pem_x509.obj) : warning LNK4006: PEM_read_bio_X509 already defined in libcrypto.lib(libcrypto-1_1-x64.dll); second definition ignored
libcrypto_static.lib(pem_x509.obj) : warning LNK4006: PEM_read_X509 already defined in libcrypto.lib(libcrypto-1_1-x64.dll); second definition ignored
libcrypto_static.lib(pem_x509.obj) : warning LNK4006: PEM_write_bio_X509 already defined in libcrypto.lib(libcrypto-1_1-x64.dll); second definition ignored
libcrypto_static.lib(pem_x509.obj) : warning LNK4006: PEM_write_X509 already defined in libcrypto.lib(libcrypto-1_1-x64.dll); second definition ignored
libcrypto_static.lib(pem_xaux.obj) : warning LNK4006: PEM_read_bio_X509_AUX already defined in libcrypto.lib(libcrypto-1_1-x64.dll); second definition ignored
libcrypto_static.lib(pem_xaux.obj) : warning LNK4006: PEM_read_X509_AUX already defined in libcrypto.lib(libcrypto-1_1-x64.dll); second definition ignored
libcrypto_static.lib(pem_xaux.obj) : warning LNK4006: PEM_write_bio_X509_AUX already defined in libcrypto.lib(libcrypto-1_1-x64.dll); second definition ignored
libcrypto_static.lib(pem_xaux.obj) : warning LNK4006: PEM_write_X509_AUX already defined in libcrypto.lib(libcrypto-1_1-x64.dll); second definition ignored
libcrypto_static.lib(pvkfmt.obj) : warning LNK4006: b2i_PrivateKey already defined in libcrypto.lib(libcrypto-1_1-x64.dll); second definition ignored
libcrypto_static.lib(pvkfmt.obj) : warning LNK4006: b2i_PublicKey already defined in libcrypto.lib(libcrypto-1_1-x64.dll); second definition ignored
libcrypto_static.lib(pvkfmt.obj) : warning LNK4006: b2i_PrivateKey_bio already defined in libcrypto.lib(libcrypto-1_1-x64.dll); second definition ignored
libcrypto_static.lib(pvkfmt.obj) : warning LNK4006: b2i_PublicKey_bio already defined in libcrypto.lib(libcrypto-1_1-x64.dll); second definition ignored
libcrypto_static.lib(pvkfmt.obj) : warning LNK4006: i2b_PrivateKey_bio already defined in libcrypto.lib(libcrypto-1_1-x64.dll); second definition ignored
libcrypto_static.lib(pvkfmt.obj) : warning LNK4006: i2b_PublicKey_bio already defined in libcrypto.lib(libcrypto-1_1-x64.dll); second definition ignored
libcrypto_static.lib(pvkfmt.obj) : warning LNK4006: b2i_PVK_bio already defined in libcrypto.lib(libcrypto-1_1-x64.dll); second definition ignored
libcrypto_static.lib(pvkfmt.obj) : warning LNK4006: i2b_PVK_bio already defined in libcrypto.lib(libcrypto-1_1-x64.dll); second definition ignored
libcrypto_static.lib(p12_add.obj) : warning LNK4006: PKCS12_item_pack_safebag already defined in libcrypto.lib(libcrypto-1_1-x64.dll); second definition ignored
libcrypto_static.lib(p12_add.obj) : warning LNK4006: PKCS12_decrypt_skey already defined in libcrypto.lib(libcrypto-1_1-x64.dll); second definition ignored
libcrypto_static.lib(p12_add.obj) : warning LNK4006: PKCS12_pack_p7data already defined in libcrypto.lib(libcrypto-1_1-x64.dll); second definition ignored
libcrypto_static.lib(p12_add.obj) : warning LNK4006: PKCS12_unpack_p7data already defined in libcrypto.lib(libcrypto-1_1-x64.dll); second definition ignored
libcrypto_static.lib(p12_add.obj) : warning LNK4006: PKCS12_pack_p7encdata already defined in libcrypto.lib(libcrypto-1_1-x64.dll); second definition ignored
libcrypto_static.lib(p12_add.obj) : warning LNK4006: PKCS12_unpack_p7encdata already defined in libcrypto.lib(libcrypto-1_1-x64.dll); second definition ignored
libcrypto_static.lib(p12_add.obj) : warning LNK4006: PKCS12_pack_authsafes already defined in libcrypto.lib(libcrypto-1_1-x64.dll); second definition ignored
libcrypto_static.lib(p12_add.obj) : warning LNK4006: PKCS12_unpack_authsafes already defined in libcrypto.lib(libcrypto-1_1-x64.dll); second definition ignored
libcrypto_static.lib(p12_asn.obj) : warning LNK4006: PKCS12_MAC_DATA_it already defined in libcrypto.lib(libcrypto-1_1-x64.dll); second definition ignored
libcrypto_static.lib(p12_asn.obj) : warning LNK4006: PKCS12_SAFEBAG_it already defined in libcrypto.lib(libcrypto-1_1-x64.dll); second definition ignored
libcrypto_static.lib(p12_asn.obj) : warning LNK4006: PKCS12_BAGS_it already defined in libcrypto.lib(libcrypto-1_1-x64.dll); second definition ignored
libcrypto_static.lib(p12_asn.obj) : warning LNK4006: PKCS12_new already defined in libcrypto.lib(libcrypto-1_1-x64.dll); second definition ignored
libcrypto_static.lib(p12_asn.obj) : warning LNK4006: PKCS12_free already defined in libcrypto.lib(libcrypto-1_1-x64.dll); second definition ignored
libcrypto_static.lib(p12_asn.obj) : warning LNK4006: d2i_PKCS12 already defined in libcrypto.lib(libcrypto-1_1-x64.dll); second definition ignored
libcrypto_static.lib(p12_asn.obj) : warning LNK4006: i2d_PKCS12 already defined in libcrypto.lib(libcrypto-1_1-x64.dll); second definition ignored
libcrypto_static.lib(p12_asn.obj) : warning LNK4006: PKCS12_it already defined in libcrypto.lib(libcrypto-1_1-x64.dll); second definition ignored
libcrypto_static.lib(p12_asn.obj) : warning LNK4006: PKCS12_MAC_DATA_new already defined in libcrypto.lib(libcrypto-1_1-x64.dll); second definition ignored
libcrypto_static.lib(p12_asn.obj) : warning LNK4006: PKCS12_MAC_DATA_free already defined in libcrypto.lib(libcrypto-1_1-x64.dll); second definition ignored
libcrypto_static.lib(p12_asn.obj) : warning LNK4006: d2i_PKCS12_MAC_DATA already defined in libcrypto.lib(libcrypto-1_1-x64.dll); second definition ignored
libcrypto_static.lib(p12_asn.obj) : warning LNK4006: i2d_PKCS12_MAC_DATA already defined in libcrypto.lib(libcrypto-1_1-x64.dll); second definition ignored
libcrypto_static.lib(p12_asn.obj) : warning LNK4006: PKCS12_SAFEBAG_new already defined in libcrypto.lib(libcrypto-1_1-x64.dll); second definition ignored
libcrypto_static.lib(p12_asn.obj) : warning LNK4006: PKCS12_SAFEBAG_free already defined in libcrypto.lib(libcrypto-1_1-x64.dll); second definition ignored
libcrypto_static.lib(p12_asn.obj) : warning LNK4006: d2i_PKCS12_SAFEBAG already defined in libcrypto.lib(libcrypto-1_1-x64.dll); second definition ignored
libcrypto_static.lib(p12_asn.obj) : warning LNK4006: i2d_PKCS12_SAFEBAG already defined in libcrypto.lib(libcrypto-1_1-x64.dll); second definition ignored
libcrypto_static.lib(p12_asn.obj) : warning LNK4006: PKCS12_BAGS_new already defined in libcrypto.lib(libcrypto-1_1-x64.dll); second definition ignored
libcrypto_static.lib(p12_asn.obj) : warning LNK4006: PKCS12_BAGS_free already defined in libcrypto.lib(libcrypto-1_1-x64.dll); second definition ignored
libcrypto_static.lib(p12_asn.obj) : warning LNK4006: d2i_PKCS12_BAGS already defined in libcrypto.lib(libcrypto-1_1-x64.dll); second definition ignored
libcrypto_static.lib(p12_asn.obj) : warning LNK4006: i2d_PKCS12_BAGS already defined in libcrypto.lib(libcrypto-1_1-x64.dll); second definition ignored
libcrypto_static.lib(p12_asn.obj) : warning LNK4006: PKCS12_SAFEBAGS_it already defined in libcrypto.lib(libcrypto-1_1-x64.dll); second definition ignored
libcrypto_static.lib(p12_asn.obj) : warning LNK4006: PKCS12_AUTHSAFES_it already defined in libcrypto.lib(libcrypto-1_1-x64.dll); second definition ignored
libcrypto_static.lib(p12_attr.obj) : warning LNK4006: PKCS12_add_localkeyid already defined in libcrypto.lib(libcrypto-1_1-x64.dll); second definition ignored
libcrypto_static.lib(p12_attr.obj) : warning LNK4006: PKCS12_add_friendlyname_asc already defined in libcrypto.lib(libcrypto-1_1-x64.dll); second definition ignored
libcrypto_static.lib(p12_attr.obj) : warning LNK4006: PKCS12_add_friendlyname_utf8 already defined in libcrypto.lib(libcrypto-1_1-x64.dll); second definition ignored
libcrypto_static.lib(p12_attr.obj) : warning LNK4006: PKCS12_add_CSPName_asc already defined in libcrypto.lib(libcrypto-1_1-x64.dll); second definition ignored
libcrypto_static.lib(p12_attr.obj) : warning LNK4006: PKCS12_add_friendlyname_uni already defined in libcrypto.lib(libcrypto-1_1-x64.dll); second definition ignored
libcrypto_static.lib(p12_attr.obj) : warning LNK4006: PKCS8_add_keyusage already defined in libcrypto.lib(libcrypto-1_1-x64.dll); second definition ignored
libcrypto_static.lib(p12_attr.obj) : warning LNK4006: PKCS12_get_attr_gen already defined in libcrypto.lib(libcrypto-1_1-x64.dll); second definition ignored
libcrypto_static.lib(p12_attr.obj) : warning LNK4006: PKCS12_get_friendlyname already defined in libcrypto.lib(libcrypto-1_1-x64.dll); second definition ignored
libcrypto_static.lib(p12_attr.obj) : warning LNK4006: PKCS12_SAFEBAG_get0_attrs already defined in libcrypto.lib(libcrypto-1_1-x64.dll); second definition ignored
libcrypto_static.lib(p12_crpt.obj) : warning LNK4006: PKCS12_PBE_keyivgen already defined in libcrypto.lib(libcrypto-1_1-x64.dll); second definition ignored
libcrypto_static.lib(p12_crpt.obj) : warning LNK4006: PKCS12_PBE_add already defined in libcrypto.lib(libcrypto-1_1-x64.dll); second definition ignored
libcrypto_static.lib(p12_crt.obj) : warning LNK4006: PKCS12_create already defined in libcrypto.lib(libcrypto-1_1-x64.dll); second definition ignored
libcrypto_static.lib(p12_crt.obj) : warning LNK4006: PKCS12_add_cert already defined in libcrypto.lib(libcrypto-1_1-x64.dll); second definition ignored
libcrypto_static.lib(p12_crt.obj) : warning LNK4006: PKCS12_add_key already defined in libcrypto.lib(libcrypto-1_1-x64.dll); second definition ignored
libcrypto_static.lib(p12_crt.obj) : warning LNK4006: PKCS12_add_safe already defined in libcrypto.lib(libcrypto-1_1-x64.dll); second definition ignored
libcrypto_static.lib(p12_crt.obj) : warning LNK4006: PKCS12_add_safes already defined in libcrypto.lib(libcrypto-1_1-x64.dll); second definition ignored
libcrypto_static.lib(p12_decr.obj) : warning LNK4006: PKCS12_pbe_crypt already defined in libcrypto.lib(libcrypto-1_1-x64.dll); second definition ignored
libcrypto_static.lib(p12_decr.obj) : warning LNK4006: PKCS12_item_decrypt_d2i already defined in libcrypto.lib(libcrypto-1_1-x64.dll); second definition ignored
libcrypto_static.lib(p12_decr.obj) : warning LNK4006: PKCS12_item_i2d_encrypt already defined in libcrypto.lib(libcrypto-1_1-x64.dll); second definition ignored
libcrypto_static.lib(p12_init.obj) : warning LNK4006: PKCS12_init already defined in libcrypto.lib(libcrypto-1_1-x64.dll); second definition ignored
libcrypto_static.lib(p12_key.obj) : warning LNK4006: PKCS12_key_gen_asc already defined in libcrypto.lib(libcrypto-1_1-x64.dll); second definition ignored
libcrypto_static.lib(p12_key.obj) : warning LNK4006: PKCS12_key_gen_uni already defined in libcrypto.lib(libcrypto-1_1-x64.dll); second definition ignored
libcrypto_static.lib(p12_key.obj) : warning LNK4006: PKCS12_key_gen_utf8 already defined in libcrypto.lib(libcrypto-1_1-x64.dll); second definition ignored
libcrypto_static.lib(p12_kiss.obj) : warning LNK4006: PKCS12_parse already defined in libcrypto.lib(libcrypto-1_1-x64.dll); second definition ignored
libcrypto_static.lib(p12_mutl.obj) : warning LNK4006: PKCS12_mac_present already defined in libcrypto.lib(libcrypto-1_1-x64.dll); second definition ignored
libcrypto_static.lib(p12_mutl.obj) : warning LNK4006: PKCS12_get0_mac already defined in libcrypto.lib(libcrypto-1_1-x64.dll); second definition ignored
libcrypto_static.lib(p12_mutl.obj) : warning LNK4006: PKCS12_gen_mac already defined in libcrypto.lib(libcrypto-1_1-x64.dll); second definition ignored
libcrypto_static.lib(p12_mutl.obj) : warning LNK4006: PKCS12_verify_mac already defined in libcrypto.lib(libcrypto-1_1-x64.dll); second definition ignored
libcrypto_static.lib(p12_mutl.obj) : warning LNK4006: PKCS12_set_mac already defined in libcrypto.lib(libcrypto-1_1-x64.dll); second definition ignored
libcrypto_static.lib(p12_mutl.obj) : warning LNK4006: PKCS12_setup_mac already defined in libcrypto.lib(libcrypto-1_1-x64.dll); second definition ignored
libcrypto_static.lib(p12_npas.obj) : warning LNK4006: PKCS12_newpass already defined in libcrypto.lib(libcrypto-1_1-x64.dll); second definition ignored
libcrypto_static.lib(p12_p8d.obj) : warning LNK4006: PKCS8_decrypt already defined in libcrypto.lib(libcrypto-1_1-x64.dll); second definition ignored
libcrypto_static.lib(p12_p8e.obj) : warning LNK4006: PKCS8_encrypt already defined in libcrypto.lib(libcrypto-1_1-x64.dll); second definition ignored
libcrypto_static.lib(p12_p8e.obj) : warning LNK4006: PKCS8_set0_pbe already defined in libcrypto.lib(libcrypto-1_1-x64.dll); second definition ignored
libcrypto_static.lib(p12_sbag.obj) : warning LNK4006: PKCS12_get_attr already defined in libcrypto.lib(libcrypto-1_1-x64.dll); second definition ignored
libcrypto_static.lib(p12_sbag.obj) : warning LNK4006: PKCS8_get_attr already defined in libcrypto.lib(libcrypto-1_1-x64.dll); second definition ignored
libcrypto_static.lib(p12_sbag.obj) : warning LNK4006: PKCS12_SAFEBAG_get0_attr already defined in libcrypto.lib(libcrypto-1_1-x64.dll); second definition ignored
libcrypto_static.lib(p12_sbag.obj) : warning LNK4006: PKCS12_SAFEBAG_get0_type already defined in libcrypto.lib(libcrypto-1_1-x64.dll); second definition ignored
libcrypto_static.lib(p12_sbag.obj) : warning LNK4006: PKCS12_SAFEBAG_get_nid already defined in libcrypto.lib(libcrypto-1_1-x64.dll); second definition ignored
libcrypto_static.lib(p12_sbag.obj) : warning LNK4006: PKCS12_SAFEBAG_get_bag_nid already defined in libcrypto.lib(libcrypto-1_1-x64.dll); second definition ignored
libcrypto_static.lib(p12_sbag.obj) : warning LNK4006: PKCS12_SAFEBAG_get1_cert already defined in libcrypto.lib(libcrypto-1_1-x64.dll); second definition ignored
libcrypto_static.lib(p12_sbag.obj) : warning LNK4006: PKCS12_SAFEBAG_get1_crl already defined in libcrypto.lib(libcrypto-1_1-x64.dll); second definition ignored
libcrypto_static.lib(p12_sbag.obj) : warning LNK4006: PKCS12_SAFEBAG_get0_safes already defined in libcrypto.lib(libcrypto-1_1-x64.dll); second definition ignored
libcrypto_static.lib(p12_sbag.obj) : warning LNK4006: PKCS12_SAFEBAG_get0_p8inf already defined in libcrypto.lib(libcrypto-1_1-x64.dll); second definition ignored
libcrypto_static.lib(p12_sbag.obj) : warning LNK4006: PKCS12_SAFEBAG_get0_pkcs8 already defined in libcrypto.lib(libcrypto-1_1-x64.dll); second definition ignored
libcrypto_static.lib(p12_sbag.obj) : warning LNK4006: PKCS12_SAFEBAG_create_cert already defined in libcrypto.lib(libcrypto-1_1-x64.dll); second definition ignored
libcrypto_static.lib(p12_sbag.obj) : warning LNK4006: PKCS12_SAFEBAG_create_crl already defined in libcrypto.lib(libcrypto-1_1-x64.dll); second definition ignored
libcrypto_static.lib(p12_sbag.obj) : warning LNK4006: PKCS12_SAFEBAG_create0_p8inf already defined in libcrypto.lib(libcrypto-1_1-x64.dll); second definition ignored
libcrypto_static.lib(p12_sbag.obj) : warning LNK4006: PKCS12_SAFEBAG_create0_pkcs8 already defined in libcrypto.lib(libcrypto-1_1-x64.dll); second definition ignored
libcrypto_static.lib(p12_sbag.obj) : warning LNK4006: PKCS12_SAFEBAG_create_pkcs8_encrypt already defined in libcrypto.lib(libcrypto-1_1-x64.dll); second definition ignored
libcrypto_static.lib(p12_utl.obj) : warning LNK4006: OPENSSL_asc2uni already defined in libcrypto.lib(libcrypto-1_1-x64.dll); second definition ignored
libcrypto_static.lib(p12_utl.obj) : warning LNK4006: OPENSSL_uni2asc already defined in libcrypto.lib(libcrypto-1_1-x64.dll); second definition ignored
libcrypto_static.lib(p12_utl.obj) : warning LNK4006: OPENSSL_utf82uni already defined in libcrypto.lib(libcrypto-1_1-x64.dll); second definition ignored
libcrypto_static.lib(p12_utl.obj) : warning LNK4006: OPENSSL_uni2utf8 already defined in libcrypto.lib(libcrypto-1_1-x64.dll); second definition ignored
libcrypto_static.lib(p12_utl.obj) : warning LNK4006: i2d_PKCS12_bio already defined in libcrypto.lib(libcrypto-1_1-x64.dll); second definition ignored
libcrypto_static.lib(p12_utl.obj) : warning LNK4006: i2d_PKCS12_fp already defined in libcrypto.lib(libcrypto-1_1-x64.dll); second definition ignored
libcrypto_static.lib(p12_utl.obj) : warning LNK4006: d2i_PKCS12_bio already defined in libcrypto.lib(libcrypto-1_1-x64.dll); second definition ignored
libcrypto_static.lib(p12_utl.obj) : warning LNK4006: d2i_PKCS12_fp already defined in libcrypto.lib(libcrypto-1_1-x64.dll); second definition ignored
libcrypto_static.lib(pk12err.obj) : warning LNK4006: ERR_load_PKCS12_strings already defined in libcrypto.lib(libcrypto-1_1-x64.dll); second definition ignored
libcrypto_static.lib(bio_pk7.obj) : warning LNK4006: BIO_new_PKCS7 already defined in libcrypto.lib(libcrypto-1_1-x64.dll); second definition ignored
libcrypto_static.lib(pk7_asn1.obj) : warning LNK4006: PKCS7_ISSUER_AND_SERIAL_it already defined in libcrypto.lib(libcrypto-1_1-x64.dll); second definition ignored
libcrypto_static.lib(pk7_asn1.obj) : warning LNK4006: PKCS7_SIGNER_INFO_it already defined in libcrypto.lib(libcrypto-1_1-x64.dll); second definition ignored
libcrypto_static.lib(pk7_asn1.obj) : warning LNK4006: PKCS7_RECIP_INFO_it already defined in libcrypto.lib(libcrypto-1_1-x64.dll); second definition ignored
libcrypto_static.lib(pk7_asn1.obj) : warning LNK4006: PKCS7_SIGNED_it already defined in libcrypto.lib(libcrypto-1_1-x64.dll); second definition ignored
libcrypto_static.lib(pk7_asn1.obj) : warning LNK4006: PKCS7_ENC_CONTENT_it already defined in libcrypto.lib(libcrypto-1_1-x64.dll); second definition ignored
libcrypto_static.lib(pk7_asn1.obj) : warning LNK4006: PKCS7_ENVELOPE_it already defined in libcrypto.lib(libcrypto-1_1-x64.dll); second definition ignored
libcrypto_static.lib(pk7_asn1.obj) : warning LNK4006: PKCS7_SIGN_ENVELOPE_it already defined in libcrypto.lib(libcrypto-1_1-x64.dll); second definition ignored
libcrypto_static.lib(pk7_asn1.obj) : warning LNK4006: PKCS7_DIGEST_it already defined in libcrypto.lib(libcrypto-1_1-x64.dll); second definition ignored
libcrypto_static.lib(pk7_asn1.obj) : warning LNK4006: PKCS7_ENCRYPT_it already defined in libcrypto.lib(libcrypto-1_1-x64.dll); second definition ignored
libcrypto_static.lib(pk7_asn1.obj) : warning LNK4006: PKCS7_it already defined in libcrypto.lib(libcrypto-1_1-x64.dll); second definition ignored
libcrypto_static.lib(pk7_asn1.obj) : warning LNK4006: PKCS7_ISSUER_AND_SERIAL_new already defined in libcrypto.lib(libcrypto-1_1-x64.dll); second definition ignored
libcrypto_static.lib(pk7_asn1.obj) : warning LNK4006: PKCS7_ISSUER_AND_SERIAL_free already defined in libcrypto.lib(libcrypto-1_1-x64.dll); second definition ignored
libcrypto_static.lib(pk7_asn1.obj) : warning LNK4006: d2i_PKCS7_ISSUER_AND_SERIAL already defined in libcrypto.lib(libcrypto-1_1-x64.dll); second definition ignored
libcrypto_static.lib(pk7_asn1.obj) : warning LNK4006: i2d_PKCS7_ISSUER_AND_SERIAL already defined in libcrypto.lib(libcrypto-1_1-x64.dll); second definition ignored
libcrypto_static.lib(pk7_asn1.obj) : warning LNK4006: PKCS7_dup already defined in libcrypto.lib(libcrypto-1_1-x64.dll); second definition ignored
libcrypto_static.lib(pk7_asn1.obj) : warning LNK4006: PKCS7_SIGNER_INFO_new already defined in libcrypto.lib(libcrypto-1_1-x64.dll); second definition ignored
libcrypto_static.lib(pk7_asn1.obj) : warning LNK4006: PKCS7_SIGNER_INFO_free already defined in libcrypto.lib(libcrypto-1_1-x64.dll); second definition ignored
libcrypto_static.lib(pk7_asn1.obj) : warning LNK4006: d2i_PKCS7_SIGNER_INFO already defined in libcrypto.lib(libcrypto-1_1-x64.dll); second definition ignored
libcrypto_static.lib(pk7_asn1.obj) : warning LNK4006: i2d_PKCS7_SIGNER_INFO already defined in libcrypto.lib(libcrypto-1_1-x64.dll); second definition ignored
libcrypto_static.lib(pk7_asn1.obj) : warning LNK4006: PKCS7_RECIP_INFO_new already defined in libcrypto.lib(libcrypto-1_1-x64.dll); second definition ignored
libcrypto_static.lib(pk7_asn1.obj) : warning LNK4006: PKCS7_RECIP_INFO_free already defined in libcrypto.lib(libcrypto-1_1-x64.dll); second definition ignored
libcrypto_static.lib(pk7_asn1.obj) : warning LNK4006: d2i_PKCS7_RECIP_INFO already defined in libcrypto.lib(libcrypto-1_1-x64.dll); second definition ignored
libcrypto_static.lib(pk7_asn1.obj) : warning LNK4006: i2d_PKCS7_RECIP_INFO already defined in libcrypto.lib(libcrypto-1_1-x64.dll); second definition ignored
libcrypto_static.lib(pk7_asn1.obj) : warning LNK4006: PKCS7_SIGNED_new already defined in libcrypto.lib(libcrypto-1_1-x64.dll); second definition ignored
libcrypto_static.lib(pk7_asn1.obj) : warning LNK4006: PKCS7_SIGNED_free already defined in libcrypto.lib(libcrypto-1_1-x64.dll); second definition ignored
libcrypto_static.lib(pk7_asn1.obj) : warning LNK4006: d2i_PKCS7_SIGNED already defined in libcrypto.lib(libcrypto-1_1-x64.dll); second definition ignored
libcrypto_static.lib(pk7_asn1.obj) : warning LNK4006: i2d_PKCS7_SIGNED already defined in libcrypto.lib(libcrypto-1_1-x64.dll); second definition ignored
libcrypto_static.lib(pk7_asn1.obj) : warning LNK4006: PKCS7_ENC_CONTENT_new already defined in libcrypto.lib(libcrypto-1_1-x64.dll); second definition ignored
libcrypto_static.lib(pk7_asn1.obj) : warning LNK4006: PKCS7_ENC_CONTENT_free already defined in libcrypto.lib(libcrypto-1_1-x64.dll); second definition ignored
libcrypto_static.lib(pk7_asn1.obj) : warning LNK4006: d2i_PKCS7_ENC_CONTENT already defined in libcrypto.lib(libcrypto-1_1-x64.dll); second definition ignored
libcrypto_static.lib(pk7_asn1.obj) : warning LNK4006: i2d_PKCS7_ENC_CONTENT already defined in libcrypto.lib(libcrypto-1_1-x64.dll); second definition ignored
libcrypto_static.lib(pk7_asn1.obj) : warning LNK4006: PKCS7_ENVELOPE_new already defined in libcrypto.lib(libcrypto-1_1-x64.dll); second definition ignored
libcrypto_static.lib(pk7_asn1.obj) : warning LNK4006: PKCS7_ENVELOPE_free already defined in libcrypto.lib(libcrypto-1_1-x64.dll); second definition ignored
libcrypto_static.lib(pk7_asn1.obj) : warning LNK4006: d2i_PKCS7_ENVELOPE already defined in libcrypto.lib(libcrypto-1_1-x64.dll); second definition ignored
libcrypto_static.lib(pk7_asn1.obj) : warning LNK4006: i2d_PKCS7_ENVELOPE already defined in libcrypto.lib(libcrypto-1_1-x64.dll); second definition ignored
libcrypto_static.lib(pk7_asn1.obj) : warning LNK4006: PKCS7_SIGN_ENVELOPE_new already defined in libcrypto.lib(libcrypto-1_1-x64.dll); second definition ignored
libcrypto_static.lib(pk7_asn1.obj) : warning LNK4006: PKCS7_SIGN_ENVELOPE_free already defined in libcrypto.lib(libcrypto-1_1-x64.dll); second definition ignored
libcrypto_static.lib(pk7_asn1.obj) : warning LNK4006: d2i_PKCS7_SIGN_ENVELOPE already defined in libcrypto.lib(libcrypto-1_1-x64.dll); second definition ignored
libcrypto_static.lib(pk7_asn1.obj) : warning LNK4006: i2d_PKCS7_SIGN_ENVELOPE already defined in libcrypto.lib(libcrypto-1_1-x64.dll); second definition ignored
libcrypto_static.lib(pk7_asn1.obj) : warning LNK4006: PKCS7_DIGEST_new already defined in libcrypto.lib(libcrypto-1_1-x64.dll); second definition ignored
libcrypto_static.lib(pk7_asn1.obj) : warning LNK4006: PKCS7_DIGEST_free already defined in libcrypto.lib(libcrypto-1_1-x64.dll); second definition ignored
libcrypto_static.lib(pk7_asn1.obj) : warning LNK4006: d2i_PKCS7_DIGEST already defined in libcrypto.lib(libcrypto-1_1-x64.dll); second definition ignored
libcrypto_static.lib(pk7_asn1.obj) : warning LNK4006: i2d_PKCS7_DIGEST already defined in libcrypto.lib(libcrypto-1_1-x64.dll); second definition ignored
libcrypto_static.lib(pk7_asn1.obj) : warning LNK4006: PKCS7_ENCRYPT_new already defined in libcrypto.lib(libcrypto-1_1-x64.dll); second definition ignored
libcrypto_static.lib(pk7_asn1.obj) : warning LNK4006: PKCS7_ENCRYPT_free already defined in libcrypto.lib(libcrypto-1_1-x64.dll); second definition ignored
libcrypto_static.lib(pk7_asn1.obj) : warning LNK4006: d2i_PKCS7_ENCRYPT already defined in libcrypto.lib(libcrypto-1_1-x64.dll); second definition ignored
libcrypto_static.lib(pk7_asn1.obj) : warning LNK4006: i2d_PKCS7_ENCRYPT already defined in libcrypto.lib(libcrypto-1_1-x64.dll); second definition ignored
libcrypto_static.lib(pk7_asn1.obj) : warning LNK4006: PKCS7_new already defined in libcrypto.lib(libcrypto-1_1-x64.dll); second definition ignored
libcrypto_static.lib(pk7_asn1.obj) : warning LNK4006: PKCS7_free already defined in libcrypto.lib(libcrypto-1_1-x64.dll); second definition ignored
libcrypto_static.lib(pk7_asn1.obj) : warning LNK4006: d2i_PKCS7 already defined in libcrypto.lib(libcrypto-1_1-x64.dll); second definition ignored
libcrypto_static.lib(pk7_asn1.obj) : warning LNK4006: i2d_PKCS7 already defined in libcrypto.lib(libcrypto-1_1-x64.dll); second definition ignored
libcrypto_static.lib(pk7_asn1.obj) : warning LNK4006: PKCS7_ATTR_SIGN_it already defined in libcrypto.lib(libcrypto-1_1-x64.dll); second definition ignored
libcrypto_static.lib(pk7_asn1.obj) : warning LNK4006: PKCS7_ATTR_VERIFY_it already defined in libcrypto.lib(libcrypto-1_1-x64.dll); second definition ignored
libcrypto_static.lib(pk7_asn1.obj) : warning LNK4006: i2d_PKCS7_NDEF already defined in libcrypto.lib(libcrypto-1_1-x64.dll); second definition ignored
libcrypto_static.lib(pk7_asn1.obj) : warning LNK4006: PKCS7_print_ctx already defined in libcrypto.lib(libcrypto-1_1-x64.dll); second definition ignored
libcrypto_static.lib(pk7_attr.obj) : warning LNK4006: PKCS7_add_attrib_smimecap already defined in libcrypto.lib(libcrypto-1_1-x64.dll); second definition ignored
libcrypto_static.lib(pk7_attr.obj) : warning LNK4006: PKCS7_get_smimecap already defined in libcrypto.lib(libcrypto-1_1-x64.dll); second definition ignored
libcrypto_static.lib(pk7_attr.obj) : warning LNK4006: PKCS7_simple_smimecap already defined in libcrypto.lib(libcrypto-1_1-x64.dll); second definition ignored
libcrypto_static.lib(pk7_attr.obj) : warning LNK4006: PKCS7_add_attrib_content_type already defined in libcrypto.lib(libcrypto-1_1-x64.dll); second definition ignored
libcrypto_static.lib(pk7_attr.obj) : warning LNK4006: PKCS7_add0_attrib_signing_time already defined in libcrypto.lib(libcrypto-1_1-x64.dll); second definition ignored
libcrypto_static.lib(pk7_attr.obj) : warning LNK4006: PKCS7_add1_attrib_digest already defined in libcrypto.lib(libcrypto-1_1-x64.dll); second definition ignored
libcrypto_static.lib(pk7_doit.obj) : warning LNK4006: PKCS7_SIGNER_INFO_sign already defined in libcrypto.lib(libcrypto-1_1-x64.dll); second definition ignored
libcrypto_static.lib(pk7_doit.obj) : warning LNK4006: PKCS7_dataVerify already defined in libcrypto.lib(libcrypto-1_1-x64.dll); second definition ignored
libcrypto_static.lib(pk7_doit.obj) : warning LNK4006: PKCS7_signatureVerify already defined in libcrypto.lib(libcrypto-1_1-x64.dll); second definition ignored
libcrypto_static.lib(pk7_doit.obj) : warning LNK4006: PKCS7_dataInit already defined in libcrypto.lib(libcrypto-1_1-x64.dll); second definition ignored
libcrypto_static.lib(pk7_doit.obj) : warning LNK4006: PKCS7_dataFinal already defined in libcrypto.lib(libcrypto-1_1-x64.dll); second definition ignored
libcrypto_static.lib(pk7_doit.obj) : warning LNK4006: PKCS7_dataDecode already defined in libcrypto.lib(libcrypto-1_1-x64.dll); second definition ignored
libcrypto_static.lib(pk7_doit.obj) : warning LNK4006: PKCS7_get_issuer_and_serial already defined in libcrypto.lib(libcrypto-1_1-x64.dll); second definition ignored
libcrypto_static.lib(pk7_doit.obj) : warning LNK4006: PKCS7_digest_from_attributes already defined in libcrypto.lib(libcrypto-1_1-x64.dll); second definition ignored
libcrypto_static.lib(pk7_doit.obj) : warning LNK4006: PKCS7_add_signed_attribute already defined in libcrypto.lib(libcrypto-1_1-x64.dll); second definition ignored
libcrypto_static.lib(pk7_doit.obj) : warning LNK4006: PKCS7_add_attribute already defined in libcrypto.lib(libcrypto-1_1-x64.dll); second definition ignored
libcrypto_static.lib(pk7_doit.obj) : warning LNK4006: PKCS7_get_attribute already defined in libcrypto.lib(libcrypto-1_1-x64.dll); second definition ignored
libcrypto_static.lib(pk7_doit.obj) : warning LNK4006: PKCS7_get_signed_attribute already defined in libcrypto.lib(libcrypto-1_1-x64.dll); second definition ignored
libcrypto_static.lib(pk7_doit.obj) : warning LNK4006: PKCS7_set_signed_attributes already defined in libcrypto.lib(libcrypto-1_1-x64.dll); second definition ignored
libcrypto_static.lib(pk7_doit.obj) : warning LNK4006: PKCS7_set_attributes already defined in libcrypto.lib(libcrypto-1_1-x64.dll); second definition ignored
libcrypto_static.lib(pk7_lib.obj) : warning LNK4006: PKCS7_ctrl already defined in libcrypto.lib(libcrypto-1_1-x64.dll); second definition ignored
libcrypto_static.lib(pk7_lib.obj) : warning LNK4006: PKCS7_set_type already defined in libcrypto.lib(libcrypto-1_1-x64.dll); second definition ignored
libcrypto_static.lib(pk7_lib.obj) : warning LNK4006: PKCS7_set0_type_other already defined in libcrypto.lib(libcrypto-1_1-x64.dll); second definition ignored
libcrypto_static.lib(pk7_lib.obj) : warning LNK4006: PKCS7_set_content already defined in libcrypto.lib(libcrypto-1_1-x64.dll); second definition ignored
libcrypto_static.lib(pk7_lib.obj) : warning LNK4006: PKCS7_SIGNER_INFO_set already defined in libcrypto.lib(libcrypto-1_1-x64.dll); second definition ignored
libcrypto_static.lib(pk7_lib.obj) : warning LNK4006: PKCS7_add_signer already defined in libcrypto.lib(libcrypto-1_1-x64.dll); second definition ignored
libcrypto_static.lib(pk7_lib.obj) : warning LNK4006: PKCS7_add_certificate already defined in libcrypto.lib(libcrypto-1_1-x64.dll); second definition ignored
libcrypto_static.lib(pk7_lib.obj) : warning LNK4006: PKCS7_add_crl already defined in libcrypto.lib(libcrypto-1_1-x64.dll); second definition ignored
libcrypto_static.lib(pk7_lib.obj) : warning LNK4006: PKCS7_content_new already defined in libcrypto.lib(libcrypto-1_1-x64.dll); second definition ignored
libcrypto_static.lib(pk7_lib.obj) : warning LNK4006: PKCS7_add_signature already defined in libcrypto.lib(libcrypto-1_1-x64.dll); second definition ignored
libcrypto_static.lib(pk7_lib.obj) : warning LNK4006: PKCS7_cert_from_signer_info already defined in libcrypto.lib(libcrypto-1_1-x64.dll); second definition ignored
libcrypto_static.lib(pk7_lib.obj) : warning LNK4006: PKCS7_set_digest already defined in libcrypto.lib(libcrypto-1_1-x64.dll); second definition ignored
libcrypto_static.lib(pk7_lib.obj) : warning LNK4006: PKCS7_get_signer_info already defined in libcrypto.lib(libcrypto-1_1-x64.dll); second definition ignored
libcrypto_static.lib(pk7_lib.obj) : warning LNK4006: PKCS7_add_recipient already defined in libcrypto.lib(libcrypto-1_1-x64.dll); second definition ignored
libcrypto_static.lib(pk7_lib.obj) : warning LNK4006: PKCS7_SIGNER_INFO_get0_algs already defined in libcrypto.lib(libcrypto-1_1-x64.dll); second definition ignored
libcrypto_static.lib(pk7_lib.obj) : warning LNK4006: PKCS7_RECIP_INFO_get0_alg already defined in libcrypto.lib(libcrypto-1_1-x64.dll); second definition ignored
libcrypto_static.lib(pk7_lib.obj) : warning LNK4006: PKCS7_add_recipient_info already defined in libcrypto.lib(libcrypto-1_1-x64.dll); second definition ignored
libcrypto_static.lib(pk7_lib.obj) : warning LNK4006: PKCS7_RECIP_INFO_set already defined in libcrypto.lib(libcrypto-1_1-x64.dll); second definition ignored
libcrypto_static.lib(pk7_lib.obj) : warning LNK4006: PKCS7_set_cipher already defined in libcrypto.lib(libcrypto-1_1-x64.dll); second definition ignored
libcrypto_static.lib(pk7_lib.obj) : warning LNK4006: PKCS7_stream already defined in libcrypto.lib(libcrypto-1_1-x64.dll); second definition ignored
libcrypto_static.lib(pk7_mime.obj) : warning LNK4006: i2d_PKCS7_bio_stream already defined in libcrypto.lib(libcrypto-1_1-x64.dll); second definition ignored
libcrypto_static.lib(pk7_mime.obj) : warning LNK4006: PEM_write_bio_PKCS7_stream already defined in libcrypto.lib(libcrypto-1_1-x64.dll); second definition ignored
libcrypto_static.lib(pk7_mime.obj) : warning LNK4006: SMIME_write_PKCS7 already defined in libcrypto.lib(libcrypto-1_1-x64.dll); second definition ignored
libcrypto_static.lib(pk7_mime.obj) : warning LNK4006: SMIME_read_PKCS7 already defined in libcrypto.lib(libcrypto-1_1-x64.dll); second definition ignored
libcrypto_static.lib(pk7_smime.obj) : warning LNK4006: PKCS7_sign already defined in libcrypto.lib(libcrypto-1_1-x64.dll); second definition ignored
libcrypto_static.lib(pk7_smime.obj) : warning LNK4006: PKCS7_sign_add_signer already defined in libcrypto.lib(libcrypto-1_1-x64.dll); second definition ignored
libcrypto_static.lib(pk7_smime.obj) : warning LNK4006: PKCS7_final already defined in libcrypto.lib(libcrypto-1_1-x64.dll); second definition ignored
libcrypto_static.lib(pk7_smime.obj) : warning LNK4006: PKCS7_verify already defined in libcrypto.lib(libcrypto-1_1-x64.dll); second definition ignored
libcrypto_static.lib(pk7_smime.obj) : warning LNK4006: PKCS7_get0_signers already defined in libcrypto.lib(libcrypto-1_1-x64.dll); second definition ignored
libcrypto_static.lib(pk7_smime.obj) : warning LNK4006: PKCS7_encrypt already defined in libcrypto.lib(libcrypto-1_1-x64.dll); second definition ignored
libcrypto_static.lib(pk7_smime.obj) : warning LNK4006: PKCS7_decrypt already defined in libcrypto.lib(libcrypto-1_1-x64.dll); second definition ignored
libcrypto_static.lib(pkcs7err.obj) : warning LNK4006: ERR_load_PKCS7_strings already defined in libcrypto.lib(libcrypto-1_1-x64.dll); second definition ignored
libcrypto_static.lib(drbg_lib.obj) : warning LNK4006: RAND_OpenSSL already defined in libcrypto.lib(libcrypto-1_1-x64.dll); second definition ignored
libcrypto_static.lib(drbg_lib.obj) : warning LNK4006: RAND_DRBG_new already defined in libcrypto.lib(libcrypto-1_1-x64.dll); second definition ignored
libcrypto_static.lib(drbg_lib.obj) : warning LNK4006: RAND_DRBG_secure_new already defined in libcrypto.lib(libcrypto-1_1-x64.dll); second definition ignored
libcrypto_static.lib(drbg_lib.obj) : warning LNK4006: RAND_DRBG_set already defined in libcrypto.lib(libcrypto-1_1-x64.dll); second definition ignored
libcrypto_static.lib(drbg_lib.obj) : warning LNK4006: RAND_DRBG_set_defaults already defined in libcrypto.lib(libcrypto-1_1-x64.dll); second definition ignored
libcrypto_static.lib(drbg_lib.obj) : warning LNK4006: RAND_DRBG_instantiate already defined in libcrypto.lib(libcrypto-1_1-x64.dll); second definition ignored
libcrypto_static.lib(drbg_lib.obj) : warning LNK4006: RAND_DRBG_uninstantiate already defined in libcrypto.lib(libcrypto-1_1-x64.dll); second definition ignored
libcrypto_static.lib(drbg_lib.obj) : warning LNK4006: RAND_DRBG_free already defined in libcrypto.lib(libcrypto-1_1-x64.dll); second definition ignored
libcrypto_static.lib(drbg_lib.obj) : warning LNK4006: RAND_DRBG_reseed already defined in libcrypto.lib(libcrypto-1_1-x64.dll); second definition ignored
libcrypto_static.lib(drbg_lib.obj) : warning LNK4006: RAND_DRBG_generate already defined in libcrypto.lib(libcrypto-1_1-x64.dll); second definition ignored
libcrypto_static.lib(drbg_lib.obj) : warning LNK4006: RAND_DRBG_bytes already defined in libcrypto.lib(libcrypto-1_1-x64.dll); second definition ignored
libcrypto_static.lib(drbg_lib.obj) : warning LNK4006: RAND_DRBG_set_reseed_interval already defined in libcrypto.lib(libcrypto-1_1-x64.dll); second definition ignored
libcrypto_static.lib(drbg_lib.obj) : warning LNK4006: RAND_DRBG_set_reseed_time_interval already defined in libcrypto.lib(libcrypto-1_1-x64.dll); second definition ignored
libcrypto_static.lib(drbg_lib.obj) : warning LNK4006: RAND_DRBG_set_reseed_defaults already defined in libcrypto.lib(libcrypto-1_1-x64.dll); second definition ignored
libcrypto_static.lib(drbg_lib.obj) : warning LNK4006: RAND_DRBG_get0_master already defined in libcrypto.lib(libcrypto-1_1-x64.dll); second definition ignored
libcrypto_static.lib(drbg_lib.obj) : warning LNK4006: RAND_DRBG_get0_public already defined in libcrypto.lib(libcrypto-1_1-x64.dll); second definition ignored
libcrypto_static.lib(drbg_lib.obj) : warning LNK4006: RAND_DRBG_get0_private already defined in libcrypto.lib(libcrypto-1_1-x64.dll); second definition ignored
libcrypto_static.lib(drbg_lib.obj) : warning LNK4006: RAND_DRBG_set_ex_data already defined in libcrypto.lib(libcrypto-1_1-x64.dll); second definition ignored
libcrypto_static.lib(drbg_lib.obj) : warning LNK4006: RAND_DRBG_get_ex_data already defined in libcrypto.lib(libcrypto-1_1-x64.dll); second definition ignored
libcrypto_static.lib(drbg_lib.obj) : warning LNK4006: RAND_DRBG_set_callbacks already defined in libcrypto.lib(libcrypto-1_1-x64.dll); second definition ignored
libcrypto_static.lib(rand_err.obj) : warning LNK4006: ERR_load_RAND_strings already defined in libcrypto.lib(libcrypto-1_1-x64.dll); second definition ignored
libcrypto_static.lib(rand_lib.obj) : warning LNK4006: RAND_set_rand_method already defined in libcrypto.lib(libcrypto-1_1-x64.dll); second definition ignored
libcrypto_static.lib(rand_lib.obj) : warning LNK4006: RAND_get_rand_method already defined in libcrypto.lib(libcrypto-1_1-x64.dll); second definition ignored
libcrypto_static.lib(rand_lib.obj) : warning LNK4006: RAND_set_rand_engine already defined in libcrypto.lib(libcrypto-1_1-x64.dll); second definition ignored
libcrypto_static.lib(rand_lib.obj) : warning LNK4006: RAND_bytes already defined in libcrypto.lib(libcrypto-1_1-x64.dll); second definition ignored
libcrypto_static.lib(rand_lib.obj) : warning LNK4006: RAND_priv_bytes already defined in libcrypto.lib(libcrypto-1_1-x64.dll); second definition ignored
libcrypto_static.lib(rand_lib.obj) : warning LNK4006: RAND_pseudo_bytes already defined in libcrypto.lib(libcrypto-1_1-x64.dll); second definition ignored
libcrypto_static.lib(rand_lib.obj) : warning LNK4006: RAND_seed already defined in libcrypto.lib(libcrypto-1_1-x64.dll); second definition ignored
libcrypto_static.lib(rand_lib.obj) : warning LNK4006: RAND_keep_random_devices_open already defined in libcrypto.lib(libcrypto-1_1-x64.dll); second definition ignored
libcrypto_static.lib(rand_lib.obj) : warning LNK4006: RAND_add already defined in libcrypto.lib(libcrypto-1_1-x64.dll); second definition ignored
libcrypto_static.lib(rand_lib.obj) : warning LNK4006: RAND_status already defined in libcrypto.lib(libcrypto-1_1-x64.dll); second definition ignored
libcrypto_static.lib(rand_lib.obj) : warning LNK4006: RAND_poll already defined in libcrypto.lib(libcrypto-1_1-x64.dll); second definition ignored
libcrypto_static.lib(rand_win.obj) : warning LNK4006: RAND_event already defined in libcrypto.lib(libcrypto-1_1-x64.dll); second definition ignored
libcrypto_static.lib(rand_win.obj) : warning LNK4006: RAND_screen already defined in libcrypto.lib(libcrypto-1_1-x64.dll); second definition ignored
libcrypto_static.lib(randfile.obj) : warning LNK4006: RAND_load_file already defined in libcrypto.lib(libcrypto-1_1-x64.dll); second definition ignored
libcrypto_static.lib(randfile.obj) : warning LNK4006: RAND_write_file already defined in libcrypto.lib(libcrypto-1_1-x64.dll); second definition ignored
libcrypto_static.lib(randfile.obj) : warning LNK4006: RAND_file_name already defined in libcrypto.lib(libcrypto-1_1-x64.dll); second definition ignored
libcrypto_static.lib(rc2_cbc.obj) : warning LNK4006: RC2_encrypt already defined in libcrypto.lib(libcrypto-1_1-x64.dll); second definition ignored
libcrypto_static.lib(rc2_cbc.obj) : warning LNK4006: RC2_decrypt already defined in libcrypto.lib(libcrypto-1_1-x64.dll); second definition ignored
libcrypto_static.lib(rc2_cbc.obj) : warning LNK4006: RC2_cbc_encrypt already defined in libcrypto.lib(libcrypto-1_1-x64.dll); second definition ignored
libcrypto_static.lib(rc2_ecb.obj) : warning LNK4006: RC2_ecb_encrypt already defined in libcrypto.lib(libcrypto-1_1-x64.dll); second definition ignored
libcrypto_static.lib(rc2_skey.obj) : warning LNK4006: RC2_set_key already defined in libcrypto.lib(libcrypto-1_1-x64.dll); second definition ignored
libcrypto_static.lib(rc2cfb64.obj) : warning LNK4006: RC2_cfb64_encrypt already defined in libcrypto.lib(libcrypto-1_1-x64.dll); second definition ignored
libcrypto_static.lib(rc2ofb64.obj) : warning LNK4006: RC2_ofb64_encrypt already defined in libcrypto.lib(libcrypto-1_1-x64.dll); second definition ignored
libcrypto_static.lib(rc4-x86_64.obj) : warning LNK4006: RC4 already defined in libcrypto.lib(libcrypto-1_1-x64.dll); second definition ignored
libcrypto_static.lib(rc4-x86_64.obj) : warning LNK4006: RC4_set_key already defined in libcrypto.lib(libcrypto-1_1-x64.dll); second definition ignored
libcrypto_static.lib(rc4-x86_64.obj) : warning LNK4006: RC4_options already defined in libcrypto.lib(libcrypto-1_1-x64.dll); second definition ignored
libcrypto_static.lib(rmd_dgst.obj) : warning LNK4006: RIPEMD160_Init already defined in libcrypto.lib(libcrypto-1_1-x64.dll); second definition ignored
libcrypto_static.lib(rmd_dgst.obj) : warning LNK4006: RIPEMD160_Update already defined in libcrypto.lib(libcrypto-1_1-x64.dll); second definition ignored
libcrypto_static.lib(rmd_dgst.obj) : warning LNK4006: RIPEMD160_Final already defined in libcrypto.lib(libcrypto-1_1-x64.dll); second definition ignored
libcrypto_static.lib(rmd_dgst.obj) : warning LNK4006: RIPEMD160_Transform already defined in libcrypto.lib(libcrypto-1_1-x64.dll); second definition ignored
libcrypto_static.lib(rmd_one.obj) : warning LNK4006: RIPEMD160 already defined in libcrypto.lib(libcrypto-1_1-x64.dll); second definition ignored
libcrypto_static.lib(rsa_asn1.obj) : warning LNK4006: d2i_RSAPublicKey already defined in libcrypto.lib(libcrypto-1_1-x64.dll); second definition ignored
libcrypto_static.lib(rsa_asn1.obj) : warning LNK4006: i2d_RSAPublicKey already defined in libcrypto.lib(libcrypto-1_1-x64.dll); second definition ignored
libcrypto_static.lib(rsa_asn1.obj) : warning LNK4006: RSAPublicKey_it already defined in libcrypto.lib(libcrypto-1_1-x64.dll); second definition ignored
libcrypto_static.lib(rsa_asn1.obj) : warning LNK4006: d2i_RSAPrivateKey already defined in libcrypto.lib(libcrypto-1_1-x64.dll); second definition ignored
libcrypto_static.lib(rsa_asn1.obj) : warning LNK4006: i2d_RSAPrivateKey already defined in libcrypto.lib(libcrypto-1_1-x64.dll); second definition ignored
libcrypto_static.lib(rsa_asn1.obj) : warning LNK4006: RSAPrivateKey_it already defined in libcrypto.lib(libcrypto-1_1-x64.dll); second definition ignored
libcrypto_static.lib(rsa_asn1.obj) : warning LNK4006: RSA_PSS_PARAMS_new already defined in libcrypto.lib(libcrypto-1_1-x64.dll); second definition ignored
libcrypto_static.lib(rsa_asn1.obj) : warning LNK4006: RSA_PSS_PARAMS_free already defined in libcrypto.lib(libcrypto-1_1-x64.dll); second definition ignored
libcrypto_static.lib(rsa_asn1.obj) : warning LNK4006: d2i_RSA_PSS_PARAMS already defined in libcrypto.lib(libcrypto-1_1-x64.dll); second definition ignored
libcrypto_static.lib(rsa_asn1.obj) : warning LNK4006: i2d_RSA_PSS_PARAMS already defined in libcrypto.lib(libcrypto-1_1-x64.dll); second definition ignored
libcrypto_static.lib(rsa_asn1.obj) : warning LNK4006: RSA_PSS_PARAMS_it already defined in libcrypto.lib(libcrypto-1_1-x64.dll); second definition ignored
libcrypto_static.lib(rsa_asn1.obj) : warning LNK4006: RSA_OAEP_PARAMS_new already defined in libcrypto.lib(libcrypto-1_1-x64.dll); second definition ignored
libcrypto_static.lib(rsa_asn1.obj) : warning LNK4006: RSA_OAEP_PARAMS_free already defined in libcrypto.lib(libcrypto-1_1-x64.dll); second definition ignored
libcrypto_static.lib(rsa_asn1.obj) : warning LNK4006: d2i_RSA_OAEP_PARAMS already defined in libcrypto.lib(libcrypto-1_1-x64.dll); second definition ignored
libcrypto_static.lib(rsa_asn1.obj) : warning LNK4006: i2d_RSA_OAEP_PARAMS already defined in libcrypto.lib(libcrypto-1_1-x64.dll); second definition ignored
libcrypto_static.lib(rsa_asn1.obj) : warning LNK4006: RSA_OAEP_PARAMS_it already defined in libcrypto.lib(libcrypto-1_1-x64.dll); second definition ignored
libcrypto_static.lib(rsa_asn1.obj) : warning LNK4006: RSAPublicKey_dup already defined in libcrypto.lib(libcrypto-1_1-x64.dll); second definition ignored
libcrypto_static.lib(rsa_asn1.obj) : warning LNK4006: RSAPrivateKey_dup already defined in libcrypto.lib(libcrypto-1_1-x64.dll); second definition ignored
libcrypto_static.lib(rsa_chk.obj) : warning LNK4006: RSA_check_key already defined in libcrypto.lib(libcrypto-1_1-x64.dll); second definition ignored
libcrypto_static.lib(rsa_chk.obj) : warning LNK4006: RSA_check_key_ex already defined in libcrypto.lib(libcrypto-1_1-x64.dll); second definition ignored
libcrypto_static.lib(rsa_crpt.obj) : warning LNK4006: RSA_bits already defined in libcrypto.lib(libcrypto-1_1-x64.dll); second definition ignored
libcrypto_static.lib(rsa_crpt.obj) : warning LNK4006: RSA_size already defined in libcrypto.lib(libcrypto-1_1-x64.dll); second definition ignored
libcrypto_static.lib(rsa_crpt.obj) : warning LNK4006: RSA_public_encrypt already defined in libcrypto.lib(libcrypto-1_1-x64.dll); second definition ignored
libcrypto_static.lib(rsa_crpt.obj) : warning LNK4006: RSA_private_encrypt already defined in libcrypto.lib(libcrypto-1_1-x64.dll); second definition ignored
libcrypto_static.lib(rsa_crpt.obj) : warning LNK4006: RSA_public_decrypt already defined in libcrypto.lib(libcrypto-1_1-x64.dll); second definition ignored
libcrypto_static.lib(rsa_crpt.obj) : warning LNK4006: RSA_private_decrypt already defined in libcrypto.lib(libcrypto-1_1-x64.dll); second definition ignored
libcrypto_static.lib(rsa_crpt.obj) : warning LNK4006: RSA_flags already defined in libcrypto.lib(libcrypto-1_1-x64.dll); second definition ignored
libcrypto_static.lib(rsa_crpt.obj) : warning LNK4006: RSA_blinding_on already defined in libcrypto.lib(libcrypto-1_1-x64.dll); second definition ignored
libcrypto_static.lib(rsa_crpt.obj) : warning LNK4006: RSA_blinding_off already defined in libcrypto.lib(libcrypto-1_1-x64.dll); second definition ignored
libcrypto_static.lib(rsa_crpt.obj) : warning LNK4006: RSA_setup_blinding already defined in libcrypto.lib(libcrypto-1_1-x64.dll); second definition ignored
libcrypto_static.lib(rsa_depr.obj) : warning LNK4006: RSA_generate_key already defined in libcrypto.lib(libcrypto-1_1-x64.dll); second definition ignored
libcrypto_static.lib(rsa_err.obj) : warning LNK4006: ERR_load_RSA_strings already defined in libcrypto.lib(libcrypto-1_1-x64.dll); second definition ignored
libcrypto_static.lib(rsa_gen.obj) : warning LNK4006: RSA_generate_key_ex already defined in libcrypto.lib(libcrypto-1_1-x64.dll); second definition ignored
libcrypto_static.lib(rsa_gen.obj) : warning LNK4006: RSA_generate_multi_prime_key already defined in libcrypto.lib(libcrypto-1_1-x64.dll); second definition ignored
libcrypto_static.lib(rsa_lib.obj) : warning LNK4006: RSA_new already defined in libcrypto.lib(libcrypto-1_1-x64.dll); second definition ignored
libcrypto_static.lib(rsa_lib.obj) : warning LNK4006: RSA_new_method already defined in libcrypto.lib(libcrypto-1_1-x64.dll); second definition ignored
libcrypto_static.lib(rsa_lib.obj) : warning LNK4006: RSA_security_bits already defined in libcrypto.lib(libcrypto-1_1-x64.dll); second definition ignored
libcrypto_static.lib(rsa_lib.obj) : warning LNK4006: RSA_set0_key already defined in libcrypto.lib(libcrypto-1_1-x64.dll); second definition ignored
libcrypto_static.lib(rsa_lib.obj) : warning LNK4006: RSA_set0_factors already defined in libcrypto.lib(libcrypto-1_1-x64.dll); second definition ignored
libcrypto_static.lib(rsa_lib.obj) : warning LNK4006: RSA_set0_crt_params already defined in libcrypto.lib(libcrypto-1_1-x64.dll); second definition ignored
libcrypto_static.lib(rsa_lib.obj) : warning LNK4006: RSA_set0_multi_prime_params already defined in libcrypto.lib(libcrypto-1_1-x64.dll); second definition ignored
libcrypto_static.lib(rsa_lib.obj) : warning LNK4006: RSA_get0_key already defined in libcrypto.lib(libcrypto-1_1-x64.dll); second definition ignored
libcrypto_static.lib(rsa_lib.obj) : warning LNK4006: RSA_get0_factors already defined in libcrypto.lib(libcrypto-1_1-x64.dll); second definition ignored
libcrypto_static.lib(rsa_lib.obj) : warning LNK4006: RSA_get_multi_prime_extra_count already defined in libcrypto.lib(libcrypto-1_1-x64.dll); second definition ignored
libcrypto_static.lib(rsa_lib.obj) : warning LNK4006: RSA_get0_multi_prime_factors already defined in libcrypto.lib(libcrypto-1_1-x64.dll); second definition ignored
libcrypto_static.lib(rsa_lib.obj) : warning LNK4006: RSA_get0_crt_params already defined in libcrypto.lib(libcrypto-1_1-x64.dll); second definition ignored
libcrypto_static.lib(rsa_lib.obj) : warning LNK4006: RSA_get0_multi_prime_crt_params already defined in libcrypto.lib(libcrypto-1_1-x64.dll); second definition ignored
libcrypto_static.lib(rsa_lib.obj) : warning LNK4006: RSA_get0_n already defined in libcrypto.lib(libcrypto-1_1-x64.dll); second definition ignored
libcrypto_static.lib(rsa_lib.obj) : warning LNK4006: RSA_get0_e already defined in libcrypto.lib(libcrypto-1_1-x64.dll); second definition ignored
libcrypto_static.lib(rsa_lib.obj) : warning LNK4006: RSA_get0_d already defined in libcrypto.lib(libcrypto-1_1-x64.dll); second definition ignored
libcrypto_static.lib(rsa_lib.obj) : warning LNK4006: RSA_get0_p already defined in libcrypto.lib(libcrypto-1_1-x64.dll); second definition ignored
libcrypto_static.lib(rsa_lib.obj) : warning LNK4006: RSA_get0_q already defined in libcrypto.lib(libcrypto-1_1-x64.dll); second definition ignored
libcrypto_static.lib(rsa_lib.obj) : warning LNK4006: RSA_get0_dmp1 already defined in libcrypto.lib(libcrypto-1_1-x64.dll); second definition ignored
libcrypto_static.lib(rsa_lib.obj) : warning LNK4006: RSA_get0_dmq1 already defined in libcrypto.lib(libcrypto-1_1-x64.dll); second definition ignored
libcrypto_static.lib(rsa_lib.obj) : warning LNK4006: RSA_get0_iqmp already defined in libcrypto.lib(libcrypto-1_1-x64.dll); second definition ignored
libcrypto_static.lib(rsa_lib.obj) : warning LNK4006: RSA_clear_flags already defined in libcrypto.lib(libcrypto-1_1-x64.dll); second definition ignored
libcrypto_static.lib(rsa_lib.obj) : warning LNK4006: RSA_test_flags already defined in libcrypto.lib(libcrypto-1_1-x64.dll); second definition ignored
libcrypto_static.lib(rsa_lib.obj) : warning LNK4006: RSA_set_flags already defined in libcrypto.lib(libcrypto-1_1-x64.dll); second definition ignored
libcrypto_static.lib(rsa_lib.obj) : warning LNK4006: RSA_get_version already defined in libcrypto.lib(libcrypto-1_1-x64.dll); second definition ignored
libcrypto_static.lib(rsa_lib.obj) : warning LNK4006: RSA_get0_engine already defined in libcrypto.lib(libcrypto-1_1-x64.dll); second definition ignored
libcrypto_static.lib(rsa_lib.obj) : warning LNK4006: RSA_free already defined in libcrypto.lib(libcrypto-1_1-x64.dll); second definition ignored
libcrypto_static.lib(rsa_lib.obj) : warning LNK4006: RSA_up_ref already defined in libcrypto.lib(libcrypto-1_1-x64.dll); second definition ignored
libcrypto_static.lib(rsa_lib.obj) : warning LNK4006: RSA_get_method already defined in libcrypto.lib(libcrypto-1_1-x64.dll); second definition ignored
libcrypto_static.lib(rsa_lib.obj) : warning LNK4006: RSA_set_method already defined in libcrypto.lib(libcrypto-1_1-x64.dll); second definition ignored
libcrypto_static.lib(rsa_lib.obj) : warning LNK4006: RSA_pkey_ctx_ctrl already defined in libcrypto.lib(libcrypto-1_1-x64.dll); second definition ignored
libcrypto_static.lib(rsa_lib.obj) : warning LNK4006: RSA_set_ex_data already defined in libcrypto.lib(libcrypto-1_1-x64.dll); second definition ignored
libcrypto_static.lib(rsa_lib.obj) : warning LNK4006: RSA_get_ex_data already defined in libcrypto.lib(libcrypto-1_1-x64.dll); second definition ignored
libcrypto_static.lib(rsa_meth.obj) : warning LNK4006: RSA_meth_new already defined in libcrypto.lib(libcrypto-1_1-x64.dll); second definition ignored
libcrypto_static.lib(rsa_meth.obj) : warning LNK4006: RSA_meth_free already defined in libcrypto.lib(libcrypto-1_1-x64.dll); second definition ignored
libcrypto_static.lib(rsa_meth.obj) : warning LNK4006: RSA_meth_dup already defined in libcrypto.lib(libcrypto-1_1-x64.dll); second definition ignored
libcrypto_static.lib(rsa_meth.obj) : warning LNK4006: RSA_meth_get0_name already defined in libcrypto.lib(libcrypto-1_1-x64.dll); second definition ignored
libcrypto_static.lib(rsa_meth.obj) : warning LNK4006: RSA_meth_set1_name already defined in libcrypto.lib(libcrypto-1_1-x64.dll); second definition ignored
libcrypto_static.lib(rsa_meth.obj) : warning LNK4006: RSA_meth_get_flags already defined in libcrypto.lib(libcrypto-1_1-x64.dll); second definition ignored
libcrypto_static.lib(rsa_meth.obj) : warning LNK4006: RSA_meth_set_flags already defined in libcrypto.lib(libcrypto-1_1-x64.dll); second definition ignored
libcrypto_static.lib(rsa_meth.obj) : warning LNK4006: RSA_meth_get0_app_data already defined in libcrypto.lib(libcrypto-1_1-x64.dll); second definition ignored
libcrypto_static.lib(rsa_meth.obj) : warning LNK4006: RSA_meth_set0_app_data already defined in libcrypto.lib(libcrypto-1_1-x64.dll); second definition ignored
libcrypto_static.lib(rsa_meth.obj) : warning LNK4006: RSA_meth_get_pub_enc already defined in libcrypto.lib(libcrypto-1_1-x64.dll); second definition ignored
libcrypto_static.lib(rsa_meth.obj) : warning LNK4006: RSA_meth_set_pub_enc already defined in libcrypto.lib(libcrypto-1_1-x64.dll); second definition ignored
libcrypto_static.lib(rsa_meth.obj) : warning LNK4006: RSA_meth_get_pub_dec already defined in libcrypto.lib(libcrypto-1_1-x64.dll); second definition ignored
libcrypto_static.lib(rsa_meth.obj) : warning LNK4006: RSA_meth_set_pub_dec already defined in libcrypto.lib(libcrypto-1_1-x64.dll); second definition ignored
libcrypto_static.lib(rsa_meth.obj) : warning LNK4006: RSA_meth_get_priv_enc already defined in libcrypto.lib(libcrypto-1_1-x64.dll); second definition ignored
libcrypto_static.lib(rsa_meth.obj) : warning LNK4006: RSA_meth_set_priv_enc already defined in libcrypto.lib(libcrypto-1_1-x64.dll); second definition ignored
libcrypto_static.lib(rsa_meth.obj) : warning LNK4006: RSA_meth_get_priv_dec already defined in libcrypto.lib(libcrypto-1_1-x64.dll); second definition ignored
libcrypto_static.lib(rsa_meth.obj) : warning LNK4006: RSA_meth_set_priv_dec already defined in libcrypto.lib(libcrypto-1_1-x64.dll); second definition ignored
libcrypto_static.lib(rsa_meth.obj) : warning LNK4006: RSA_meth_get_mod_exp already defined in libcrypto.lib(libcrypto-1_1-x64.dll); second definition ignored
libcrypto_static.lib(rsa_meth.obj) : warning LNK4006: RSA_meth_set_mod_exp already defined in libcrypto.lib(libcrypto-1_1-x64.dll); second definition ignored
libcrypto_static.lib(rsa_meth.obj) : warning LNK4006: RSA_meth_get_bn_mod_exp already defined in libcrypto.lib(libcrypto-1_1-x64.dll); second definition ignored
libcrypto_static.lib(rsa_meth.obj) : warning LNK4006: RSA_meth_set_bn_mod_exp already defined in libcrypto.lib(libcrypto-1_1-x64.dll); second definition ignored
libcrypto_static.lib(rsa_meth.obj) : warning LNK4006: RSA_meth_get_init already defined in libcrypto.lib(libcrypto-1_1-x64.dll); second definition ignored
libcrypto_static.lib(rsa_meth.obj) : warning LNK4006: RSA_meth_set_init already defined in libcrypto.lib(libcrypto-1_1-x64.dll); second definition ignored
libcrypto_static.lib(rsa_meth.obj) : warning LNK4006: RSA_meth_get_finish already defined in libcrypto.lib(libcrypto-1_1-x64.dll); second definition ignored
libcrypto_static.lib(rsa_meth.obj) : warning LNK4006: RSA_meth_set_finish already defined in libcrypto.lib(libcrypto-1_1-x64.dll); second definition ignored
libcrypto_static.lib(rsa_meth.obj) : warning LNK4006: RSA_meth_get_sign already defined in libcrypto.lib(libcrypto-1_1-x64.dll); second definition ignored
libcrypto_static.lib(rsa_meth.obj) : warning LNK4006: RSA_meth_set_sign already defined in libcrypto.lib(libcrypto-1_1-x64.dll); second definition ignored
libcrypto_static.lib(rsa_meth.obj) : warning LNK4006: RSA_meth_get_verify already defined in libcrypto.lib(libcrypto-1_1-x64.dll); second definition ignored
libcrypto_static.lib(rsa_meth.obj) : warning LNK4006: RSA_meth_set_verify already defined in libcrypto.lib(libcrypto-1_1-x64.dll); second definition ignored
libcrypto_static.lib(rsa_meth.obj) : warning LNK4006: RSA_meth_get_keygen already defined in libcrypto.lib(libcrypto-1_1-x64.dll); second definition ignored
libcrypto_static.lib(rsa_meth.obj) : warning LNK4006: RSA_meth_set_keygen already defined in libcrypto.lib(libcrypto-1_1-x64.dll); second definition ignored
libcrypto_static.lib(rsa_meth.obj) : warning LNK4006: RSA_meth_get_multi_prime_keygen already defined in libcrypto.lib(libcrypto-1_1-x64.dll); second definition ignored
libcrypto_static.lib(rsa_meth.obj) : warning LNK4006: RSA_meth_set_multi_prime_keygen already defined in libcrypto.lib(libcrypto-1_1-x64.dll); second definition ignored
libcrypto_static.lib(rsa_none.obj) : warning LNK4006: RSA_padding_add_none already defined in libcrypto.lib(libcrypto-1_1-x64.dll); second definition ignored
libcrypto_static.lib(rsa_none.obj) : warning LNK4006: RSA_padding_check_none already defined in libcrypto.lib(libcrypto-1_1-x64.dll); second definition ignored
libcrypto_static.lib(rsa_oaep.obj) : warning LNK4006: PKCS1_MGF1 already defined in libcrypto.lib(libcrypto-1_1-x64.dll); second definition ignored
libcrypto_static.lib(rsa_oaep.obj) : warning LNK4006: RSA_padding_add_PKCS1_OAEP already defined in libcrypto.lib(libcrypto-1_1-x64.dll); second definition ignored
libcrypto_static.lib(rsa_oaep.obj) : warning LNK4006: RSA_padding_check_PKCS1_OAEP already defined in libcrypto.lib(libcrypto-1_1-x64.dll); second definition ignored
libcrypto_static.lib(rsa_oaep.obj) : warning LNK4006: RSA_padding_add_PKCS1_OAEP_mgf1 already defined in libcrypto.lib(libcrypto-1_1-x64.dll); second definition ignored
libcrypto_static.lib(rsa_oaep.obj) : warning LNK4006: RSA_padding_check_PKCS1_OAEP_mgf1 already defined in libcrypto.lib(libcrypto-1_1-x64.dll); second definition ignored
libcrypto_static.lib(rsa_ossl.obj) : warning LNK4006: RSA_set_default_method already defined in libcrypto.lib(libcrypto-1_1-x64.dll); second definition ignored
libcrypto_static.lib(rsa_ossl.obj) : warning LNK4006: RSA_get_default_method already defined in libcrypto.lib(libcrypto-1_1-x64.dll); second definition ignored
libcrypto_static.lib(rsa_ossl.obj) : warning LNK4006: RSA_null_method already defined in libcrypto.lib(libcrypto-1_1-x64.dll); second definition ignored
libcrypto_static.lib(rsa_ossl.obj) : warning LNK4006: RSA_PKCS1_OpenSSL already defined in libcrypto.lib(libcrypto-1_1-x64.dll); second definition ignored
libcrypto_static.lib(rsa_pk1.obj) : warning LNK4006: RSA_padding_add_PKCS1_type_1 already defined in libcrypto.lib(libcrypto-1_1-x64.dll); second definition ignored
libcrypto_static.lib(rsa_pk1.obj) : warning LNK4006: RSA_padding_check_PKCS1_type_1 already defined in libcrypto.lib(libcrypto-1_1-x64.dll); second definition ignored
libcrypto_static.lib(rsa_pk1.obj) : warning LNK4006: RSA_padding_add_PKCS1_type_2 already defined in libcrypto.lib(libcrypto-1_1-x64.dll); second definition ignored
libcrypto_static.lib(rsa_pk1.obj) : warning LNK4006: RSA_padding_check_PKCS1_type_2 already defined in libcrypto.lib(libcrypto-1_1-x64.dll); second definition ignored
libcrypto_static.lib(rsa_prn.obj) : warning LNK4006: RSA_print_fp already defined in libcrypto.lib(libcrypto-1_1-x64.dll); second definition ignored
libcrypto_static.lib(rsa_prn.obj) : warning LNK4006: RSA_print already defined in libcrypto.lib(libcrypto-1_1-x64.dll); second definition ignored
libcrypto_static.lib(rsa_pss.obj) : warning LNK4006: RSA_verify_PKCS1_PSS already defined in libcrypto.lib(libcrypto-1_1-x64.dll); second definition ignored
libcrypto_static.lib(rsa_pss.obj) : warning LNK4006: RSA_padding_add_PKCS1_PSS already defined in libcrypto.lib(libcrypto-1_1-x64.dll); second definition ignored
libcrypto_static.lib(rsa_pss.obj) : warning LNK4006: RSA_verify_PKCS1_PSS_mgf1 already defined in libcrypto.lib(libcrypto-1_1-x64.dll); second definition ignored
libcrypto_static.lib(rsa_pss.obj) : warning LNK4006: RSA_padding_add_PKCS1_PSS_mgf1 already defined in libcrypto.lib(libcrypto-1_1-x64.dll); second definition ignored
libcrypto_static.lib(rsa_saos.obj) : warning LNK4006: RSA_sign_ASN1_OCTET_STRING already defined in libcrypto.lib(libcrypto-1_1-x64.dll); second definition ignored
libcrypto_static.lib(rsa_saos.obj) : warning LNK4006: RSA_verify_ASN1_OCTET_STRING already defined in libcrypto.lib(libcrypto-1_1-x64.dll); second definition ignored
libcrypto_static.lib(rsa_sign.obj) : warning LNK4006: RSA_sign already defined in libcrypto.lib(libcrypto-1_1-x64.dll); second definition ignored
libcrypto_static.lib(rsa_sign.obj) : warning LNK4006: RSA_verify already defined in libcrypto.lib(libcrypto-1_1-x64.dll); second definition ignored
libcrypto_static.lib(rsa_ssl.obj) : warning LNK4006: RSA_padding_add_SSLv23 already defined in libcrypto.lib(libcrypto-1_1-x64.dll); second definition ignored
libcrypto_static.lib(rsa_ssl.obj) : warning LNK4006: RSA_padding_check_SSLv23 already defined in libcrypto.lib(libcrypto-1_1-x64.dll); second definition ignored
libcrypto_static.lib(rsa_x931.obj) : warning LNK4006: RSA_padding_add_X931 already defined in libcrypto.lib(libcrypto-1_1-x64.dll); second definition ignored
libcrypto_static.lib(rsa_x931.obj) : warning LNK4006: RSA_padding_check_X931 already defined in libcrypto.lib(libcrypto-1_1-x64.dll); second definition ignored
libcrypto_static.lib(rsa_x931.obj) : warning LNK4006: RSA_X931_hash_id already defined in libcrypto.lib(libcrypto-1_1-x64.dll); second definition ignored
libcrypto_static.lib(rsa_x931g.obj) : warning LNK4006: RSA_X931_derive_ex already defined in libcrypto.lib(libcrypto-1_1-x64.dll); second definition ignored
libcrypto_static.lib(rsa_x931g.obj) : warning LNK4006: RSA_X931_generate_key_ex already defined in libcrypto.lib(libcrypto-1_1-x64.dll); second definition ignored
libcrypto_static.lib(seed.obj) : warning LNK4006: SEED_set_key already defined in libcrypto.lib(libcrypto-1_1-x64.dll); second definition ignored
libcrypto_static.lib(seed.obj) : warning LNK4006: SEED_encrypt already defined in libcrypto.lib(libcrypto-1_1-x64.dll); second definition ignored
libcrypto_static.lib(seed.obj) : warning LNK4006: SEED_decrypt already defined in libcrypto.lib(libcrypto-1_1-x64.dll); second definition ignored
libcrypto_static.lib(seed_cbc.obj) : warning LNK4006: SEED_cbc_encrypt already defined in libcrypto.lib(libcrypto-1_1-x64.dll); second definition ignored
libcrypto_static.lib(seed_cfb.obj) : warning LNK4006: SEED_cfb128_encrypt already defined in libcrypto.lib(libcrypto-1_1-x64.dll); second definition ignored
libcrypto_static.lib(seed_ecb.obj) : warning LNK4006: SEED_ecb_encrypt already defined in libcrypto.lib(libcrypto-1_1-x64.dll); second definition ignored
libcrypto_static.lib(seed_ofb.obj) : warning LNK4006: SEED_ofb128_encrypt already defined in libcrypto.lib(libcrypto-1_1-x64.dll); second definition ignored
libcrypto_static.lib(sha1_one.obj) : warning LNK4006: SHA1 already defined in libcrypto.lib(libcrypto-1_1-x64.dll); second definition ignored
libcrypto_static.lib(sha1dgst.obj) : warning LNK4006: SHA1_Init already defined in libcrypto.lib(libcrypto-1_1-x64.dll); second definition ignored
libcrypto_static.lib(sha1dgst.obj) : warning LNK4006: SHA1_Update already defined in libcrypto.lib(libcrypto-1_1-x64.dll); second definition ignored
libcrypto_static.lib(sha1dgst.obj) : warning LNK4006: SHA1_Final already defined in libcrypto.lib(libcrypto-1_1-x64.dll); second definition ignored
libcrypto_static.lib(sha1dgst.obj) : warning LNK4006: SHA1_Transform already defined in libcrypto.lib(libcrypto-1_1-x64.dll); second definition ignored
libcrypto_static.lib(sha256.obj) : warning LNK4006: SHA224_Init already defined in libcrypto.lib(libcrypto-1_1-x64.dll); second definition ignored
libcrypto_static.lib(sha256.obj) : warning LNK4006: SHA224_Update already defined in libcrypto.lib(libcrypto-1_1-x64.dll); second definition ignored
libcrypto_static.lib(sha256.obj) : warning LNK4006: SHA224_Final already defined in libcrypto.lib(libcrypto-1_1-x64.dll); second definition ignored
libcrypto_static.lib(sha256.obj) : warning LNK4006: SHA224 already defined in libcrypto.lib(libcrypto-1_1-x64.dll); second definition ignored
libcrypto_static.lib(sha256.obj) : warning LNK4006: SHA256_Init already defined in libcrypto.lib(libcrypto-1_1-x64.dll); second definition ignored
libcrypto_static.lib(sha256.obj) : warning LNK4006: SHA256_Update already defined in libcrypto.lib(libcrypto-1_1-x64.dll); second definition ignored
libcrypto_static.lib(sha256.obj) : warning LNK4006: SHA256_Final already defined in libcrypto.lib(libcrypto-1_1-x64.dll); second definition ignored
libcrypto_static.lib(sha256.obj) : warning LNK4006: SHA256 already defined in libcrypto.lib(libcrypto-1_1-x64.dll); second definition ignored
libcrypto_static.lib(sha256.obj) : warning LNK4006: SHA256_Transform already defined in libcrypto.lib(libcrypto-1_1-x64.dll); second definition ignored
libcrypto_static.lib(sha512.obj) : warning LNK4006: SHA384_Init already defined in libcrypto.lib(libcrypto-1_1-x64.dll); second definition ignored
libcrypto_static.lib(sha512.obj) : warning LNK4006: SHA384_Update already defined in libcrypto.lib(libcrypto-1_1-x64.dll); second definition ignored
libcrypto_static.lib(sha512.obj) : warning LNK4006: SHA384_Final already defined in libcrypto.lib(libcrypto-1_1-x64.dll); second definition ignored
libcrypto_static.lib(sha512.obj) : warning LNK4006: SHA384 already defined in libcrypto.lib(libcrypto-1_1-x64.dll); second definition ignored
libcrypto_static.lib(sha512.obj) : warning LNK4006: SHA512_Init already defined in libcrypto.lib(libcrypto-1_1-x64.dll); second definition ignored
libcrypto_static.lib(sha512.obj) : warning LNK4006: SHA512_Update already defined in libcrypto.lib(libcrypto-1_1-x64.dll); second definition ignored
libcrypto_static.lib(sha512.obj) : warning LNK4006: SHA512_Final already defined in libcrypto.lib(libcrypto-1_1-x64.dll); second definition ignored
libcrypto_static.lib(sha512.obj) : warning LNK4006: SHA512 already defined in libcrypto.lib(libcrypto-1_1-x64.dll); second definition ignored
libcrypto_static.lib(sha512.obj) : warning LNK4006: SHA512_Transform already defined in libcrypto.lib(libcrypto-1_1-x64.dll); second definition ignored
libcrypto_static.lib(m_sm3.obj) : warning LNK4006: EVP_sm3 already defined in libcrypto.lib(libcrypto-1_1-x64.dll); second definition ignored
libcrypto_static.lib(srp_lib.obj) : warning LNK4006: SRP_check_known_gN_param already defined in libcrypto.lib(libcrypto-1_1-x64.dll); second definition ignored
libcrypto_static.lib(srp_lib.obj) : warning LNK4006: SRP_get_default_gN already defined in libcrypto.lib(libcrypto-1_1-x64.dll); second definition ignored
libcrypto_static.lib(srp_lib.obj) : warning LNK4006: SRP_Calc_server_key already defined in libcrypto.lib(libcrypto-1_1-x64.dll); second definition ignored
libcrypto_static.lib(srp_lib.obj) : warning LNK4006: SRP_Calc_B already defined in libcrypto.lib(libcrypto-1_1-x64.dll); second definition ignored
libcrypto_static.lib(srp_lib.obj) : warning LNK4006: SRP_Verify_A_mod_N already defined in libcrypto.lib(libcrypto-1_1-x64.dll); second definition ignored
libcrypto_static.lib(srp_lib.obj) : warning LNK4006: SRP_Calc_u already defined in libcrypto.lib(libcrypto-1_1-x64.dll); second definition ignored
libcrypto_static.lib(srp_lib.obj) : warning LNK4006: SRP_Calc_x already defined in libcrypto.lib(libcrypto-1_1-x64.dll); second definition ignored
libcrypto_static.lib(srp_lib.obj) : warning LNK4006: SRP_Calc_A already defined in libcrypto.lib(libcrypto-1_1-x64.dll); second definition ignored
libcrypto_static.lib(srp_lib.obj) : warning LNK4006: SRP_Calc_client_key already defined in libcrypto.lib(libcrypto-1_1-x64.dll); second definition ignored
libcrypto_static.lib(srp_lib.obj) : warning LNK4006: SRP_Verify_B_mod_N already defined in libcrypto.lib(libcrypto-1_1-x64.dll); second definition ignored
libcrypto_static.lib(srp_vfy.obj) : warning LNK4006: SRP_user_pwd_free already defined in libcrypto.lib(libcrypto-1_1-x64.dll); second definition ignored
libcrypto_static.lib(srp_vfy.obj) : warning LNK4006: SRP_VBASE_new already defined in libcrypto.lib(libcrypto-1_1-x64.dll); second definition ignored
libcrypto_static.lib(srp_vfy.obj) : warning LNK4006: SRP_VBASE_free already defined in libcrypto.lib(libcrypto-1_1-x64.dll); second definition ignored
libcrypto_static.lib(srp_vfy.obj) : warning LNK4006: SRP_VBASE_init already defined in libcrypto.lib(libcrypto-1_1-x64.dll); second definition ignored
libcrypto_static.lib(srp_vfy.obj) : warning LNK4006: SRP_VBASE_get_by_user already defined in libcrypto.lib(libcrypto-1_1-x64.dll); second definition ignored
libcrypto_static.lib(srp_vfy.obj) : warning LNK4006: SRP_VBASE_get1_by_user already defined in libcrypto.lib(libcrypto-1_1-x64.dll); second definition ignored
libcrypto_static.lib(srp_vfy.obj) : warning LNK4006: SRP_create_verifier already defined in libcrypto.lib(libcrypto-1_1-x64.dll); second definition ignored
libcrypto_static.lib(srp_vfy.obj) : warning LNK4006: SRP_create_verifier_BN already defined in libcrypto.lib(libcrypto-1_1-x64.dll); second definition ignored
libcrypto_static.lib(stack.obj) : warning LNK4006: OPENSSL_sk_num already defined in libcrypto.lib(libcrypto-1_1-x64.dll); second definition ignored
libcrypto_static.lib(stack.obj) : warning LNK4006: OPENSSL_sk_value already defined in libcrypto.lib(libcrypto-1_1-x64.dll); second definition ignored
libcrypto_static.lib(stack.obj) : warning LNK4006: OPENSSL_sk_set already defined in libcrypto.lib(libcrypto-1_1-x64.dll); second definition ignored
libcrypto_static.lib(stack.obj) : warning LNK4006: OPENSSL_sk_new already defined in libcrypto.lib(libcrypto-1_1-x64.dll); second definition ignored
libcrypto_static.lib(stack.obj) : warning LNK4006: OPENSSL_sk_new_null already defined in libcrypto.lib(libcrypto-1_1-x64.dll); second definition ignored
libcrypto_static.lib(stack.obj) : warning LNK4006: OPENSSL_sk_new_reserve already defined in libcrypto.lib(libcrypto-1_1-x64.dll); second definition ignored
libcrypto_static.lib(stack.obj) : warning LNK4006: OPENSSL_sk_reserve already defined in libcrypto.lib(libcrypto-1_1-x64.dll); second definition ignored
libcrypto_static.lib(stack.obj) : warning LNK4006: OPENSSL_sk_free already defined in libcrypto.lib(libcrypto-1_1-x64.dll); second definition ignored
libcrypto_static.lib(stack.obj) : warning LNK4006: OPENSSL_sk_pop_free already defined in libcrypto.lib(libcrypto-1_1-x64.dll); second definition ignored
libcrypto_static.lib(stack.obj) : warning LNK4006: OPENSSL_sk_deep_copy already defined in libcrypto.lib(libcrypto-1_1-x64.dll); second definition ignored
libcrypto_static.lib(stack.obj) : warning LNK4006: OPENSSL_sk_insert already defined in libcrypto.lib(libcrypto-1_1-x64.dll); second definition ignored
libcrypto_static.lib(stack.obj) : warning LNK4006: OPENSSL_sk_delete already defined in libcrypto.lib(libcrypto-1_1-x64.dll); second definition ignored
libcrypto_static.lib(stack.obj) : warning LNK4006: OPENSSL_sk_delete_ptr already defined in libcrypto.lib(libcrypto-1_1-x64.dll); second definition ignored
libcrypto_static.lib(stack.obj) : warning LNK4006: OPENSSL_sk_find already defined in libcrypto.lib(libcrypto-1_1-x64.dll); second definition ignored
libcrypto_static.lib(stack.obj) : warning LNK4006: OPENSSL_sk_find_ex already defined in libcrypto.lib(libcrypto-1_1-x64.dll); second definition ignored
libcrypto_static.lib(stack.obj) : warning LNK4006: OPENSSL_sk_push already defined in libcrypto.lib(libcrypto-1_1-x64.dll); second definition ignored
libcrypto_static.lib(stack.obj) : warning LNK4006: OPENSSL_sk_unshift already defined in libcrypto.lib(libcrypto-1_1-x64.dll); second definition ignored
libcrypto_static.lib(stack.obj) : warning LNK4006: OPENSSL_sk_shift already defined in libcrypto.lib(libcrypto-1_1-x64.dll); second definition ignored
libcrypto_static.lib(stack.obj) : warning LNK4006: OPENSSL_sk_pop already defined in libcrypto.lib(libcrypto-1_1-x64.dll); second definition ignored
libcrypto_static.lib(stack.obj) : warning LNK4006: OPENSSL_sk_zero already defined in libcrypto.lib(libcrypto-1_1-x64.dll); second definition ignored
libcrypto_static.lib(stack.obj) : warning LNK4006: OPENSSL_sk_set_cmp_func already defined in libcrypto.lib(libcrypto-1_1-x64.dll); second definition ignored
libcrypto_static.lib(stack.obj) : warning LNK4006: OPENSSL_sk_dup already defined in libcrypto.lib(libcrypto-1_1-x64.dll); second definition ignored
libcrypto_static.lib(stack.obj) : warning LNK4006: OPENSSL_sk_sort already defined in libcrypto.lib(libcrypto-1_1-x64.dll); second definition ignored
libcrypto_static.lib(stack.obj) : warning LNK4006: OPENSSL_sk_is_sorted already defined in libcrypto.lib(libcrypto-1_1-x64.dll); second definition ignored
libcrypto_static.lib(store_err.obj) : warning LNK4006: ERR_load_OSSL_STORE_strings already defined in libcrypto.lib(libcrypto-1_1-x64.dll); second definition ignored
libcrypto_static.lib(store_lib.obj) : warning LNK4006: OSSL_STORE_open already defined in libcrypto.lib(libcrypto-1_1-x64.dll); second definition ignored
libcrypto_static.lib(store_lib.obj) : warning LNK4006: OSSL_STORE_ctrl already defined in libcrypto.lib(libcrypto-1_1-x64.dll); second definition ignored
libcrypto_static.lib(store_lib.obj) : warning LNK4006: OSSL_STORE_vctrl already defined in libcrypto.lib(libcrypto-1_1-x64.dll); second definition ignored
libcrypto_static.lib(store_lib.obj) : warning LNK4006: OSSL_STORE_load already defined in libcrypto.lib(libcrypto-1_1-x64.dll); second definition ignored
libcrypto_static.lib(store_lib.obj) : warning LNK4006: OSSL_STORE_eof already defined in libcrypto.lib(libcrypto-1_1-x64.dll); second definition ignored
libcrypto_static.lib(store_lib.obj) : warning LNK4006: OSSL_STORE_error already defined in libcrypto.lib(libcrypto-1_1-x64.dll); second definition ignored
libcrypto_static.lib(store_lib.obj) : warning LNK4006: OSSL_STORE_close already defined in libcrypto.lib(libcrypto-1_1-x64.dll); second definition ignored
libcrypto_static.lib(store_lib.obj) : warning LNK4006: OSSL_STORE_INFO_new_NAME already defined in libcrypto.lib(libcrypto-1_1-x64.dll); second definition ignored
libcrypto_static.lib(store_lib.obj) : warning LNK4006: OSSL_STORE_INFO_set0_NAME_description already defined in libcrypto.lib(libcrypto-1_1-x64.dll); second definition ignored
libcrypto_static.lib(store_lib.obj) : warning LNK4006: OSSL_STORE_INFO_new_PARAMS already defined in libcrypto.lib(libcrypto-1_1-x64.dll); second definition ignored
libcrypto_static.lib(store_lib.obj) : warning LNK4006: OSSL_STORE_INFO_new_PKEY already defined in libcrypto.lib(libcrypto-1_1-x64.dll); second definition ignored
libcrypto_static.lib(store_lib.obj) : warning LNK4006: OSSL_STORE_INFO_new_CERT already defined in libcrypto.lib(libcrypto-1_1-x64.dll); second definition ignored
libcrypto_static.lib(store_lib.obj) : warning LNK4006: OSSL_STORE_INFO_new_CRL already defined in libcrypto.lib(libcrypto-1_1-x64.dll); second definition ignored
libcrypto_static.lib(store_lib.obj) : warning LNK4006: OSSL_STORE_INFO_get_type already defined in libcrypto.lib(libcrypto-1_1-x64.dll); second definition ignored
libcrypto_static.lib(store_lib.obj) : warning LNK4006: OSSL_STORE_INFO_get0_NAME already defined in libcrypto.lib(libcrypto-1_1-x64.dll); second definition ignored
libcrypto_static.lib(store_lib.obj) : warning LNK4006: OSSL_STORE_INFO_get1_NAME already defined in libcrypto.lib(libcrypto-1_1-x64.dll); second definition ignored
libcrypto_static.lib(store_lib.obj) : warning LNK4006: OSSL_STORE_INFO_get0_NAME_description already defined in libcrypto.lib(libcrypto-1_1-x64.dll); second definition ignored
libcrypto_static.lib(store_lib.obj) : warning LNK4006: OSSL_STORE_INFO_get1_NAME_description already defined in libcrypto.lib(libcrypto-1_1-x64.dll); second definition ignored
libcrypto_static.lib(store_lib.obj) : warning LNK4006: OSSL_STORE_INFO_get0_PARAMS already defined in libcrypto.lib(libcrypto-1_1-x64.dll); second definition ignored
libcrypto_static.lib(store_lib.obj) : warning LNK4006: OSSL_STORE_INFO_get1_PARAMS already defined in libcrypto.lib(libcrypto-1_1-x64.dll); second definition ignored
libcrypto_static.lib(store_lib.obj) : warning LNK4006: OSSL_STORE_INFO_get0_PKEY already defined in libcrypto.lib(libcrypto-1_1-x64.dll); second definition ignored
libcrypto_static.lib(store_lib.obj) : warning LNK4006: OSSL_STORE_INFO_get1_PKEY already defined in libcrypto.lib(libcrypto-1_1-x64.dll); second definition ignored
libcrypto_static.lib(store_lib.obj) : warning LNK4006: OSSL_STORE_INFO_get0_CERT already defined in libcrypto.lib(libcrypto-1_1-x64.dll); second definition ignored
libcrypto_static.lib(store_lib.obj) : warning LNK4006: OSSL_STORE_INFO_get1_CERT already defined in libcrypto.lib(libcrypto-1_1-x64.dll); second definition ignored
libcrypto_static.lib(store_lib.obj) : warning LNK4006: OSSL_STORE_INFO_get0_CRL already defined in libcrypto.lib(libcrypto-1_1-x64.dll); second definition ignored
libcrypto_static.lib(store_lib.obj) : warning LNK4006: OSSL_STORE_INFO_get1_CRL already defined in libcrypto.lib(libcrypto-1_1-x64.dll); second definition ignored
libcrypto_static.lib(store_lib.obj) : warning LNK4006: OSSL_STORE_INFO_free already defined in libcrypto.lib(libcrypto-1_1-x64.dll); second definition ignored
libcrypto_static.lib(store_lib.obj) : warning LNK4006: OSSL_STORE_supports_search already defined in libcrypto.lib(libcrypto-1_1-x64.dll); second definition ignored
libcrypto_static.lib(store_lib.obj) : warning LNK4006: OSSL_STORE_SEARCH_by_name already defined in libcrypto.lib(libcrypto-1_1-x64.dll); second definition ignored
libcrypto_static.lib(store_lib.obj) : warning LNK4006: OSSL_STORE_SEARCH_by_issuer_serial already defined in libcrypto.lib(libcrypto-1_1-x64.dll); second definition ignored
libcrypto_static.lib(store_lib.obj) : warning LNK4006: OSSL_STORE_SEARCH_by_key_fingerprint already defined in libcrypto.lib(libcrypto-1_1-x64.dll); second definition ignored
libcrypto_static.lib(store_lib.obj) : warning LNK4006: OSSL_STORE_SEARCH_by_alias already defined in libcrypto.lib(libcrypto-1_1-x64.dll); second definition ignored
libcrypto_static.lib(store_lib.obj) : warning LNK4006: OSSL_STORE_SEARCH_free already defined in libcrypto.lib(libcrypto-1_1-x64.dll); second definition ignored
libcrypto_static.lib(store_lib.obj) : warning LNK4006: OSSL_STORE_SEARCH_get_type already defined in libcrypto.lib(libcrypto-1_1-x64.dll); second definition ignored
libcrypto_static.lib(store_lib.obj) : warning LNK4006: OSSL_STORE_SEARCH_get0_name already defined in libcrypto.lib(libcrypto-1_1-x64.dll); second definition ignored
libcrypto_static.lib(store_lib.obj) : warning LNK4006: OSSL_STORE_SEARCH_get0_serial already defined in libcrypto.lib(libcrypto-1_1-x64.dll); second definition ignored
libcrypto_static.lib(store_lib.obj) : warning LNK4006: OSSL_STORE_SEARCH_get0_bytes already defined in libcrypto.lib(libcrypto-1_1-x64.dll); second definition ignored
libcrypto_static.lib(store_lib.obj) : warning LNK4006: OSSL_STORE_SEARCH_get0_string already defined in libcrypto.lib(libcrypto-1_1-x64.dll); second definition ignored
libcrypto_static.lib(store_lib.obj) : warning LNK4006: OSSL_STORE_SEARCH_get0_digest already defined in libcrypto.lib(libcrypto-1_1-x64.dll); second definition ignored
libcrypto_static.lib(store_lib.obj) : warning LNK4006: OSSL_STORE_expect already defined in libcrypto.lib(libcrypto-1_1-x64.dll); second definition ignored
libcrypto_static.lib(store_lib.obj) : warning LNK4006: OSSL_STORE_find already defined in libcrypto.lib(libcrypto-1_1-x64.dll); second definition ignored
libcrypto_static.lib(store_register.obj) : warning LNK4006: OSSL_STORE_LOADER_new already defined in libcrypto.lib(libcrypto-1_1-x64.dll); second definition ignored
libcrypto_static.lib(store_register.obj) : warning LNK4006: OSSL_STORE_LOADER_get0_engine already defined in libcrypto.lib(libcrypto-1_1-x64.dll); second definition ignored
libcrypto_static.lib(store_register.obj) : warning LNK4006: OSSL_STORE_LOADER_get0_scheme already defined in libcrypto.lib(libcrypto-1_1-x64.dll); second definition ignored
libcrypto_static.lib(store_register.obj) : warning LNK4006: OSSL_STORE_LOADER_set_open already defined in libcrypto.lib(libcrypto-1_1-x64.dll); second definition ignored
libcrypto_static.lib(store_register.obj) : warning LNK4006: OSSL_STORE_LOADER_set_ctrl already defined in libcrypto.lib(libcrypto-1_1-x64.dll); second definition ignored
libcrypto_static.lib(store_register.obj) : warning LNK4006: OSSL_STORE_LOADER_set_expect already defined in libcrypto.lib(libcrypto-1_1-x64.dll); second definition ignored
libcrypto_static.lib(store_register.obj) : warning LNK4006: OSSL_STORE_LOADER_set_find already defined in libcrypto.lib(libcrypto-1_1-x64.dll); second definition ignored
libcrypto_static.lib(store_register.obj) : warning LNK4006: OSSL_STORE_LOADER_set_load already defined in libcrypto.lib(libcrypto-1_1-x64.dll); second definition ignored
libcrypto_static.lib(store_register.obj) : warning LNK4006: OSSL_STORE_LOADER_set_eof already defined in libcrypto.lib(libcrypto-1_1-x64.dll); second definition ignored
libcrypto_static.lib(store_register.obj) : warning LNK4006: OSSL_STORE_LOADER_set_error already defined in libcrypto.lib(libcrypto-1_1-x64.dll); second definition ignored
libcrypto_static.lib(store_register.obj) : warning LNK4006: OSSL_STORE_LOADER_set_close already defined in libcrypto.lib(libcrypto-1_1-x64.dll); second definition ignored
libcrypto_static.lib(store_register.obj) : warning LNK4006: OSSL_STORE_LOADER_free already defined in libcrypto.lib(libcrypto-1_1-x64.dll); second definition ignored
libcrypto_static.lib(store_register.obj) : warning LNK4006: OSSL_STORE_register_loader already defined in libcrypto.lib(libcrypto-1_1-x64.dll); second definition ignored
libcrypto_static.lib(store_register.obj) : warning LNK4006: OSSL_STORE_unregister_loader already defined in libcrypto.lib(libcrypto-1_1-x64.dll); second definition ignored
libcrypto_static.lib(store_register.obj) : warning LNK4006: OSSL_STORE_do_all_loaders already defined in libcrypto.lib(libcrypto-1_1-x64.dll); second definition ignored
libcrypto_static.lib(store_strings.obj) : warning LNK4006: OSSL_STORE_INFO_type_string already defined in libcrypto.lib(libcrypto-1_1-x64.dll); second definition ignored
libcrypto_static.lib(threads_win.obj) : warning LNK4006: CRYPTO_THREAD_lock_new already defined in libcrypto.lib(libcrypto-1_1-x64.dll); second definition ignored
libcrypto_static.lib(threads_win.obj) : warning LNK4006: CRYPTO_THREAD_read_lock already defined in libcrypto.lib(libcrypto-1_1-x64.dll); second definition ignored
libcrypto_static.lib(threads_win.obj) : warning LNK4006: CRYPTO_THREAD_write_lock already defined in libcrypto.lib(libcrypto-1_1-x64.dll); second definition ignored
libcrypto_static.lib(threads_win.obj) : warning LNK4006: CRYPTO_THREAD_unlock already defined in libcrypto.lib(libcrypto-1_1-x64.dll); second definition ignored
libcrypto_static.lib(threads_win.obj) : warning LNK4006: CRYPTO_THREAD_lock_free already defined in libcrypto.lib(libcrypto-1_1-x64.dll); second definition ignored
libcrypto_static.lib(threads_win.obj) : warning LNK4006: CRYPTO_atomic_add already defined in libcrypto.lib(libcrypto-1_1-x64.dll); second definition ignored
libcrypto_static.lib(threads_win.obj) : warning LNK4006: CRYPTO_THREAD_run_once already defined in libcrypto.lib(libcrypto-1_1-x64.dll); second definition ignored
libcrypto_static.lib(threads_win.obj) : warning LNK4006: CRYPTO_THREAD_init_local already defined in libcrypto.lib(libcrypto-1_1-x64.dll); second definition ignored
libcrypto_static.lib(threads_win.obj) : warning LNK4006: CRYPTO_THREAD_get_local already defined in libcrypto.lib(libcrypto-1_1-x64.dll); second definition ignored
libcrypto_static.lib(threads_win.obj) : warning LNK4006: CRYPTO_THREAD_set_local already defined in libcrypto.lib(libcrypto-1_1-x64.dll); second definition ignored
libcrypto_static.lib(threads_win.obj) : warning LNK4006: CRYPTO_THREAD_cleanup_local already defined in libcrypto.lib(libcrypto-1_1-x64.dll); second definition ignored
libcrypto_static.lib(threads_win.obj) : warning LNK4006: CRYPTO_THREAD_get_current_id already defined in libcrypto.lib(libcrypto-1_1-x64.dll); second definition ignored
libcrypto_static.lib(threads_win.obj) : warning LNK4006: CRYPTO_THREAD_compare_id already defined in libcrypto.lib(libcrypto-1_1-x64.dll); second definition ignored
libcrypto_static.lib(ts_asn1.obj) : warning LNK4006: TS_REQ_new already defined in libcrypto.lib(libcrypto-1_1-x64.dll); second definition ignored
libcrypto_static.lib(ts_asn1.obj) : warning LNK4006: TS_REQ_free already defined in libcrypto.lib(libcrypto-1_1-x64.dll); second definition ignored
libcrypto_static.lib(ts_asn1.obj) : warning LNK4006: i2d_TS_REQ already defined in libcrypto.lib(libcrypto-1_1-x64.dll); second definition ignored
libcrypto_static.lib(ts_asn1.obj) : warning LNK4006: d2i_TS_REQ already defined in libcrypto.lib(libcrypto-1_1-x64.dll); second definition ignored
libcrypto_static.lib(ts_asn1.obj) : warning LNK4006: TS_REQ_dup already defined in libcrypto.lib(libcrypto-1_1-x64.dll); second definition ignored
libcrypto_static.lib(ts_asn1.obj) : warning LNK4006: d2i_TS_REQ_fp already defined in libcrypto.lib(libcrypto-1_1-x64.dll); second definition ignored
libcrypto_static.lib(ts_asn1.obj) : warning LNK4006: i2d_TS_REQ_fp already defined in libcrypto.lib(libcrypto-1_1-x64.dll); second definition ignored
libcrypto_static.lib(ts_asn1.obj) : warning LNK4006: d2i_TS_REQ_bio already defined in libcrypto.lib(libcrypto-1_1-x64.dll); second definition ignored
libcrypto_static.lib(ts_asn1.obj) : warning LNK4006: i2d_TS_REQ_bio already defined in libcrypto.lib(libcrypto-1_1-x64.dll); second definition ignored
libcrypto_static.lib(ts_asn1.obj) : warning LNK4006: TS_MSG_IMPRINT_new already defined in libcrypto.lib(libcrypto-1_1-x64.dll); second definition ignored
libcrypto_static.lib(ts_asn1.obj) : warning LNK4006: TS_MSG_IMPRINT_free already defined in libcrypto.lib(libcrypto-1_1-x64.dll); second definition ignored
libcrypto_static.lib(ts_asn1.obj) : warning LNK4006: i2d_TS_MSG_IMPRINT already defined in libcrypto.lib(libcrypto-1_1-x64.dll); second definition ignored
libcrypto_static.lib(ts_asn1.obj) : warning LNK4006: d2i_TS_MSG_IMPRINT already defined in libcrypto.lib(libcrypto-1_1-x64.dll); second definition ignored
libcrypto_static.lib(ts_asn1.obj) : warning LNK4006: TS_MSG_IMPRINT_dup already defined in libcrypto.lib(libcrypto-1_1-x64.dll); second definition ignored
libcrypto_static.lib(ts_asn1.obj) : warning LNK4006: d2i_TS_MSG_IMPRINT_fp already defined in libcrypto.lib(libcrypto-1_1-x64.dll); second definition ignored
libcrypto_static.lib(ts_asn1.obj) : warning LNK4006: i2d_TS_MSG_IMPRINT_fp already defined in libcrypto.lib(libcrypto-1_1-x64.dll); second definition ignored
libcrypto_static.lib(ts_asn1.obj) : warning LNK4006: d2i_TS_MSG_IMPRINT_bio already defined in libcrypto.lib(libcrypto-1_1-x64.dll); second definition ignored
libcrypto_static.lib(ts_asn1.obj) : warning LNK4006: i2d_TS_MSG_IMPRINT_bio already defined in libcrypto.lib(libcrypto-1_1-x64.dll); second definition ignored
libcrypto_static.lib(ts_asn1.obj) : warning LNK4006: TS_RESP_new already defined in libcrypto.lib(libcrypto-1_1-x64.dll); second definition ignored
libcrypto_static.lib(ts_asn1.obj) : warning LNK4006: TS_RESP_free already defined in libcrypto.lib(libcrypto-1_1-x64.dll); second definition ignored
libcrypto_static.lib(ts_asn1.obj) : warning LNK4006: i2d_TS_RESP already defined in libcrypto.lib(libcrypto-1_1-x64.dll); second definition ignored
libcrypto_static.lib(ts_asn1.obj) : warning LNK4006: d2i_TS_RESP already defined in libcrypto.lib(libcrypto-1_1-x64.dll); second definition ignored
libcrypto_static.lib(ts_asn1.obj) : warning LNK4006: PKCS7_to_TS_TST_INFO already defined in libcrypto.lib(libcrypto-1_1-x64.dll); second definition ignored
libcrypto_static.lib(ts_asn1.obj) : warning LNK4006: TS_RESP_dup already defined in libcrypto.lib(libcrypto-1_1-x64.dll); second definition ignored
libcrypto_static.lib(ts_asn1.obj) : warning LNK4006: d2i_TS_RESP_fp already defined in libcrypto.lib(libcrypto-1_1-x64.dll); second definition ignored
libcrypto_static.lib(ts_asn1.obj) : warning LNK4006: i2d_TS_RESP_fp already defined in libcrypto.lib(libcrypto-1_1-x64.dll); second definition ignored
libcrypto_static.lib(ts_asn1.obj) : warning LNK4006: d2i_TS_RESP_bio already defined in libcrypto.lib(libcrypto-1_1-x64.dll); second definition ignored
libcrypto_static.lib(ts_asn1.obj) : warning LNK4006: i2d_TS_RESP_bio already defined in libcrypto.lib(libcrypto-1_1-x64.dll); second definition ignored
libcrypto_static.lib(ts_asn1.obj) : warning LNK4006: TS_STATUS_INFO_new already defined in libcrypto.lib(libcrypto-1_1-x64.dll); second definition ignored
libcrypto_static.lib(ts_asn1.obj) : warning LNK4006: TS_STATUS_INFO_free already defined in libcrypto.lib(libcrypto-1_1-x64.dll); second definition ignored
libcrypto_static.lib(ts_asn1.obj) : warning LNK4006: i2d_TS_STATUS_INFO already defined in libcrypto.lib(libcrypto-1_1-x64.dll); second definition ignored
libcrypto_static.lib(ts_asn1.obj) : warning LNK4006: d2i_TS_STATUS_INFO already defined in libcrypto.lib(libcrypto-1_1-x64.dll); second definition ignored
libcrypto_static.lib(ts_asn1.obj) : warning LNK4006: TS_STATUS_INFO_dup already defined in libcrypto.lib(libcrypto-1_1-x64.dll); second definition ignored
libcrypto_static.lib(ts_asn1.obj) : warning LNK4006: TS_TST_INFO_new already defined in libcrypto.lib(libcrypto-1_1-x64.dll); second definition ignored
libcrypto_static.lib(ts_asn1.obj) : warning LNK4006: TS_TST_INFO_free already defined in libcrypto.lib(libcrypto-1_1-x64.dll); second definition ignored
libcrypto_static.lib(ts_asn1.obj) : warning LNK4006: i2d_TS_TST_INFO already defined in libcrypto.lib(libcrypto-1_1-x64.dll); second definition ignored
libcrypto_static.lib(ts_asn1.obj) : warning LNK4006: d2i_TS_TST_INFO already defined in libcrypto.lib(libcrypto-1_1-x64.dll); second definition ignored
libcrypto_static.lib(ts_asn1.obj) : warning LNK4006: TS_TST_INFO_dup already defined in libcrypto.lib(libcrypto-1_1-x64.dll); second definition ignored
libcrypto_static.lib(ts_asn1.obj) : warning LNK4006: d2i_TS_TST_INFO_fp already defined in libcrypto.lib(libcrypto-1_1-x64.dll); second definition ignored
libcrypto_static.lib(ts_asn1.obj) : warning LNK4006: i2d_TS_TST_INFO_fp already defined in libcrypto.lib(libcrypto-1_1-x64.dll); second definition ignored
libcrypto_static.lib(ts_asn1.obj) : warning LNK4006: d2i_TS_TST_INFO_bio already defined in libcrypto.lib(libcrypto-1_1-x64.dll); second definition ignored
libcrypto_static.lib(ts_asn1.obj) : warning LNK4006: i2d_TS_TST_INFO_bio already defined in libcrypto.lib(libcrypto-1_1-x64.dll); second definition ignored
libcrypto_static.lib(ts_asn1.obj) : warning LNK4006: TS_ACCURACY_new already defined in libcrypto.lib(libcrypto-1_1-x64.dll); second definition ignored
libcrypto_static.lib(ts_asn1.obj) : warning LNK4006: TS_ACCURACY_free already defined in libcrypto.lib(libcrypto-1_1-x64.dll); second definition ignored
libcrypto_static.lib(ts_asn1.obj) : warning LNK4006: i2d_TS_ACCURACY already defined in libcrypto.lib(libcrypto-1_1-x64.dll); second definition ignored
libcrypto_static.lib(ts_asn1.obj) : warning LNK4006: d2i_TS_ACCURACY already defined in libcrypto.lib(libcrypto-1_1-x64.dll); second definition ignored
libcrypto_static.lib(ts_asn1.obj) : warning LNK4006: TS_ACCURACY_dup already defined in libcrypto.lib(libcrypto-1_1-x64.dll); second definition ignored
libcrypto_static.lib(ts_asn1.obj) : warning LNK4006: ESS_ISSUER_SERIAL_new already defined in libcrypto.lib(libcrypto-1_1-x64.dll); second definition ignored
libcrypto_static.lib(ts_asn1.obj) : warning LNK4006: ESS_ISSUER_SERIAL_free already defined in libcrypto.lib(libcrypto-1_1-x64.dll); second definition ignored
libcrypto_static.lib(ts_asn1.obj) : warning LNK4006: i2d_ESS_ISSUER_SERIAL already defined in libcrypto.lib(libcrypto-1_1-x64.dll); second definition ignored
libcrypto_static.lib(ts_asn1.obj) : warning LNK4006: d2i_ESS_ISSUER_SERIAL already defined in libcrypto.lib(libcrypto-1_1-x64.dll); second definition ignored
libcrypto_static.lib(ts_asn1.obj) : warning LNK4006: ESS_ISSUER_SERIAL_dup already defined in libcrypto.lib(libcrypto-1_1-x64.dll); second definition ignored
libcrypto_static.lib(ts_asn1.obj) : warning LNK4006: ESS_CERT_ID_new already defined in libcrypto.lib(libcrypto-1_1-x64.dll); second definition ignored
libcrypto_static.lib(ts_asn1.obj) : warning LNK4006: ESS_CERT_ID_free already defined in libcrypto.lib(libcrypto-1_1-x64.dll); second definition ignored
libcrypto_static.lib(ts_asn1.obj) : warning LNK4006: i2d_ESS_CERT_ID already defined in libcrypto.lib(libcrypto-1_1-x64.dll); second definition ignored
libcrypto_static.lib(ts_asn1.obj) : warning LNK4006: d2i_ESS_CERT_ID already defined in libcrypto.lib(libcrypto-1_1-x64.dll); second definition ignored
libcrypto_static.lib(ts_asn1.obj) : warning LNK4006: ESS_CERT_ID_dup already defined in libcrypto.lib(libcrypto-1_1-x64.dll); second definition ignored
libcrypto_static.lib(ts_asn1.obj) : warning LNK4006: ESS_SIGNING_CERT_new already defined in libcrypto.lib(libcrypto-1_1-x64.dll); second definition ignored
libcrypto_static.lib(ts_asn1.obj) : warning LNK4006: ESS_SIGNING_CERT_free already defined in libcrypto.lib(libcrypto-1_1-x64.dll); second definition ignored
libcrypto_static.lib(ts_asn1.obj) : warning LNK4006: i2d_ESS_SIGNING_CERT already defined in libcrypto.lib(libcrypto-1_1-x64.dll); second definition ignored
libcrypto_static.lib(ts_asn1.obj) : warning LNK4006: d2i_ESS_SIGNING_CERT already defined in libcrypto.lib(libcrypto-1_1-x64.dll); second definition ignored
libcrypto_static.lib(ts_asn1.obj) : warning LNK4006: ESS_SIGNING_CERT_dup already defined in libcrypto.lib(libcrypto-1_1-x64.dll); second definition ignored
libcrypto_static.lib(ts_asn1.obj) : warning LNK4006: ESS_CERT_ID_V2_new already defined in libcrypto.lib(libcrypto-1_1-x64.dll); second definition ignored
libcrypto_static.lib(ts_asn1.obj) : warning LNK4006: ESS_CERT_ID_V2_free already defined in libcrypto.lib(libcrypto-1_1-x64.dll); second definition ignored
libcrypto_static.lib(ts_asn1.obj) : warning LNK4006: i2d_ESS_CERT_ID_V2 already defined in libcrypto.lib(libcrypto-1_1-x64.dll); second definition ignored
libcrypto_static.lib(ts_asn1.obj) : warning LNK4006: d2i_ESS_CERT_ID_V2 already defined in libcrypto.lib(libcrypto-1_1-x64.dll); second definition ignored
libcrypto_static.lib(ts_asn1.obj) : warning LNK4006: ESS_CERT_ID_V2_dup already defined in libcrypto.lib(libcrypto-1_1-x64.dll); second definition ignored
libcrypto_static.lib(ts_asn1.obj) : warning LNK4006: ESS_SIGNING_CERT_V2_new already defined in libcrypto.lib(libcrypto-1_1-x64.dll); second definition ignored
libcrypto_static.lib(ts_asn1.obj) : warning LNK4006: ESS_SIGNING_CERT_V2_free already defined in libcrypto.lib(libcrypto-1_1-x64.dll); second definition ignored
libcrypto_static.lib(ts_asn1.obj) : warning LNK4006: i2d_ESS_SIGNING_CERT_V2 already defined in libcrypto.lib(libcrypto-1_1-x64.dll); second definition ignored
libcrypto_static.lib(ts_asn1.obj) : warning LNK4006: d2i_ESS_SIGNING_CERT_V2 already defined in libcrypto.lib(libcrypto-1_1-x64.dll); second definition ignored
libcrypto_static.lib(ts_asn1.obj) : warning LNK4006: ESS_SIGNING_CERT_V2_dup already defined in libcrypto.lib(libcrypto-1_1-x64.dll); second definition ignored
libcrypto_static.lib(ts_conf.obj) : warning LNK4006: TS_CONF_load_cert already defined in libcrypto.lib(libcrypto-1_1-x64.dll); second definition ignored
libcrypto_static.lib(ts_conf.obj) : warning LNK4006: TS_CONF_load_certs already defined in libcrypto.lib(libcrypto-1_1-x64.dll); second definition ignored
libcrypto_static.lib(ts_conf.obj) : warning LNK4006: TS_CONF_load_key already defined in libcrypto.lib(libcrypto-1_1-x64.dll); second definition ignored
libcrypto_static.lib(ts_conf.obj) : warning LNK4006: TS_CONF_get_tsa_section already defined in libcrypto.lib(libcrypto-1_1-x64.dll); second definition ignored
libcrypto_static.lib(ts_conf.obj) : warning LNK4006: TS_CONF_set_serial already defined in libcrypto.lib(libcrypto-1_1-x64.dll); second definition ignored
libcrypto_static.lib(ts_conf.obj) : warning LNK4006: TS_CONF_set_crypto_device already defined in libcrypto.lib(libcrypto-1_1-x64.dll); second definition ignored
libcrypto_static.lib(ts_conf.obj) : warning LNK4006: TS_CONF_set_default_engine already defined in libcrypto.lib(libcrypto-1_1-x64.dll); second definition ignored
libcrypto_static.lib(ts_conf.obj) : warning LNK4006: TS_CONF_set_signer_cert already defined in libcrypto.lib(libcrypto-1_1-x64.dll); second definition ignored
libcrypto_static.lib(ts_conf.obj) : warning LNK4006: TS_CONF_set_certs already defined in libcrypto.lib(libcrypto-1_1-x64.dll); second definition ignored
libcrypto_static.lib(ts_conf.obj) : warning LNK4006: TS_CONF_set_signer_key already defined in libcrypto.lib(libcrypto-1_1-x64.dll); second definition ignored
libcrypto_static.lib(ts_conf.obj) : warning LNK4006: TS_CONF_set_signer_digest already defined in libcrypto.lib(libcrypto-1_1-x64.dll); second definition ignored
libcrypto_static.lib(ts_conf.obj) : warning LNK4006: TS_CONF_set_def_policy already defined in libcrypto.lib(libcrypto-1_1-x64.dll); second definition ignored
libcrypto_static.lib(ts_conf.obj) : warning LNK4006: TS_CONF_set_policies already defined in libcrypto.lib(libcrypto-1_1-x64.dll); second definition ignored
libcrypto_static.lib(ts_conf.obj) : warning LNK4006: TS_CONF_set_digests already defined in libcrypto.lib(libcrypto-1_1-x64.dll); second definition ignored
libcrypto_static.lib(ts_conf.obj) : warning LNK4006: TS_CONF_set_accuracy already defined in libcrypto.lib(libcrypto-1_1-x64.dll); second definition ignored
libcrypto_static.lib(ts_conf.obj) : warning LNK4006: TS_CONF_set_clock_precision_digits already defined in libcrypto.lib(libcrypto-1_1-x64.dll); second definition ignored
libcrypto_static.lib(ts_conf.obj) : warning LNK4006: TS_CONF_set_ordering already defined in libcrypto.lib(libcrypto-1_1-x64.dll); second definition ignored
libcrypto_static.lib(ts_conf.obj) : warning LNK4006: TS_CONF_set_tsa_name already defined in libcrypto.lib(libcrypto-1_1-x64.dll); second definition ignored
libcrypto_static.lib(ts_conf.obj) : warning LNK4006: TS_CONF_set_ess_cert_id_chain already defined in libcrypto.lib(libcrypto-1_1-x64.dll); second definition ignored
libcrypto_static.lib(ts_conf.obj) : warning LNK4006: TS_CONF_set_ess_cert_id_digest already defined in libcrypto.lib(libcrypto-1_1-x64.dll); second definition ignored
libcrypto_static.lib(ts_err.obj) : warning LNK4006: ERR_load_TS_strings already defined in libcrypto.lib(libcrypto-1_1-x64.dll); second definition ignored
libcrypto_static.lib(ts_lib.obj) : warning LNK4006: TS_ASN1_INTEGER_print_bio already defined in libcrypto.lib(libcrypto-1_1-x64.dll); second definition ignored
libcrypto_static.lib(ts_lib.obj) : warning LNK4006: TS_OBJ_print_bio already defined in libcrypto.lib(libcrypto-1_1-x64.dll); second definition ignored
libcrypto_static.lib(ts_lib.obj) : warning LNK4006: TS_ext_print_bio already defined in libcrypto.lib(libcrypto-1_1-x64.dll); second definition ignored
libcrypto_static.lib(ts_lib.obj) : warning LNK4006: TS_X509_ALGOR_print_bio already defined in libcrypto.lib(libcrypto-1_1-x64.dll); second definition ignored
libcrypto_static.lib(ts_lib.obj) : warning LNK4006: TS_MSG_IMPRINT_print_bio already defined in libcrypto.lib(libcrypto-1_1-x64.dll); second definition ignored
libcrypto_static.lib(ts_req_print.obj) : warning LNK4006: TS_REQ_print_bio already defined in libcrypto.lib(libcrypto-1_1-x64.dll); second definition ignored
libcrypto_static.lib(ts_req_utils.obj) : warning LNK4006: TS_REQ_set_version already defined in libcrypto.lib(libcrypto-1_1-x64.dll); second definition ignored
libcrypto_static.lib(ts_req_utils.obj) : warning LNK4006: TS_REQ_get_version already defined in libcrypto.lib(libcrypto-1_1-x64.dll); second definition ignored
libcrypto_static.lib(ts_req_utils.obj) : warning LNK4006: TS_REQ_set_msg_imprint already defined in libcrypto.lib(libcrypto-1_1-x64.dll); second definition ignored
libcrypto_static.lib(ts_req_utils.obj) : warning LNK4006: TS_REQ_get_msg_imprint already defined in libcrypto.lib(libcrypto-1_1-x64.dll); second definition ignored
libcrypto_static.lib(ts_req_utils.obj) : warning LNK4006: TS_MSG_IMPRINT_set_algo already defined in libcrypto.lib(libcrypto-1_1-x64.dll); second definition ignored
libcrypto_static.lib(ts_req_utils.obj) : warning LNK4006: TS_MSG_IMPRINT_get_algo already defined in libcrypto.lib(libcrypto-1_1-x64.dll); second definition ignored
libcrypto_static.lib(ts_req_utils.obj) : warning LNK4006: TS_MSG_IMPRINT_set_msg already defined in libcrypto.lib(libcrypto-1_1-x64.dll); second definition ignored
libcrypto_static.lib(ts_req_utils.obj) : warning LNK4006: TS_MSG_IMPRINT_get_msg already defined in libcrypto.lib(libcrypto-1_1-x64.dll); second definition ignored
libcrypto_static.lib(ts_req_utils.obj) : warning LNK4006: TS_REQ_set_policy_id already defined in libcrypto.lib(libcrypto-1_1-x64.dll); second definition ignored
libcrypto_static.lib(ts_req_utils.obj) : warning LNK4006: TS_REQ_get_policy_id already defined in libcrypto.lib(libcrypto-1_1-x64.dll); second definition ignored
libcrypto_static.lib(ts_req_utils.obj) : warning LNK4006: TS_REQ_set_nonce already defined in libcrypto.lib(libcrypto-1_1-x64.dll); second definition ignored
libcrypto_static.lib(ts_req_utils.obj) : warning LNK4006: TS_REQ_get_nonce already defined in libcrypto.lib(libcrypto-1_1-x64.dll); second definition ignored
libcrypto_static.lib(ts_req_utils.obj) : warning LNK4006: TS_REQ_set_cert_req already defined in libcrypto.lib(libcrypto-1_1-x64.dll); second definition ignored
libcrypto_static.lib(ts_req_utils.obj) : warning LNK4006: TS_REQ_get_cert_req already defined in libcrypto.lib(libcrypto-1_1-x64.dll); second definition ignored
libcrypto_static.lib(ts_req_utils.obj) : warning LNK4006: TS_REQ_get_exts already defined in libcrypto.lib(libcrypto-1_1-x64.dll); second definition ignored
libcrypto_static.lib(ts_req_utils.obj) : warning LNK4006: TS_REQ_ext_free already defined in libcrypto.lib(libcrypto-1_1-x64.dll); second definition ignored
libcrypto_static.lib(ts_req_utils.obj) : warning LNK4006: TS_REQ_get_ext_count already defined in libcrypto.lib(libcrypto-1_1-x64.dll); second definition ignored
libcrypto_static.lib(ts_req_utils.obj) : warning LNK4006: TS_REQ_get_ext_by_NID already defined in libcrypto.lib(libcrypto-1_1-x64.dll); second definition ignored
libcrypto_static.lib(ts_req_utils.obj) : warning LNK4006: TS_REQ_get_ext_by_OBJ already defined in libcrypto.lib(libcrypto-1_1-x64.dll); second definition ignored
libcrypto_static.lib(ts_req_utils.obj) : warning LNK4006: TS_REQ_get_ext_by_critical already defined in libcrypto.lib(libcrypto-1_1-x64.dll); second definition ignored
libcrypto_static.lib(ts_req_utils.obj) : warning LNK4006: TS_REQ_get_ext already defined in libcrypto.lib(libcrypto-1_1-x64.dll); second definition ignored
libcrypto_static.lib(ts_req_utils.obj) : warning LNK4006: TS_REQ_delete_ext already defined in libcrypto.lib(libcrypto-1_1-x64.dll); second definition ignored
libcrypto_static.lib(ts_req_utils.obj) : warning LNK4006: TS_REQ_add_ext already defined in libcrypto.lib(libcrypto-1_1-x64.dll); second definition ignored
libcrypto_static.lib(ts_req_utils.obj) : warning LNK4006: TS_REQ_get_ext_d2i already defined in libcrypto.lib(libcrypto-1_1-x64.dll); second definition ignored
libcrypto_static.lib(ts_rsp_print.obj) : warning LNK4006: TS_RESP_print_bio already defined in libcrypto.lib(libcrypto-1_1-x64.dll); second definition ignored
libcrypto_static.lib(ts_rsp_print.obj) : warning LNK4006: TS_STATUS_INFO_print_bio already defined in libcrypto.lib(libcrypto-1_1-x64.dll); second definition ignored
libcrypto_static.lib(ts_rsp_print.obj) : warning LNK4006: TS_TST_INFO_print_bio already defined in libcrypto.lib(libcrypto-1_1-x64.dll); second definition ignored
libcrypto_static.lib(ts_rsp_sign.obj) : warning LNK4006: TS_RESP_CTX_new already defined in libcrypto.lib(libcrypto-1_1-x64.dll); second definition ignored
libcrypto_static.lib(ts_rsp_sign.obj) : warning LNK4006: TS_RESP_CTX_free already defined in libcrypto.lib(libcrypto-1_1-x64.dll); second definition ignored
libcrypto_static.lib(ts_rsp_sign.obj) : warning LNK4006: TS_RESP_CTX_set_signer_cert already defined in libcrypto.lib(libcrypto-1_1-x64.dll); second definition ignored
libcrypto_static.lib(ts_rsp_sign.obj) : warning LNK4006: TS_RESP_CTX_set_signer_key already defined in libcrypto.lib(libcrypto-1_1-x64.dll); second definition ignored
libcrypto_static.lib(ts_rsp_sign.obj) : warning LNK4006: TS_RESP_CTX_set_signer_digest already defined in libcrypto.lib(libcrypto-1_1-x64.dll); second definition ignored
libcrypto_static.lib(ts_rsp_sign.obj) : warning LNK4006: TS_RESP_CTX_set_ess_cert_id_digest already defined in libcrypto.lib(libcrypto-1_1-x64.dll); second definition ignored
libcrypto_static.lib(ts_rsp_sign.obj) : warning LNK4006: TS_RESP_CTX_set_def_policy already defined in libcrypto.lib(libcrypto-1_1-x64.dll); second definition ignored
libcrypto_static.lib(ts_rsp_sign.obj) : warning LNK4006: TS_RESP_CTX_set_certs already defined in libcrypto.lib(libcrypto-1_1-x64.dll); second definition ignored
libcrypto_static.lib(ts_rsp_sign.obj) : warning LNK4006: TS_RESP_CTX_add_policy already defined in libcrypto.lib(libcrypto-1_1-x64.dll); second definition ignored
libcrypto_static.lib(ts_rsp_sign.obj) : warning LNK4006: TS_RESP_CTX_add_md already defined in libcrypto.lib(libcrypto-1_1-x64.dll); second definition ignored
libcrypto_static.lib(ts_rsp_sign.obj) : warning LNK4006: TS_RESP_CTX_set_accuracy already defined in libcrypto.lib(libcrypto-1_1-x64.dll); second definition ignored
libcrypto_static.lib(ts_rsp_sign.obj) : warning LNK4006: TS_RESP_CTX_set_clock_precision_digits already defined in libcrypto.lib(libcrypto-1_1-x64.dll); second definition ignored
libcrypto_static.lib(ts_rsp_sign.obj) : warning LNK4006: TS_RESP_CTX_add_flags already defined in libcrypto.lib(libcrypto-1_1-x64.dll); second definition ignored
libcrypto_static.lib(ts_rsp_sign.obj) : warning LNK4006: TS_RESP_CTX_set_serial_cb already defined in libcrypto.lib(libcrypto-1_1-x64.dll); second definition ignored
libcrypto_static.lib(ts_rsp_sign.obj) : warning LNK4006: TS_RESP_CTX_set_time_cb already defined in libcrypto.lib(libcrypto-1_1-x64.dll); second definition ignored
libcrypto_static.lib(ts_rsp_sign.obj) : warning LNK4006: TS_RESP_CTX_set_extension_cb already defined in libcrypto.lib(libcrypto-1_1-x64.dll); second definition ignored
libcrypto_static.lib(ts_rsp_sign.obj) : warning LNK4006: TS_RESP_CTX_set_status_info already defined in libcrypto.lib(libcrypto-1_1-x64.dll); second definition ignored
libcrypto_static.lib(ts_rsp_sign.obj) : warning LNK4006: TS_RESP_CTX_set_status_info_cond already defined in libcrypto.lib(libcrypto-1_1-x64.dll); second definition ignored
libcrypto_static.lib(ts_rsp_sign.obj) : warning LNK4006: TS_RESP_CTX_add_failure_info already defined in libcrypto.lib(libcrypto-1_1-x64.dll); second definition ignored
libcrypto_static.lib(ts_rsp_sign.obj) : warning LNK4006: TS_RESP_CTX_get_request already defined in libcrypto.lib(libcrypto-1_1-x64.dll); second definition ignored
libcrypto_static.lib(ts_rsp_sign.obj) : warning LNK4006: TS_RESP_CTX_get_tst_info already defined in libcrypto.lib(libcrypto-1_1-x64.dll); second definition ignored
libcrypto_static.lib(ts_rsp_sign.obj) : warning LNK4006: TS_RESP_create_response already defined in libcrypto.lib(libcrypto-1_1-x64.dll); second definition ignored
libcrypto_static.lib(ts_rsp_utils.obj) : warning LNK4006: TS_STATUS_INFO_set_status already defined in libcrypto.lib(libcrypto-1_1-x64.dll); second definition ignored
libcrypto_static.lib(ts_rsp_utils.obj) : warning LNK4006: TS_STATUS_INFO_get0_status already defined in libcrypto.lib(libcrypto-1_1-x64.dll); second definition ignored
libcrypto_static.lib(ts_rsp_utils.obj) : warning LNK4006: TS_STATUS_INFO_get0_text already defined in libcrypto.lib(libcrypto-1_1-x64.dll); second definition ignored
libcrypto_static.lib(ts_rsp_utils.obj) : warning LNK4006: TS_STATUS_INFO_get0_failure_info already defined in libcrypto.lib(libcrypto-1_1-x64.dll); second definition ignored
libcrypto_static.lib(ts_rsp_utils.obj) : warning LNK4006: TS_RESP_set_status_info already defined in libcrypto.lib(libcrypto-1_1-x64.dll); second definition ignored
libcrypto_static.lib(ts_rsp_utils.obj) : warning LNK4006: TS_RESP_get_status_info already defined in libcrypto.lib(libcrypto-1_1-x64.dll); second definition ignored
libcrypto_static.lib(ts_rsp_utils.obj) : warning LNK4006: TS_RESP_set_tst_info already defined in libcrypto.lib(libcrypto-1_1-x64.dll); second definition ignored
libcrypto_static.lib(ts_rsp_utils.obj) : warning LNK4006: TS_RESP_get_token already defined in libcrypto.lib(libcrypto-1_1-x64.dll); second definition ignored
libcrypto_static.lib(ts_rsp_utils.obj) : warning LNK4006: TS_RESP_get_tst_info already defined in libcrypto.lib(libcrypto-1_1-x64.dll); second definition ignored
libcrypto_static.lib(ts_rsp_utils.obj) : warning LNK4006: TS_TST_INFO_set_version already defined in libcrypto.lib(libcrypto-1_1-x64.dll); second definition ignored
libcrypto_static.lib(ts_rsp_utils.obj) : warning LNK4006: TS_TST_INFO_get_version already defined in libcrypto.lib(libcrypto-1_1-x64.dll); second definition ignored
libcrypto_static.lib(ts_rsp_utils.obj) : warning LNK4006: TS_TST_INFO_set_policy_id already defined in libcrypto.lib(libcrypto-1_1-x64.dll); second definition ignored
libcrypto_static.lib(ts_rsp_utils.obj) : warning LNK4006: TS_TST_INFO_get_policy_id already defined in libcrypto.lib(libcrypto-1_1-x64.dll); second definition ignored
libcrypto_static.lib(ts_rsp_utils.obj) : warning LNK4006: TS_TST_INFO_set_msg_imprint already defined in libcrypto.lib(libcrypto-1_1-x64.dll); second definition ignored
libcrypto_static.lib(ts_rsp_utils.obj) : warning LNK4006: TS_TST_INFO_get_msg_imprint already defined in libcrypto.lib(libcrypto-1_1-x64.dll); second definition ignored
libcrypto_static.lib(ts_rsp_utils.obj) : warning LNK4006: TS_TST_INFO_set_serial already defined in libcrypto.lib(libcrypto-1_1-x64.dll); second definition ignored
libcrypto_static.lib(ts_rsp_utils.obj) : warning LNK4006: TS_TST_INFO_get_serial already defined in libcrypto.lib(libcrypto-1_1-x64.dll); second definition ignored
libcrypto_static.lib(ts_rsp_utils.obj) : warning LNK4006: TS_TST_INFO_set_time already defined in libcrypto.lib(libcrypto-1_1-x64.dll); second definition ignored
libcrypto_static.lib(ts_rsp_utils.obj) : warning LNK4006: TS_TST_INFO_get_time already defined in libcrypto.lib(libcrypto-1_1-x64.dll); second definition ignored
libcrypto_static.lib(ts_rsp_utils.obj) : warning LNK4006: TS_TST_INFO_set_accuracy already defined in libcrypto.lib(libcrypto-1_1-x64.dll); second definition ignored
libcrypto_static.lib(ts_rsp_utils.obj) : warning LNK4006: TS_TST_INFO_get_accuracy already defined in libcrypto.lib(libcrypto-1_1-x64.dll); second definition ignored
libcrypto_static.lib(ts_rsp_utils.obj) : warning LNK4006: TS_ACCURACY_set_seconds already defined in libcrypto.lib(libcrypto-1_1-x64.dll); second definition ignored
libcrypto_static.lib(ts_rsp_utils.obj) : warning LNK4006: TS_ACCURACY_get_seconds already defined in libcrypto.lib(libcrypto-1_1-x64.dll); second definition ignored
libcrypto_static.lib(ts_rsp_utils.obj) : warning LNK4006: TS_ACCURACY_set_millis already defined in libcrypto.lib(libcrypto-1_1-x64.dll); second definition ignored
libcrypto_static.lib(ts_rsp_utils.obj) : warning LNK4006: TS_ACCURACY_get_millis already defined in libcrypto.lib(libcrypto-1_1-x64.dll); second definition ignored
libcrypto_static.lib(ts_rsp_utils.obj) : warning LNK4006: TS_ACCURACY_set_micros already defined in libcrypto.lib(libcrypto-1_1-x64.dll); second definition ignored
libcrypto_static.lib(ts_rsp_utils.obj) : warning LNK4006: TS_ACCURACY_get_micros already defined in libcrypto.lib(libcrypto-1_1-x64.dll); second definition ignored
libcrypto_static.lib(ts_rsp_utils.obj) : warning LNK4006: TS_TST_INFO_set_ordering already defined in libcrypto.lib(libcrypto-1_1-x64.dll); second definition ignored
libcrypto_static.lib(ts_rsp_utils.obj) : warning LNK4006: TS_TST_INFO_get_ordering already defined in libcrypto.lib(libcrypto-1_1-x64.dll); second definition ignored
libcrypto_static.lib(ts_rsp_utils.obj) : warning LNK4006: TS_TST_INFO_set_nonce already defined in libcrypto.lib(libcrypto-1_1-x64.dll); second definition ignored
libcrypto_static.lib(ts_rsp_utils.obj) : warning LNK4006: TS_TST_INFO_get_nonce already defined in libcrypto.lib(libcrypto-1_1-x64.dll); second definition ignored
libcrypto_static.lib(ts_rsp_utils.obj) : warning LNK4006: TS_TST_INFO_set_tsa already defined in libcrypto.lib(libcrypto-1_1-x64.dll); second definition ignored
libcrypto_static.lib(ts_rsp_utils.obj) : warning LNK4006: TS_TST_INFO_get_tsa already defined in libcrypto.lib(libcrypto-1_1-x64.dll); second definition ignored
libcrypto_static.lib(ts_rsp_utils.obj) : warning LNK4006: TS_TST_INFO_get_exts already defined in libcrypto.lib(libcrypto-1_1-x64.dll); second definition ignored
libcrypto_static.lib(ts_rsp_utils.obj) : warning LNK4006: TS_TST_INFO_ext_free already defined in libcrypto.lib(libcrypto-1_1-x64.dll); second definition ignored
libcrypto_static.lib(ts_rsp_utils.obj) : warning LNK4006: TS_TST_INFO_get_ext_count already defined in libcrypto.lib(libcrypto-1_1-x64.dll); second definition ignored
libcrypto_static.lib(ts_rsp_utils.obj) : warning LNK4006: TS_TST_INFO_get_ext_by_NID already defined in libcrypto.lib(libcrypto-1_1-x64.dll); second definition ignored
libcrypto_static.lib(ts_rsp_utils.obj) : warning LNK4006: TS_TST_INFO_get_ext_by_OBJ already defined in libcrypto.lib(libcrypto-1_1-x64.dll); second definition ignored
libcrypto_static.lib(ts_rsp_utils.obj) : warning LNK4006: TS_TST_INFO_get_ext_by_critical already defined in libcrypto.lib(libcrypto-1_1-x64.dll); second definition ignored
libcrypto_static.lib(ts_rsp_utils.obj) : warning LNK4006: TS_TST_INFO_get_ext already defined in libcrypto.lib(libcrypto-1_1-x64.dll); second definition ignored
libcrypto_static.lib(ts_rsp_utils.obj) : warning LNK4006: TS_TST_INFO_delete_ext already defined in libcrypto.lib(libcrypto-1_1-x64.dll); second definition ignored
libcrypto_static.lib(ts_rsp_utils.obj) : warning LNK4006: TS_TST_INFO_add_ext already defined in libcrypto.lib(libcrypto-1_1-x64.dll); second definition ignored
libcrypto_static.lib(ts_rsp_utils.obj) : warning LNK4006: TS_TST_INFO_get_ext_d2i already defined in libcrypto.lib(libcrypto-1_1-x64.dll); second definition ignored
libcrypto_static.lib(ts_rsp_verify.obj) : warning LNK4006: TS_RESP_verify_signature already defined in libcrypto.lib(libcrypto-1_1-x64.dll); second definition ignored
libcrypto_static.lib(ts_rsp_verify.obj) : warning LNK4006: TS_RESP_verify_response already defined in libcrypto.lib(libcrypto-1_1-x64.dll); second definition ignored
libcrypto_static.lib(ts_rsp_verify.obj) : warning LNK4006: TS_RESP_verify_token already defined in libcrypto.lib(libcrypto-1_1-x64.dll); second definition ignored
libcrypto_static.lib(ts_verify_ctx.obj) : warning LNK4006: TS_VERIFY_CTX_new already defined in libcrypto.lib(libcrypto-1_1-x64.dll); second definition ignored
libcrypto_static.lib(ts_verify_ctx.obj) : warning LNK4006: TS_VERIFY_CTX_init already defined in libcrypto.lib(libcrypto-1_1-x64.dll); second definition ignored
libcrypto_static.lib(ts_verify_ctx.obj) : warning LNK4006: TS_VERIFY_CTX_free already defined in libcrypto.lib(libcrypto-1_1-x64.dll); second definition ignored
libcrypto_static.lib(ts_verify_ctx.obj) : warning LNK4006: TS_VERIFY_CTX_cleanup already defined in libcrypto.lib(libcrypto-1_1-x64.dll); second definition ignored
libcrypto_static.lib(ts_verify_ctx.obj) : warning LNK4006: TS_VERIFY_CTX_set_flags already defined in libcrypto.lib(libcrypto-1_1-x64.dll); second definition ignored
libcrypto_static.lib(ts_verify_ctx.obj) : warning LNK4006: TS_VERIFY_CTX_add_flags already defined in libcrypto.lib(libcrypto-1_1-x64.dll); second definition ignored
libcrypto_static.lib(ts_verify_ctx.obj) : warning LNK4006: TS_VERIFY_CTX_set_data already defined in libcrypto.lib(libcrypto-1_1-x64.dll); second definition ignored
libcrypto_static.lib(ts_verify_ctx.obj) : warning LNK4006: TS_VERIFY_CTX_set_imprint already defined in libcrypto.lib(libcrypto-1_1-x64.dll); second definition ignored
libcrypto_static.lib(ts_verify_ctx.obj) : warning LNK4006: TS_VERIFY_CTX_set_store already defined in libcrypto.lib(libcrypto-1_1-x64.dll); second definition ignored
libcrypto_static.lib(ts_verify_ctx.obj) : warning LNK4006: TS_VERIFY_CTS_set_certs already defined in libcrypto.lib(libcrypto-1_1-x64.dll); second definition ignored
libcrypto_static.lib(ts_verify_ctx.obj) : warning LNK4006: TS_REQ_to_TS_VERIFY_CTX already defined in libcrypto.lib(libcrypto-1_1-x64.dll); second definition ignored
libcrypto_static.lib(txt_db.obj) : warning LNK4006: TXT_DB_read already defined in libcrypto.lib(libcrypto-1_1-x64.dll); second definition ignored
libcrypto_static.lib(txt_db.obj) : warning LNK4006: TXT_DB_write already defined in libcrypto.lib(libcrypto-1_1-x64.dll); second definition ignored
libcrypto_static.lib(txt_db.obj) : warning LNK4006: TXT_DB_create_index already defined in libcrypto.lib(libcrypto-1_1-x64.dll); second definition ignored
libcrypto_static.lib(txt_db.obj) : warning LNK4006: TXT_DB_free already defined in libcrypto.lib(libcrypto-1_1-x64.dll); second definition ignored
libcrypto_static.lib(txt_db.obj) : warning LNK4006: TXT_DB_get_by_index already defined in libcrypto.lib(libcrypto-1_1-x64.dll); second definition ignored
libcrypto_static.lib(txt_db.obj) : warning LNK4006: TXT_DB_insert already defined in libcrypto.lib(libcrypto-1_1-x64.dll); second definition ignored
libcrypto_static.lib(ui_err.obj) : warning LNK4006: ERR_load_UI_strings already defined in libcrypto.lib(libcrypto-1_1-x64.dll); second definition ignored
libcrypto_static.lib(ui_lib.obj) : warning LNK4006: UI_new already defined in libcrypto.lib(libcrypto-1_1-x64.dll); second definition ignored
libcrypto_static.lib(ui_lib.obj) : warning LNK4006: UI_new_method already defined in libcrypto.lib(libcrypto-1_1-x64.dll); second definition ignored
libcrypto_static.lib(ui_lib.obj) : warning LNK4006: UI_free already defined in libcrypto.lib(libcrypto-1_1-x64.dll); second definition ignored
libcrypto_static.lib(ui_lib.obj) : warning LNK4006: UI_add_input_string already defined in libcrypto.lib(libcrypto-1_1-x64.dll); second definition ignored
libcrypto_static.lib(ui_lib.obj) : warning LNK4006: UI_dup_input_string already defined in libcrypto.lib(libcrypto-1_1-x64.dll); second definition ignored
libcrypto_static.lib(ui_lib.obj) : warning LNK4006: UI_add_verify_string already defined in libcrypto.lib(libcrypto-1_1-x64.dll); second definition ignored
libcrypto_static.lib(ui_lib.obj) : warning LNK4006: UI_dup_verify_string already defined in libcrypto.lib(libcrypto-1_1-x64.dll); second definition ignored
libcrypto_static.lib(ui_lib.obj) : warning LNK4006: UI_add_input_boolean already defined in libcrypto.lib(libcrypto-1_1-x64.dll); second definition ignored
libcrypto_static.lib(ui_lib.obj) : warning LNK4006: UI_dup_input_boolean already defined in libcrypto.lib(libcrypto-1_1-x64.dll); second definition ignored
libcrypto_static.lib(ui_lib.obj) : warning LNK4006: UI_add_info_string already defined in libcrypto.lib(libcrypto-1_1-x64.dll); second definition ignored
libcrypto_static.lib(ui_lib.obj) : warning LNK4006: UI_dup_info_string already defined in libcrypto.lib(libcrypto-1_1-x64.dll); second definition ignored
libcrypto_static.lib(ui_lib.obj) : warning LNK4006: UI_add_error_string already defined in libcrypto.lib(libcrypto-1_1-x64.dll); second definition ignored
libcrypto_static.lib(ui_lib.obj) : warning LNK4006: UI_dup_error_string already defined in libcrypto.lib(libcrypto-1_1-x64.dll); second definition ignored
libcrypto_static.lib(ui_lib.obj) : warning LNK4006: UI_construct_prompt already defined in libcrypto.lib(libcrypto-1_1-x64.dll); second definition ignored
libcrypto_static.lib(ui_lib.obj) : warning LNK4006: UI_add_user_data already defined in libcrypto.lib(libcrypto-1_1-x64.dll); second definition ignored
libcrypto_static.lib(ui_lib.obj) : warning LNK4006: UI_dup_user_data already defined in libcrypto.lib(libcrypto-1_1-x64.dll); second definition ignored
libcrypto_static.lib(ui_lib.obj) : warning LNK4006: UI_get0_user_data already defined in libcrypto.lib(libcrypto-1_1-x64.dll); second definition ignored
libcrypto_static.lib(ui_lib.obj) : warning LNK4006: UI_get0_result already defined in libcrypto.lib(libcrypto-1_1-x64.dll); second definition ignored
libcrypto_static.lib(ui_lib.obj) : warning LNK4006: UI_get_result_length already defined in libcrypto.lib(libcrypto-1_1-x64.dll); second definition ignored
libcrypto_static.lib(ui_lib.obj) : warning LNK4006: UI_process already defined in libcrypto.lib(libcrypto-1_1-x64.dll); second definition ignored
libcrypto_static.lib(ui_lib.obj) : warning LNK4006: UI_ctrl already defined in libcrypto.lib(libcrypto-1_1-x64.dll); second definition ignored
libcrypto_static.lib(ui_lib.obj) : warning LNK4006: UI_set_ex_data already defined in libcrypto.lib(libcrypto-1_1-x64.dll); second definition ignored
libcrypto_static.lib(ui_lib.obj) : warning LNK4006: UI_get_ex_data already defined in libcrypto.lib(libcrypto-1_1-x64.dll); second definition ignored
libcrypto_static.lib(ui_lib.obj) : warning LNK4006: UI_get_method already defined in libcrypto.lib(libcrypto-1_1-x64.dll); second definition ignored
libcrypto_static.lib(ui_lib.obj) : warning LNK4006: UI_set_method already defined in libcrypto.lib(libcrypto-1_1-x64.dll); second definition ignored
libcrypto_static.lib(ui_lib.obj) : warning LNK4006: UI_create_method already defined in libcrypto.lib(libcrypto-1_1-x64.dll); second definition ignored
libcrypto_static.lib(ui_lib.obj) : warning LNK4006: UI_destroy_method already defined in libcrypto.lib(libcrypto-1_1-x64.dll); second definition ignored
libcrypto_static.lib(ui_lib.obj) : warning LNK4006: UI_method_set_opener already defined in libcrypto.lib(libcrypto-1_1-x64.dll); second definition ignored
libcrypto_static.lib(ui_lib.obj) : warning LNK4006: UI_method_set_writer already defined in libcrypto.lib(libcrypto-1_1-x64.dll); second definition ignored
libcrypto_static.lib(ui_lib.obj) : warning LNK4006: UI_method_set_flusher already defined in libcrypto.lib(libcrypto-1_1-x64.dll); second definition ignored
libcrypto_static.lib(ui_lib.obj) : warning LNK4006: UI_method_set_reader already defined in libcrypto.lib(libcrypto-1_1-x64.dll); second definition ignored
libcrypto_static.lib(ui_lib.obj) : warning LNK4006: UI_method_set_closer already defined in libcrypto.lib(libcrypto-1_1-x64.dll); second definition ignored
libcrypto_static.lib(ui_lib.obj) : warning LNK4006: UI_method_set_data_duplicator already defined in libcrypto.lib(libcrypto-1_1-x64.dll); second definition ignored
libcrypto_static.lib(ui_lib.obj) : warning LNK4006: UI_method_set_prompt_constructor already defined in libcrypto.lib(libcrypto-1_1-x64.dll); second definition ignored
libcrypto_static.lib(ui_lib.obj) : warning LNK4006: UI_method_set_ex_data already defined in libcrypto.lib(libcrypto-1_1-x64.dll); second definition ignored
libcrypto_static.lib(ui_lib.obj) : warning LNK4006: UI_method_get_opener already defined in libcrypto.lib(libcrypto-1_1-x64.dll); second definition ignored
libcrypto_static.lib(ui_lib.obj) : warning LNK4006: UI_method_get_writer already defined in libcrypto.lib(libcrypto-1_1-x64.dll); second definition ignored
libcrypto_static.lib(ui_lib.obj) : warning LNK4006: UI_method_get_flusher already defined in libcrypto.lib(libcrypto-1_1-x64.dll); second definition ignored
libcrypto_static.lib(ui_lib.obj) : warning LNK4006: UI_method_get_reader already defined in libcrypto.lib(libcrypto-1_1-x64.dll); second definition ignored
libcrypto_static.lib(ui_lib.obj) : warning LNK4006: UI_method_get_closer already defined in libcrypto.lib(libcrypto-1_1-x64.dll); second definition ignored
libcrypto_static.lib(ui_lib.obj) : warning LNK4006: UI_method_get_prompt_constructor already defined in libcrypto.lib(libcrypto-1_1-x64.dll); second definition ignored
libcrypto_static.lib(ui_lib.obj) : warning LNK4006: UI_method_get_data_duplicator already defined in libcrypto.lib(libcrypto-1_1-x64.dll); second definition ignored
libcrypto_static.lib(ui_lib.obj) : warning LNK4006: UI_method_get_data_destructor already defined in libcrypto.lib(libcrypto-1_1-x64.dll); second definition ignored
libcrypto_static.lib(ui_lib.obj) : warning LNK4006: UI_method_get_ex_data already defined in libcrypto.lib(libcrypto-1_1-x64.dll); second definition ignored
libcrypto_static.lib(ui_lib.obj) : warning LNK4006: UI_get_string_type already defined in libcrypto.lib(libcrypto-1_1-x64.dll); second definition ignored
libcrypto_static.lib(ui_lib.obj) : warning LNK4006: UI_get_input_flags already defined in libcrypto.lib(libcrypto-1_1-x64.dll); second definition ignored
libcrypto_static.lib(ui_lib.obj) : warning LNK4006: UI_get0_output_string already defined in libcrypto.lib(libcrypto-1_1-x64.dll); second definition ignored
libcrypto_static.lib(ui_lib.obj) : warning LNK4006: UI_get0_action_string already defined in libcrypto.lib(libcrypto-1_1-x64.dll); second definition ignored
libcrypto_static.lib(ui_lib.obj) : warning LNK4006: UI_get0_result_string already defined in libcrypto.lib(libcrypto-1_1-x64.dll); second definition ignored
libcrypto_static.lib(ui_lib.obj) : warning LNK4006: UI_get_result_string_length already defined in libcrypto.lib(libcrypto-1_1-x64.dll); second definition ignored
libcrypto_static.lib(ui_lib.obj) : warning LNK4006: UI_get0_test_string already defined in libcrypto.lib(libcrypto-1_1-x64.dll); second definition ignored
libcrypto_static.lib(ui_lib.obj) : warning LNK4006: UI_get_result_minsize already defined in libcrypto.lib(libcrypto-1_1-x64.dll); second definition ignored
libcrypto_static.lib(ui_lib.obj) : warning LNK4006: UI_get_result_maxsize already defined in libcrypto.lib(libcrypto-1_1-x64.dll); second definition ignored
libcrypto_static.lib(ui_lib.obj) : warning LNK4006: UI_set_result already defined in libcrypto.lib(libcrypto-1_1-x64.dll); second definition ignored
libcrypto_static.lib(ui_lib.obj) : warning LNK4006: UI_set_result_ex already defined in libcrypto.lib(libcrypto-1_1-x64.dll); second definition ignored
libcrypto_static.lib(ui_null.obj) : warning LNK4006: UI_null already defined in libcrypto.lib(libcrypto-1_1-x64.dll); second definition ignored
libcrypto_static.lib(ui_openssl.obj) : warning LNK4006: UI_set_default_method already defined in libcrypto.lib(libcrypto-1_1-x64.dll); second definition ignored
libcrypto_static.lib(ui_openssl.obj) : warning LNK4006: UI_get_default_method already defined in libcrypto.lib(libcrypto-1_1-x64.dll); second definition ignored
libcrypto_static.lib(ui_openssl.obj) : warning LNK4006: UI_OpenSSL already defined in libcrypto.lib(libcrypto-1_1-x64.dll); second definition ignored
libcrypto_static.lib(ui_util.obj) : warning LNK4006: UI_UTIL_read_pw_string already defined in libcrypto.lib(libcrypto-1_1-x64.dll); second definition ignored
libcrypto_static.lib(ui_util.obj) : warning LNK4006: UI_UTIL_read_pw already defined in libcrypto.lib(libcrypto-1_1-x64.dll); second definition ignored
libcrypto_static.lib(ui_util.obj) : warning LNK4006: UI_UTIL_wrap_read_pem_callback already defined in libcrypto.lib(libcrypto-1_1-x64.dll); second definition ignored
libcrypto_static.lib(uid.obj) : warning LNK4006: OPENSSL_issetugid already defined in libcrypto.lib(libcrypto-1_1-x64.dll); second definition ignored
libcrypto_static.lib(wp_dgst.obj) : warning LNK4006: WHIRLPOOL_Init already defined in libcrypto.lib(libcrypto-1_1-x64.dll); second definition ignored
libcrypto_static.lib(wp_dgst.obj) : warning LNK4006: WHIRLPOOL_Update already defined in libcrypto.lib(libcrypto-1_1-x64.dll); second definition ignored
libcrypto_static.lib(wp_dgst.obj) : warning LNK4006: WHIRLPOOL_BitUpdate already defined in libcrypto.lib(libcrypto-1_1-x64.dll); second definition ignored
libcrypto_static.lib(wp_dgst.obj) : warning LNK4006: WHIRLPOOL_Final already defined in libcrypto.lib(libcrypto-1_1-x64.dll); second definition ignored
libcrypto_static.lib(wp_dgst.obj) : warning LNK4006: WHIRLPOOL already defined in libcrypto.lib(libcrypto-1_1-x64.dll); second definition ignored
libcrypto_static.lib(by_dir.obj) : warning LNK4006: X509_LOOKUP_hash_dir already defined in libcrypto.lib(libcrypto-1_1-x64.dll); second definition ignored
libcrypto_static.lib(by_file.obj) : warning LNK4006: X509_LOOKUP_file already defined in libcrypto.lib(libcrypto-1_1-x64.dll); second definition ignored
libcrypto_static.lib(by_file.obj) : warning LNK4006: X509_load_cert_file already defined in libcrypto.lib(libcrypto-1_1-x64.dll); second definition ignored
libcrypto_static.lib(by_file.obj) : warning LNK4006: X509_load_crl_file already defined in libcrypto.lib(libcrypto-1_1-x64.dll); second definition ignored
libcrypto_static.lib(by_file.obj) : warning LNK4006: X509_load_cert_crl_file already defined in libcrypto.lib(libcrypto-1_1-x64.dll); second definition ignored
libcrypto_static.lib(t_crl.obj) : warning LNK4006: X509_CRL_print_fp already defined in libcrypto.lib(libcrypto-1_1-x64.dll); second definition ignored
libcrypto_static.lib(t_crl.obj) : warning LNK4006: X509_CRL_print_ex already defined in libcrypto.lib(libcrypto-1_1-x64.dll); second definition ignored
libcrypto_static.lib(t_crl.obj) : warning LNK4006: X509_CRL_print already defined in libcrypto.lib(libcrypto-1_1-x64.dll); second definition ignored
libcrypto_static.lib(t_req.obj) : warning LNK4006: X509_REQ_print_fp already defined in libcrypto.lib(libcrypto-1_1-x64.dll); second definition ignored
libcrypto_static.lib(t_req.obj) : warning LNK4006: X509_REQ_print_ex already defined in libcrypto.lib(libcrypto-1_1-x64.dll); second definition ignored
libcrypto_static.lib(t_req.obj) : warning LNK4006: X509_REQ_print already defined in libcrypto.lib(libcrypto-1_1-x64.dll); second definition ignored
libcrypto_static.lib(t_x509.obj) : warning LNK4006: X509_signature_dump already defined in libcrypto.lib(libcrypto-1_1-x64.dll); second definition ignored
libcrypto_static.lib(t_x509.obj) : warning LNK4006: X509_signature_print already defined in libcrypto.lib(libcrypto-1_1-x64.dll); second definition ignored
libcrypto_static.lib(t_x509.obj) : warning LNK4006: X509_aux_print already defined in libcrypto.lib(libcrypto-1_1-x64.dll); second definition ignored
libcrypto_static.lib(t_x509.obj) : warning LNK4006: X509_print_ex_fp already defined in libcrypto.lib(libcrypto-1_1-x64.dll); second definition ignored
libcrypto_static.lib(t_x509.obj) : warning LNK4006: X509_print_fp already defined in libcrypto.lib(libcrypto-1_1-x64.dll); second definition ignored
libcrypto_static.lib(t_x509.obj) : warning LNK4006: X509_print_ex already defined in libcrypto.lib(libcrypto-1_1-x64.dll); second definition ignored
libcrypto_static.lib(t_x509.obj) : warning LNK4006: X509_print already defined in libcrypto.lib(libcrypto-1_1-x64.dll); second definition ignored
libcrypto_static.lib(t_x509.obj) : warning LNK4006: X509_ocspid_print already defined in libcrypto.lib(libcrypto-1_1-x64.dll); second definition ignored
libcrypto_static.lib(x509_att.obj) : warning LNK4006: X509at_get_attr_count already defined in libcrypto.lib(libcrypto-1_1-x64.dll); second definition ignored
libcrypto_static.lib(x509_att.obj) : warning LNK4006: X509at_get_attr_by_NID already defined in libcrypto.lib(libcrypto-1_1-x64.dll); second definition ignored
libcrypto_static.lib(x509_att.obj) : warning LNK4006: X509at_get_attr_by_OBJ already defined in libcrypto.lib(libcrypto-1_1-x64.dll); second definition ignored
libcrypto_static.lib(x509_att.obj) : warning LNK4006: X509at_get_attr already defined in libcrypto.lib(libcrypto-1_1-x64.dll); second definition ignored
libcrypto_static.lib(x509_att.obj) : warning LNK4006: X509at_delete_attr already defined in libcrypto.lib(libcrypto-1_1-x64.dll); second definition ignored
libcrypto_static.lib(x509_att.obj) : warning LNK4006: X509at_add1_attr already defined in libcrypto.lib(libcrypto-1_1-x64.dll); second definition ignored
libcrypto_static.lib(x509_att.obj) : warning LNK4006: X509at_add1_attr_by_OBJ already defined in libcrypto.lib(libcrypto-1_1-x64.dll); second definition ignored
libcrypto_static.lib(x509_att.obj) : warning LNK4006: X509at_add1_attr_by_NID already defined in libcrypto.lib(libcrypto-1_1-x64.dll); second definition ignored
libcrypto_static.lib(x509_att.obj) : warning LNK4006: X509at_add1_attr_by_txt already defined in libcrypto.lib(libcrypto-1_1-x64.dll); second definition ignored
libcrypto_static.lib(x509_att.obj) : warning LNK4006: X509at_get0_data_by_OBJ already defined in libcrypto.lib(libcrypto-1_1-x64.dll); second definition ignored
libcrypto_static.lib(x509_att.obj) : warning LNK4006: X509_ATTRIBUTE_create_by_NID already defined in libcrypto.lib(libcrypto-1_1-x64.dll); second definition ignored
libcrypto_static.lib(x509_att.obj) : warning LNK4006: X509_ATTRIBUTE_create_by_OBJ already defined in libcrypto.lib(libcrypto-1_1-x64.dll); second definition ignored
libcrypto_static.lib(x509_att.obj) : warning LNK4006: X509_ATTRIBUTE_create_by_txt already defined in libcrypto.lib(libcrypto-1_1-x64.dll); second definition ignored
libcrypto_static.lib(x509_att.obj) : warning LNK4006: X509_ATTRIBUTE_set1_object already defined in libcrypto.lib(libcrypto-1_1-x64.dll); second definition ignored
libcrypto_static.lib(x509_att.obj) : warning LNK4006: X509_ATTRIBUTE_set1_data already defined in libcrypto.lib(libcrypto-1_1-x64.dll); second definition ignored
libcrypto_static.lib(x509_att.obj) : warning LNK4006: X509_ATTRIBUTE_get0_data already defined in libcrypto.lib(libcrypto-1_1-x64.dll); second definition ignored
libcrypto_static.lib(x509_att.obj) : warning LNK4006: X509_ATTRIBUTE_count already defined in libcrypto.lib(libcrypto-1_1-x64.dll); second definition ignored
libcrypto_static.lib(x509_att.obj) : warning LNK4006: X509_ATTRIBUTE_get0_object already defined in libcrypto.lib(libcrypto-1_1-x64.dll); second definition ignored
libcrypto_static.lib(x509_att.obj) : warning LNK4006: X509_ATTRIBUTE_get0_type already defined in libcrypto.lib(libcrypto-1_1-x64.dll); second definition ignored
libcrypto_static.lib(x509_cmp.obj) : warning LNK4006: X509_get_serialNumber already defined in libcrypto.lib(libcrypto-1_1-x64.dll); second definition ignored
libcrypto_static.lib(x509_cmp.obj) : warning LNK4006: X509_get0_serialNumber already defined in libcrypto.lib(libcrypto-1_1-x64.dll); second definition ignored
libcrypto_static.lib(x509_cmp.obj) : warning LNK4006: X509_get_issuer_name already defined in libcrypto.lib(libcrypto-1_1-x64.dll); second definition ignored
libcrypto_static.lib(x509_cmp.obj) : warning LNK4006: X509_get_subject_name already defined in libcrypto.lib(libcrypto-1_1-x64.dll); second definition ignored
libcrypto_static.lib(x509_cmp.obj) : warning LNK4006: X509_get0_pubkey already defined in libcrypto.lib(libcrypto-1_1-x64.dll); second definition ignored
libcrypto_static.lib(x509_cmp.obj) : warning LNK4006: X509_get_pubkey already defined in libcrypto.lib(libcrypto-1_1-x64.dll); second definition ignored
libcrypto_static.lib(x509_cmp.obj) : warning LNK4006: X509_check_private_key already defined in libcrypto.lib(libcrypto-1_1-x64.dll); second definition ignored
libcrypto_static.lib(x509_cmp.obj) : warning LNK4006: X509_chain_check_suiteb already defined in libcrypto.lib(libcrypto-1_1-x64.dll); second definition ignored
libcrypto_static.lib(x509_cmp.obj) : warning LNK4006: X509_CRL_check_suiteb already defined in libcrypto.lib(libcrypto-1_1-x64.dll); second definition ignored
libcrypto_static.lib(x509_cmp.obj) : warning LNK4006: X509_chain_up_ref already defined in libcrypto.lib(libcrypto-1_1-x64.dll); second definition ignored
libcrypto_static.lib(x509_cmp.obj) : warning LNK4006: X509_issuer_and_serial_cmp already defined in libcrypto.lib(libcrypto-1_1-x64.dll); second definition ignored
libcrypto_static.lib(x509_cmp.obj) : warning LNK4006: X509_issuer_and_serial_hash already defined in libcrypto.lib(libcrypto-1_1-x64.dll); second definition ignored
libcrypto_static.lib(x509_cmp.obj) : warning LNK4006: X509_issuer_name_cmp already defined in libcrypto.lib(libcrypto-1_1-x64.dll); second definition ignored
libcrypto_static.lib(x509_cmp.obj) : warning LNK4006: X509_issuer_name_hash already defined in libcrypto.lib(libcrypto-1_1-x64.dll); second definition ignored
libcrypto_static.lib(x509_cmp.obj) : warning LNK4006: X509_subject_name_cmp already defined in libcrypto.lib(libcrypto-1_1-x64.dll); second definition ignored
libcrypto_static.lib(x509_cmp.obj) : warning LNK4006: X509_subject_name_hash already defined in libcrypto.lib(libcrypto-1_1-x64.dll); second definition ignored
libcrypto_static.lib(x509_cmp.obj) : warning LNK4006: X509_issuer_name_hash_old already defined in libcrypto.lib(libcrypto-1_1-x64.dll); second definition ignored
libcrypto_static.lib(x509_cmp.obj) : warning LNK4006: X509_subject_name_hash_old already defined in libcrypto.lib(libcrypto-1_1-x64.dll); second definition ignored
libcrypto_static.lib(x509_cmp.obj) : warning LNK4006: X509_cmp already defined in libcrypto.lib(libcrypto-1_1-x64.dll); second definition ignored
libcrypto_static.lib(x509_cmp.obj) : warning LNK4006: X509_NAME_cmp already defined in libcrypto.lib(libcrypto-1_1-x64.dll); second definition ignored
libcrypto_static.lib(x509_cmp.obj) : warning LNK4006: X509_NAME_hash already defined in libcrypto.lib(libcrypto-1_1-x64.dll); second definition ignored
libcrypto_static.lib(x509_cmp.obj) : warning LNK4006: X509_NAME_hash_old already defined in libcrypto.lib(libcrypto-1_1-x64.dll); second definition ignored
libcrypto_static.lib(x509_cmp.obj) : warning LNK4006: X509_CRL_cmp already defined in libcrypto.lib(libcrypto-1_1-x64.dll); second definition ignored
libcrypto_static.lib(x509_cmp.obj) : warning LNK4006: X509_CRL_match already defined in libcrypto.lib(libcrypto-1_1-x64.dll); second definition ignored
libcrypto_static.lib(x509_cmp.obj) : warning LNK4006: X509_find_by_issuer_and_serial already defined in libcrypto.lib(libcrypto-1_1-x64.dll); second definition ignored
libcrypto_static.lib(x509_cmp.obj) : warning LNK4006: X509_find_by_subject already defined in libcrypto.lib(libcrypto-1_1-x64.dll); second definition ignored
libcrypto_static.lib(x509_d2.obj) : warning LNK4006: X509_STORE_load_locations already defined in libcrypto.lib(libcrypto-1_1-x64.dll); second definition ignored
libcrypto_static.lib(x509_d2.obj) : warning LNK4006: X509_STORE_set_default_paths already defined in libcrypto.lib(libcrypto-1_1-x64.dll); second definition ignored
libcrypto_static.lib(x509_def.obj) : warning LNK4006: X509_get_default_cert_area already defined in libcrypto.lib(libcrypto-1_1-x64.dll); second definition ignored
libcrypto_static.lib(x509_def.obj) : warning LNK4006: X509_get_default_cert_dir already defined in libcrypto.lib(libcrypto-1_1-x64.dll); second definition ignored
libcrypto_static.lib(x509_def.obj) : warning LNK4006: X509_get_default_cert_file already defined in libcrypto.lib(libcrypto-1_1-x64.dll); second definition ignored
libcrypto_static.lib(x509_def.obj) : warning LNK4006: X509_get_default_cert_dir_env already defined in libcrypto.lib(libcrypto-1_1-x64.dll); second definition ignored
libcrypto_static.lib(x509_def.obj) : warning LNK4006: X509_get_default_cert_file_env already defined in libcrypto.lib(libcrypto-1_1-x64.dll); second definition ignored
libcrypto_static.lib(x509_def.obj) : warning LNK4006: X509_get_default_private_dir already defined in libcrypto.lib(libcrypto-1_1-x64.dll); second definition ignored
libcrypto_static.lib(x509_err.obj) : warning LNK4006: ERR_load_X509_strings already defined in libcrypto.lib(libcrypto-1_1-x64.dll); second definition ignored
libcrypto_static.lib(x509_ext.obj) : warning LNK4006: X509_get_ext_count already defined in libcrypto.lib(libcrypto-1_1-x64.dll); second definition ignored
libcrypto_static.lib(x509_ext.obj) : warning LNK4006: X509_get_ext_by_NID already defined in libcrypto.lib(libcrypto-1_1-x64.dll); second definition ignored
libcrypto_static.lib(x509_ext.obj) : warning LNK4006: X509_get_ext_by_OBJ already defined in libcrypto.lib(libcrypto-1_1-x64.dll); second definition ignored
libcrypto_static.lib(x509_ext.obj) : warning LNK4006: X509_get_ext_by_critical already defined in libcrypto.lib(libcrypto-1_1-x64.dll); second definition ignored
libcrypto_static.lib(x509_ext.obj) : warning LNK4006: X509_get_ext already defined in libcrypto.lib(libcrypto-1_1-x64.dll); second definition ignored
libcrypto_static.lib(x509_ext.obj) : warning LNK4006: X509_delete_ext already defined in libcrypto.lib(libcrypto-1_1-x64.dll); second definition ignored
libcrypto_static.lib(x509_ext.obj) : warning LNK4006: X509_add_ext already defined in libcrypto.lib(libcrypto-1_1-x64.dll); second definition ignored
libcrypto_static.lib(x509_ext.obj) : warning LNK4006: X509_get_ext_d2i already defined in libcrypto.lib(libcrypto-1_1-x64.dll); second definition ignored
libcrypto_static.lib(x509_ext.obj) : warning LNK4006: X509_add1_ext_i2d already defined in libcrypto.lib(libcrypto-1_1-x64.dll); second definition ignored
libcrypto_static.lib(x509_ext.obj) : warning LNK4006: X509_CRL_get_ext_count already defined in libcrypto.lib(libcrypto-1_1-x64.dll); second definition ignored
libcrypto_static.lib(x509_ext.obj) : warning LNK4006: X509_CRL_get_ext_by_NID already defined in libcrypto.lib(libcrypto-1_1-x64.dll); second definition ignored
libcrypto_static.lib(x509_ext.obj) : warning LNK4006: X509_CRL_get_ext_by_OBJ already defined in libcrypto.lib(libcrypto-1_1-x64.dll); second definition ignored
libcrypto_static.lib(x509_ext.obj) : warning LNK4006: X509_CRL_get_ext_by_critical already defined in libcrypto.lib(libcrypto-1_1-x64.dll); second definition ignored
libcrypto_static.lib(x509_ext.obj) : warning LNK4006: X509_CRL_get_ext already defined in libcrypto.lib(libcrypto-1_1-x64.dll); second definition ignored
libcrypto_static.lib(x509_ext.obj) : warning LNK4006: X509_CRL_delete_ext already defined in libcrypto.lib(libcrypto-1_1-x64.dll); second definition ignored
libcrypto_static.lib(x509_ext.obj) : warning LNK4006: X509_CRL_add_ext already defined in libcrypto.lib(libcrypto-1_1-x64.dll); second definition ignored
libcrypto_static.lib(x509_ext.obj) : warning LNK4006: X509_CRL_get_ext_d2i already defined in libcrypto.lib(libcrypto-1_1-x64.dll); second definition ignored
libcrypto_static.lib(x509_ext.obj) : warning LNK4006: X509_CRL_add1_ext_i2d already defined in libcrypto.lib(libcrypto-1_1-x64.dll); second definition ignored
libcrypto_static.lib(x509_ext.obj) : warning LNK4006: X509_REVOKED_get_ext_count already defined in libcrypto.lib(libcrypto-1_1-x64.dll); second definition ignored
libcrypto_static.lib(x509_ext.obj) : warning LNK4006: X509_REVOKED_get_ext_by_NID already defined in libcrypto.lib(libcrypto-1_1-x64.dll); second definition ignored
libcrypto_static.lib(x509_ext.obj) : warning LNK4006: X509_REVOKED_get_ext_by_OBJ already defined in libcrypto.lib(libcrypto-1_1-x64.dll); second definition ignored
libcrypto_static.lib(x509_ext.obj) : warning LNK4006: X509_REVOKED_get_ext_by_critical already defined in libcrypto.lib(libcrypto-1_1-x64.dll); second definition ignored
libcrypto_static.lib(x509_ext.obj) : warning LNK4006: X509_REVOKED_get_ext already defined in libcrypto.lib(libcrypto-1_1-x64.dll); second definition ignored
libcrypto_static.lib(x509_ext.obj) : warning LNK4006: X509_REVOKED_delete_ext already defined in libcrypto.lib(libcrypto-1_1-x64.dll); second definition ignored
libcrypto_static.lib(x509_ext.obj) : warning LNK4006: X509_REVOKED_add_ext already defined in libcrypto.lib(libcrypto-1_1-x64.dll); second definition ignored
libcrypto_static.lib(x509_ext.obj) : warning LNK4006: X509_REVOKED_get_ext_d2i already defined in libcrypto.lib(libcrypto-1_1-x64.dll); second definition ignored
libcrypto_static.lib(x509_ext.obj) : warning LNK4006: X509_REVOKED_add1_ext_i2d already defined in libcrypto.lib(libcrypto-1_1-x64.dll); second definition ignored
libcrypto_static.lib(x509_lu.obj) : warning LNK4006: X509_STORE_set_depth already defined in libcrypto.lib(libcrypto-1_1-x64.dll); second definition ignored
libcrypto_static.lib(x509_lu.obj) : warning LNK4006: X509_OBJECT_idx_by_subject already defined in libcrypto.lib(libcrypto-1_1-x64.dll); second definition ignored
libcrypto_static.lib(x509_lu.obj) : warning LNK4006: X509_OBJECT_retrieve_by_subject already defined in libcrypto.lib(libcrypto-1_1-x64.dll); second definition ignored
libcrypto_static.lib(x509_lu.obj) : warning LNK4006: X509_OBJECT_retrieve_match already defined in libcrypto.lib(libcrypto-1_1-x64.dll); second definition ignored
libcrypto_static.lib(x509_lu.obj) : warning LNK4006: X509_OBJECT_up_ref_count already defined in libcrypto.lib(libcrypto-1_1-x64.dll); second definition ignored
libcrypto_static.lib(x509_lu.obj) : warning LNK4006: X509_OBJECT_new already defined in libcrypto.lib(libcrypto-1_1-x64.dll); second definition ignored
libcrypto_static.lib(x509_lu.obj) : warning LNK4006: X509_OBJECT_free already defined in libcrypto.lib(libcrypto-1_1-x64.dll); second definition ignored
libcrypto_static.lib(x509_lu.obj) : warning LNK4006: X509_OBJECT_get_type already defined in libcrypto.lib(libcrypto-1_1-x64.dll); second definition ignored
libcrypto_static.lib(x509_lu.obj) : warning LNK4006: X509_OBJECT_get0_X509 already defined in libcrypto.lib(libcrypto-1_1-x64.dll); second definition ignored
libcrypto_static.lib(x509_lu.obj) : warning LNK4006: X509_OBJECT_set1_X509 already defined in libcrypto.lib(libcrypto-1_1-x64.dll); second definition ignored
libcrypto_static.lib(x509_lu.obj) : warning LNK4006: X509_OBJECT_get0_X509_CRL already defined in libcrypto.lib(libcrypto-1_1-x64.dll); second definition ignored
libcrypto_static.lib(x509_lu.obj) : warning LNK4006: X509_OBJECT_set1_X509_CRL already defined in libcrypto.lib(libcrypto-1_1-x64.dll); second definition ignored
libcrypto_static.lib(x509_lu.obj) : warning LNK4006: X509_STORE_new already defined in libcrypto.lib(libcrypto-1_1-x64.dll); second definition ignored
libcrypto_static.lib(x509_lu.obj) : warning LNK4006: X509_STORE_free already defined in libcrypto.lib(libcrypto-1_1-x64.dll); second definition ignored
libcrypto_static.lib(x509_lu.obj) : warning LNK4006: X509_STORE_lock already defined in libcrypto.lib(libcrypto-1_1-x64.dll); second definition ignored
libcrypto_static.lib(x509_lu.obj) : warning LNK4006: X509_STORE_unlock already defined in libcrypto.lib(libcrypto-1_1-x64.dll); second definition ignored
libcrypto_static.lib(x509_lu.obj) : warning LNK4006: X509_STORE_up_ref already defined in libcrypto.lib(libcrypto-1_1-x64.dll); second definition ignored
libcrypto_static.lib(x509_lu.obj) : warning LNK4006: X509_STORE_get0_objects already defined in libcrypto.lib(libcrypto-1_1-x64.dll); second definition ignored
libcrypto_static.lib(x509_lu.obj) : warning LNK4006: X509_STORE_CTX_get1_certs already defined in libcrypto.lib(libcrypto-1_1-x64.dll); second definition ignored
libcrypto_static.lib(x509_lu.obj) : warning LNK4006: X509_STORE_CTX_get1_crls already defined in libcrypto.lib(libcrypto-1_1-x64.dll); second definition ignored
libcrypto_static.lib(x509_lu.obj) : warning LNK4006: X509_STORE_set_flags already defined in libcrypto.lib(libcrypto-1_1-x64.dll); second definition ignored
libcrypto_static.lib(x509_lu.obj) : warning LNK4006: X509_STORE_set_purpose already defined in libcrypto.lib(libcrypto-1_1-x64.dll); second definition ignored
libcrypto_static.lib(x509_lu.obj) : warning LNK4006: X509_STORE_set_trust already defined in libcrypto.lib(libcrypto-1_1-x64.dll); second definition ignored
libcrypto_static.lib(x509_lu.obj) : warning LNK4006: X509_STORE_set1_param already defined in libcrypto.lib(libcrypto-1_1-x64.dll); second definition ignored
libcrypto_static.lib(x509_lu.obj) : warning LNK4006: X509_STORE_get0_param already defined in libcrypto.lib(libcrypto-1_1-x64.dll); second definition ignored
libcrypto_static.lib(x509_lu.obj) : warning LNK4006: X509_STORE_set_verify already defined in libcrypto.lib(libcrypto-1_1-x64.dll); second definition ignored
libcrypto_static.lib(x509_lu.obj) : warning LNK4006: X509_STORE_get_verify already defined in libcrypto.lib(libcrypto-1_1-x64.dll); second definition ignored
libcrypto_static.lib(x509_lu.obj) : warning LNK4006: X509_STORE_set_verify_cb already defined in libcrypto.lib(libcrypto-1_1-x64.dll); second definition ignored
libcrypto_static.lib(x509_lu.obj) : warning LNK4006: X509_STORE_get_verify_cb already defined in libcrypto.lib(libcrypto-1_1-x64.dll); second definition ignored
libcrypto_static.lib(x509_lu.obj) : warning LNK4006: X509_STORE_set_get_issuer already defined in libcrypto.lib(libcrypto-1_1-x64.dll); second definition ignored
libcrypto_static.lib(x509_lu.obj) : warning LNK4006: X509_STORE_get_get_issuer already defined in libcrypto.lib(libcrypto-1_1-x64.dll); second definition ignored
libcrypto_static.lib(x509_lu.obj) : warning LNK4006: X509_STORE_set_check_issued already defined in libcrypto.lib(libcrypto-1_1-x64.dll); second definition ignored
libcrypto_static.lib(x509_lu.obj) : warning LNK4006: X509_STORE_get_check_issued already defined in libcrypto.lib(libcrypto-1_1-x64.dll); second definition ignored
libcrypto_static.lib(x509_lu.obj) : warning LNK4006: X509_STORE_set_check_revocation already defined in libcrypto.lib(libcrypto-1_1-x64.dll); second definition ignored
libcrypto_static.lib(x509_lu.obj) : warning LNK4006: X509_STORE_get_check_revocation already defined in libcrypto.lib(libcrypto-1_1-x64.dll); second definition ignored
libcrypto_static.lib(x509_lu.obj) : warning LNK4006: X509_STORE_set_get_crl already defined in libcrypto.lib(libcrypto-1_1-x64.dll); second definition ignored
libcrypto_static.lib(x509_lu.obj) : warning LNK4006: X509_STORE_get_get_crl already defined in libcrypto.lib(libcrypto-1_1-x64.dll); second definition ignored
libcrypto_static.lib(x509_lu.obj) : warning LNK4006: X509_STORE_set_check_crl already defined in libcrypto.lib(libcrypto-1_1-x64.dll); second definition ignored
libcrypto_static.lib(x509_lu.obj) : warning LNK4006: X509_STORE_get_check_crl already defined in libcrypto.lib(libcrypto-1_1-x64.dll); second definition ignored
libcrypto_static.lib(x509_lu.obj) : warning LNK4006: X509_STORE_set_cert_crl already defined in libcrypto.lib(libcrypto-1_1-x64.dll); second definition ignored
libcrypto_static.lib(x509_lu.obj) : warning LNK4006: X509_STORE_get_cert_crl already defined in libcrypto.lib(libcrypto-1_1-x64.dll); second definition ignored
libcrypto_static.lib(x509_lu.obj) : warning LNK4006: X509_STORE_set_check_policy already defined in libcrypto.lib(libcrypto-1_1-x64.dll); second definition ignored
libcrypto_static.lib(x509_lu.obj) : warning LNK4006: X509_STORE_get_check_policy already defined in libcrypto.lib(libcrypto-1_1-x64.dll); second definition ignored
libcrypto_static.lib(x509_lu.obj) : warning LNK4006: X509_STORE_set_lookup_certs already defined in libcrypto.lib(libcrypto-1_1-x64.dll); second definition ignored
libcrypto_static.lib(x509_lu.obj) : warning LNK4006: X509_STORE_get_lookup_certs already defined in libcrypto.lib(libcrypto-1_1-x64.dll); second definition ignored
libcrypto_static.lib(x509_lu.obj) : warning LNK4006: X509_STORE_set_lookup_crls already defined in libcrypto.lib(libcrypto-1_1-x64.dll); second definition ignored
libcrypto_static.lib(x509_lu.obj) : warning LNK4006: X509_STORE_get_lookup_crls already defined in libcrypto.lib(libcrypto-1_1-x64.dll); second definition ignored
libcrypto_static.lib(x509_lu.obj) : warning LNK4006: X509_STORE_set_cleanup already defined in libcrypto.lib(libcrypto-1_1-x64.dll); second definition ignored
libcrypto_static.lib(x509_lu.obj) : warning LNK4006: X509_STORE_get_cleanup already defined in libcrypto.lib(libcrypto-1_1-x64.dll); second definition ignored
libcrypto_static.lib(x509_lu.obj) : warning LNK4006: X509_STORE_set_ex_data already defined in libcrypto.lib(libcrypto-1_1-x64.dll); second definition ignored
libcrypto_static.lib(x509_lu.obj) : warning LNK4006: X509_STORE_get_ex_data already defined in libcrypto.lib(libcrypto-1_1-x64.dll); second definition ignored
libcrypto_static.lib(x509_lu.obj) : warning LNK4006: X509_STORE_CTX_get1_issuer already defined in libcrypto.lib(libcrypto-1_1-x64.dll); second definition ignored
libcrypto_static.lib(x509_lu.obj) : warning LNK4006: X509_STORE_CTX_get0_store already defined in libcrypto.lib(libcrypto-1_1-x64.dll); second definition ignored
libcrypto_static.lib(x509_lu.obj) : warning LNK4006: X509_STORE_add_lookup already defined in libcrypto.lib(libcrypto-1_1-x64.dll); second definition ignored
libcrypto_static.lib(x509_lu.obj) : warning LNK4006: X509_STORE_add_cert already defined in libcrypto.lib(libcrypto-1_1-x64.dll); second definition ignored
libcrypto_static.lib(x509_lu.obj) : warning LNK4006: X509_STORE_add_crl already defined in libcrypto.lib(libcrypto-1_1-x64.dll); second definition ignored
libcrypto_static.lib(x509_lu.obj) : warning LNK4006: X509_STORE_CTX_get_by_subject already defined in libcrypto.lib(libcrypto-1_1-x64.dll); second definition ignored
libcrypto_static.lib(x509_lu.obj) : warning LNK4006: X509_STORE_CTX_get_obj_by_subject already defined in libcrypto.lib(libcrypto-1_1-x64.dll); second definition ignored
libcrypto_static.lib(x509_lu.obj) : warning LNK4006: X509_LOOKUP_ctrl already defined in libcrypto.lib(libcrypto-1_1-x64.dll); second definition ignored
libcrypto_static.lib(x509_lu.obj) : warning LNK4006: X509_LOOKUP_new already defined in libcrypto.lib(libcrypto-1_1-x64.dll); second definition ignored
libcrypto_static.lib(x509_lu.obj) : warning LNK4006: X509_LOOKUP_free already defined in libcrypto.lib(libcrypto-1_1-x64.dll); second definition ignored
libcrypto_static.lib(x509_lu.obj) : warning LNK4006: X509_LOOKUP_init already defined in libcrypto.lib(libcrypto-1_1-x64.dll); second definition ignored
libcrypto_static.lib(x509_lu.obj) : warning LNK4006: X509_LOOKUP_by_subject already defined in libcrypto.lib(libcrypto-1_1-x64.dll); second definition ignored
libcrypto_static.lib(x509_lu.obj) : warning LNK4006: X509_LOOKUP_by_issuer_serial already defined in libcrypto.lib(libcrypto-1_1-x64.dll); second definition ignored
libcrypto_static.lib(x509_lu.obj) : warning LNK4006: X509_LOOKUP_by_fingerprint already defined in libcrypto.lib(libcrypto-1_1-x64.dll); second definition ignored
libcrypto_static.lib(x509_lu.obj) : warning LNK4006: X509_LOOKUP_by_alias already defined in libcrypto.lib(libcrypto-1_1-x64.dll); second definition ignored
libcrypto_static.lib(x509_lu.obj) : warning LNK4006: X509_LOOKUP_set_method_data already defined in libcrypto.lib(libcrypto-1_1-x64.dll); second definition ignored
libcrypto_static.lib(x509_lu.obj) : warning LNK4006: X509_LOOKUP_get_method_data already defined in libcrypto.lib(libcrypto-1_1-x64.dll); second definition ignored
libcrypto_static.lib(x509_lu.obj) : warning LNK4006: X509_LOOKUP_get_store already defined in libcrypto.lib(libcrypto-1_1-x64.dll); second definition ignored
libcrypto_static.lib(x509_lu.obj) : warning LNK4006: X509_LOOKUP_shutdown already defined in libcrypto.lib(libcrypto-1_1-x64.dll); second definition ignored
libcrypto_static.lib(x509_meth.obj) : warning LNK4006: X509_LOOKUP_meth_new already defined in libcrypto.lib(libcrypto-1_1-x64.dll); second definition ignored
libcrypto_static.lib(x509_meth.obj) : warning LNK4006: X509_LOOKUP_meth_free already defined in libcrypto.lib(libcrypto-1_1-x64.dll); second definition ignored
libcrypto_static.lib(x509_meth.obj) : warning LNK4006: X509_LOOKUP_meth_set_new_item already defined in libcrypto.lib(libcrypto-1_1-x64.dll); second definition ignored
libcrypto_static.lib(x509_meth.obj) : warning LNK4006: X509_LOOKUP_meth_get_new_item already defined in libcrypto.lib(libcrypto-1_1-x64.dll); second definition ignored
libcrypto_static.lib(x509_meth.obj) : warning LNK4006: X509_LOOKUP_meth_set_free already defined in libcrypto.lib(libcrypto-1_1-x64.dll); second definition ignored
libcrypto_static.lib(x509_meth.obj) : warning LNK4006: X509_LOOKUP_meth_get_free already defined in libcrypto.lib(libcrypto-1_1-x64.dll); second definition ignored
libcrypto_static.lib(x509_meth.obj) : warning LNK4006: X509_LOOKUP_meth_set_init already defined in libcrypto.lib(libcrypto-1_1-x64.dll); second definition ignored
libcrypto_static.lib(x509_meth.obj) : warning LNK4006: X509_LOOKUP_meth_get_init already defined in libcrypto.lib(libcrypto-1_1-x64.dll); second definition ignored
libcrypto_static.lib(x509_meth.obj) : warning LNK4006: X509_LOOKUP_meth_set_shutdown already defined in libcrypto.lib(libcrypto-1_1-x64.dll); second definition ignored
libcrypto_static.lib(x509_meth.obj) : warning LNK4006: X509_LOOKUP_meth_get_shutdown already defined in libcrypto.lib(libcrypto-1_1-x64.dll); second definition ignored
libcrypto_static.lib(x509_meth.obj) : warning LNK4006: X509_LOOKUP_meth_set_ctrl already defined in libcrypto.lib(libcrypto-1_1-x64.dll); second definition ignored
libcrypto_static.lib(x509_meth.obj) : warning LNK4006: X509_LOOKUP_meth_get_ctrl already defined in libcrypto.lib(libcrypto-1_1-x64.dll); second definition ignored
libcrypto_static.lib(x509_meth.obj) : warning LNK4006: X509_LOOKUP_meth_set_get_by_subject already defined in libcrypto.lib(libcrypto-1_1-x64.dll); second definition ignored
libcrypto_static.lib(x509_meth.obj) : warning LNK4006: X509_LOOKUP_meth_get_get_by_subject already defined in libcrypto.lib(libcrypto-1_1-x64.dll); second definition ignored
libcrypto_static.lib(x509_meth.obj) : warning LNK4006: X509_LOOKUP_meth_set_get_by_issuer_serial already defined in libcrypto.lib(libcrypto-1_1-x64.dll); second definition ignored
libcrypto_static.lib(x509_meth.obj) : warning LNK4006: X509_LOOKUP_meth_get_get_by_issuer_serial already defined in libcrypto.lib(libcrypto-1_1-x64.dll); second definition ignored
libcrypto_static.lib(x509_meth.obj) : warning LNK4006: X509_LOOKUP_meth_set_get_by_fingerprint already defined in libcrypto.lib(libcrypto-1_1-x64.dll); second definition ignored
libcrypto_static.lib(x509_meth.obj) : warning LNK4006: X509_LOOKUP_meth_get_get_by_fingerprint already defined in libcrypto.lib(libcrypto-1_1-x64.dll); second definition ignored
libcrypto_static.lib(x509_meth.obj) : warning LNK4006: X509_LOOKUP_meth_set_get_by_alias already defined in libcrypto.lib(libcrypto-1_1-x64.dll); second definition ignored
libcrypto_static.lib(x509_meth.obj) : warning LNK4006: X509_LOOKUP_meth_get_get_by_alias already defined in libcrypto.lib(libcrypto-1_1-x64.dll); second definition ignored
libcrypto_static.lib(x509_obj.obj) : warning LNK4006: X509_NAME_oneline already defined in libcrypto.lib(libcrypto-1_1-x64.dll); second definition ignored
libcrypto_static.lib(x509_r2x.obj) : warning LNK4006: X509_REQ_to_X509 already defined in libcrypto.lib(libcrypto-1_1-x64.dll); second definition ignored
libcrypto_static.lib(x509_req.obj) : warning LNK4006: X509_to_X509_REQ already defined in libcrypto.lib(libcrypto-1_1-x64.dll); second definition ignored
libcrypto_static.lib(x509_req.obj) : warning LNK4006: X509_REQ_get_version already defined in libcrypto.lib(libcrypto-1_1-x64.dll); second definition ignored
libcrypto_static.lib(x509_req.obj) : warning LNK4006: X509_REQ_get_subject_name already defined in libcrypto.lib(libcrypto-1_1-x64.dll); second definition ignored
libcrypto_static.lib(x509_req.obj) : warning LNK4006: X509_REQ_get0_signature already defined in libcrypto.lib(libcrypto-1_1-x64.dll); second definition ignored
libcrypto_static.lib(x509_req.obj) : warning LNK4006: X509_REQ_get_signature_nid already defined in libcrypto.lib(libcrypto-1_1-x64.dll); second definition ignored
libcrypto_static.lib(x509_req.obj) : warning LNK4006: i2d_re_X509_REQ_tbs already defined in libcrypto.lib(libcrypto-1_1-x64.dll); second definition ignored
libcrypto_static.lib(x509_req.obj) : warning LNK4006: X509_REQ_get_pubkey already defined in libcrypto.lib(libcrypto-1_1-x64.dll); second definition ignored
libcrypto_static.lib(x509_req.obj) : warning LNK4006: X509_REQ_get0_pubkey already defined in libcrypto.lib(libcrypto-1_1-x64.dll); second definition ignored
libcrypto_static.lib(x509_req.obj) : warning LNK4006: X509_REQ_get_X509_PUBKEY already defined in libcrypto.lib(libcrypto-1_1-x64.dll); second definition ignored
libcrypto_static.lib(x509_req.obj) : warning LNK4006: X509_REQ_extension_nid already defined in libcrypto.lib(libcrypto-1_1-x64.dll); second definition ignored
libcrypto_static.lib(x509_req.obj) : warning LNK4006: X509_REQ_get_extension_nids already defined in libcrypto.lib(libcrypto-1_1-x64.dll); second definition ignored
libcrypto_static.lib(x509_req.obj) : warning LNK4006: X509_REQ_set_extension_nids already defined in libcrypto.lib(libcrypto-1_1-x64.dll); second definition ignored
libcrypto_static.lib(x509_req.obj) : warning LNK4006: X509_REQ_get_extensions already defined in libcrypto.lib(libcrypto-1_1-x64.dll); second definition ignored
libcrypto_static.lib(x509_req.obj) : warning LNK4006: X509_REQ_add_extensions_nid already defined in libcrypto.lib(libcrypto-1_1-x64.dll); second definition ignored
libcrypto_static.lib(x509_req.obj) : warning LNK4006: X509_REQ_add_extensions already defined in libcrypto.lib(libcrypto-1_1-x64.dll); second definition ignored
libcrypto_static.lib(x509_req.obj) : warning LNK4006: X509_REQ_get_attr_count already defined in libcrypto.lib(libcrypto-1_1-x64.dll); second definition ignored
libcrypto_static.lib(x509_req.obj) : warning LNK4006: X509_REQ_get_attr_by_NID already defined in libcrypto.lib(libcrypto-1_1-x64.dll); second definition ignored
libcrypto_static.lib(x509_req.obj) : warning LNK4006: X509_REQ_get_attr_by_OBJ already defined in libcrypto.lib(libcrypto-1_1-x64.dll); second definition ignored
libcrypto_static.lib(x509_req.obj) : warning LNK4006: X509_REQ_get_attr already defined in libcrypto.lib(libcrypto-1_1-x64.dll); second definition ignored
libcrypto_static.lib(x509_req.obj) : warning LNK4006: X509_REQ_delete_attr already defined in libcrypto.lib(libcrypto-1_1-x64.dll); second definition ignored
libcrypto_static.lib(x509_req.obj) : warning LNK4006: X509_REQ_add1_attr already defined in libcrypto.lib(libcrypto-1_1-x64.dll); second definition ignored
libcrypto_static.lib(x509_req.obj) : warning LNK4006: X509_REQ_add1_attr_by_OBJ already defined in libcrypto.lib(libcrypto-1_1-x64.dll); second definition ignored
libcrypto_static.lib(x509_req.obj) : warning LNK4006: X509_REQ_add1_attr_by_NID already defined in libcrypto.lib(libcrypto-1_1-x64.dll); second definition ignored
libcrypto_static.lib(x509_req.obj) : warning LNK4006: X509_REQ_add1_attr_by_txt already defined in libcrypto.lib(libcrypto-1_1-x64.dll); second definition ignored
libcrypto_static.lib(x509_req.obj) : warning LNK4006: X509_REQ_check_private_key already defined in libcrypto.lib(libcrypto-1_1-x64.dll); second definition ignored
libcrypto_static.lib(x509_set.obj) : warning LNK4006: X509_SIG_INFO_get already defined in libcrypto.lib(libcrypto-1_1-x64.dll); second definition ignored
libcrypto_static.lib(x509_set.obj) : warning LNK4006: X509_SIG_INFO_set already defined in libcrypto.lib(libcrypto-1_1-x64.dll); second definition ignored
libcrypto_static.lib(x509_set.obj) : warning LNK4006: X509_get_signature_info already defined in libcrypto.lib(libcrypto-1_1-x64.dll); second definition ignored
libcrypto_static.lib(x509_set.obj) : warning LNK4006: X509_get_version already defined in libcrypto.lib(libcrypto-1_1-x64.dll); second definition ignored
libcrypto_static.lib(x509_set.obj) : warning LNK4006: X509_set_version already defined in libcrypto.lib(libcrypto-1_1-x64.dll); second definition ignored
libcrypto_static.lib(x509_set.obj) : warning LNK4006: X509_set_serialNumber already defined in libcrypto.lib(libcrypto-1_1-x64.dll); second definition ignored
libcrypto_static.lib(x509_set.obj) : warning LNK4006: X509_set_issuer_name already defined in libcrypto.lib(libcrypto-1_1-x64.dll); second definition ignored
libcrypto_static.lib(x509_set.obj) : warning LNK4006: X509_set_subject_name already defined in libcrypto.lib(libcrypto-1_1-x64.dll); second definition ignored
libcrypto_static.lib(x509_set.obj) : warning LNK4006: X509_get0_notBefore already defined in libcrypto.lib(libcrypto-1_1-x64.dll); second definition ignored
libcrypto_static.lib(x509_set.obj) : warning LNK4006: X509_getm_notBefore already defined in libcrypto.lib(libcrypto-1_1-x64.dll); second definition ignored
libcrypto_static.lib(x509_set.obj) : warning LNK4006: X509_set1_notBefore already defined in libcrypto.lib(libcrypto-1_1-x64.dll); second definition ignored
libcrypto_static.lib(x509_set.obj) : warning LNK4006: X509_get0_notAfter already defined in libcrypto.lib(libcrypto-1_1-x64.dll); second definition ignored
libcrypto_static.lib(x509_set.obj) : warning LNK4006: X509_getm_notAfter already defined in libcrypto.lib(libcrypto-1_1-x64.dll); second definition ignored
libcrypto_static.lib(x509_set.obj) : warning LNK4006: X509_set1_notAfter already defined in libcrypto.lib(libcrypto-1_1-x64.dll); second definition ignored
libcrypto_static.lib(x509_set.obj) : warning LNK4006: X509_set_pubkey already defined in libcrypto.lib(libcrypto-1_1-x64.dll); second definition ignored
libcrypto_static.lib(x509_set.obj) : warning LNK4006: X509_up_ref already defined in libcrypto.lib(libcrypto-1_1-x64.dll); second definition ignored
libcrypto_static.lib(x509_set.obj) : warning LNK4006: X509_get_signature_type already defined in libcrypto.lib(libcrypto-1_1-x64.dll); second definition ignored
libcrypto_static.lib(x509_set.obj) : warning LNK4006: X509_get_X509_PUBKEY already defined in libcrypto.lib(libcrypto-1_1-x64.dll); second definition ignored
libcrypto_static.lib(x509_set.obj) : warning LNK4006: X509_get0_extensions already defined in libcrypto.lib(libcrypto-1_1-x64.dll); second definition ignored
libcrypto_static.lib(x509_set.obj) : warning LNK4006: X509_get0_uids already defined in libcrypto.lib(libcrypto-1_1-x64.dll); second definition ignored
libcrypto_static.lib(x509_set.obj) : warning LNK4006: X509_get0_tbs_sigalg already defined in libcrypto.lib(libcrypto-1_1-x64.dll); second definition ignored
libcrypto_static.lib(x509_trs.obj) : warning LNK4006: X509_TRUST_set_default already defined in libcrypto.lib(libcrypto-1_1-x64.dll); second definition ignored
libcrypto_static.lib(x509_trs.obj) : warning LNK4006: X509_TRUST_set already defined in libcrypto.lib(libcrypto-1_1-x64.dll); second definition ignored
libcrypto_static.lib(x509_trs.obj) : warning LNK4006: X509_check_trust already defined in libcrypto.lib(libcrypto-1_1-x64.dll); second definition ignored
libcrypto_static.lib(x509_trs.obj) : warning LNK4006: X509_TRUST_get_count already defined in libcrypto.lib(libcrypto-1_1-x64.dll); second definition ignored
libcrypto_static.lib(x509_trs.obj) : warning LNK4006: X509_TRUST_get0 already defined in libcrypto.lib(libcrypto-1_1-x64.dll); second definition ignored
libcrypto_static.lib(x509_trs.obj) : warning LNK4006: X509_TRUST_get_by_id already defined in libcrypto.lib(libcrypto-1_1-x64.dll); second definition ignored
libcrypto_static.lib(x509_trs.obj) : warning LNK4006: X509_TRUST_add already defined in libcrypto.lib(libcrypto-1_1-x64.dll); second definition ignored
libcrypto_static.lib(x509_trs.obj) : warning LNK4006: X509_TRUST_cleanup already defined in libcrypto.lib(libcrypto-1_1-x64.dll); second definition ignored
libcrypto_static.lib(x509_trs.obj) : warning LNK4006: X509_TRUST_get_flags already defined in libcrypto.lib(libcrypto-1_1-x64.dll); second definition ignored
libcrypto_static.lib(x509_trs.obj) : warning LNK4006: X509_TRUST_get0_name already defined in libcrypto.lib(libcrypto-1_1-x64.dll); second definition ignored
libcrypto_static.lib(x509_trs.obj) : warning LNK4006: X509_TRUST_get_trust already defined in libcrypto.lib(libcrypto-1_1-x64.dll); second definition ignored
libcrypto_static.lib(x509_txt.obj) : warning LNK4006: X509_verify_cert_error_string already defined in libcrypto.lib(libcrypto-1_1-x64.dll); second definition ignored
libcrypto_static.lib(x509_v3.obj) : warning LNK4006: X509v3_get_ext_count already defined in libcrypto.lib(libcrypto-1_1-x64.dll); second definition ignored
libcrypto_static.lib(x509_v3.obj) : warning LNK4006: X509v3_get_ext_by_NID already defined in libcrypto.lib(libcrypto-1_1-x64.dll); second definition ignored
libcrypto_static.lib(x509_v3.obj) : warning LNK4006: X509v3_get_ext_by_OBJ already defined in libcrypto.lib(libcrypto-1_1-x64.dll); second definition ignored
libcrypto_static.lib(x509_v3.obj) : warning LNK4006: X509v3_get_ext_by_critical already defined in libcrypto.lib(libcrypto-1_1-x64.dll); second definition ignored
libcrypto_static.lib(x509_v3.obj) : warning LNK4006: X509v3_get_ext already defined in libcrypto.lib(libcrypto-1_1-x64.dll); second definition ignored
libcrypto_static.lib(x509_v3.obj) : warning LNK4006: X509v3_delete_ext already defined in libcrypto.lib(libcrypto-1_1-x64.dll); second definition ignored
libcrypto_static.lib(x509_v3.obj) : warning LNK4006: X509v3_add_ext already defined in libcrypto.lib(libcrypto-1_1-x64.dll); second definition ignored
libcrypto_static.lib(x509_v3.obj) : warning LNK4006: X509_EXTENSION_create_by_NID already defined in libcrypto.lib(libcrypto-1_1-x64.dll); second definition ignored
libcrypto_static.lib(x509_v3.obj) : warning LNK4006: X509_EXTENSION_create_by_OBJ already defined in libcrypto.lib(libcrypto-1_1-x64.dll); second definition ignored
libcrypto_static.lib(x509_v3.obj) : warning LNK4006: X509_EXTENSION_set_object already defined in libcrypto.lib(libcrypto-1_1-x64.dll); second definition ignored
libcrypto_static.lib(x509_v3.obj) : warning LNK4006: X509_EXTENSION_set_critical already defined in libcrypto.lib(libcrypto-1_1-x64.dll); second definition ignored
libcrypto_static.lib(x509_v3.obj) : warning LNK4006: X509_EXTENSION_set_data already defined in libcrypto.lib(libcrypto-1_1-x64.dll); second definition ignored
libcrypto_static.lib(x509_v3.obj) : warning LNK4006: X509_EXTENSION_get_object already defined in libcrypto.lib(libcrypto-1_1-x64.dll); second definition ignored
libcrypto_static.lib(x509_v3.obj) : warning LNK4006: X509_EXTENSION_get_data already defined in libcrypto.lib(libcrypto-1_1-x64.dll); second definition ignored
libcrypto_static.lib(x509_v3.obj) : warning LNK4006: X509_EXTENSION_get_critical already defined in libcrypto.lib(libcrypto-1_1-x64.dll); second definition ignored
libcrypto_static.lib(x509_vfy.obj) : warning LNK4006: X509_STORE_CTX_set_depth already defined in libcrypto.lib(libcrypto-1_1-x64.dll); second definition ignored
libcrypto_static.lib(x509_vfy.obj) : warning LNK4006: X509_STORE_CTX_set_verify already defined in libcrypto.lib(libcrypto-1_1-x64.dll); second definition ignored
libcrypto_static.lib(x509_vfy.obj) : warning LNK4006: X509_STORE_CTX_new already defined in libcrypto.lib(libcrypto-1_1-x64.dll); second definition ignored
libcrypto_static.lib(x509_vfy.obj) : warning LNK4006: X509_STORE_CTX_free already defined in libcrypto.lib(libcrypto-1_1-x64.dll); second definition ignored
libcrypto_static.lib(x509_vfy.obj) : warning LNK4006: X509_STORE_CTX_init already defined in libcrypto.lib(libcrypto-1_1-x64.dll); second definition ignored
libcrypto_static.lib(x509_vfy.obj) : warning LNK4006: X509_STORE_CTX_set0_trusted_stack already defined in libcrypto.lib(libcrypto-1_1-x64.dll); second definition ignored
libcrypto_static.lib(x509_vfy.obj) : warning LNK4006: X509_STORE_CTX_cleanup already defined in libcrypto.lib(libcrypto-1_1-x64.dll); second definition ignored
libcrypto_static.lib(x509_vfy.obj) : warning LNK4006: X509_STORE_CTX_get0_cert already defined in libcrypto.lib(libcrypto-1_1-x64.dll); second definition ignored
libcrypto_static.lib(x509_vfy.obj) : warning LNK4006: X509_STORE_CTX_get0_untrusted already defined in libcrypto.lib(libcrypto-1_1-x64.dll); second definition ignored
libcrypto_static.lib(x509_vfy.obj) : warning LNK4006: X509_STORE_CTX_set0_untrusted already defined in libcrypto.lib(libcrypto-1_1-x64.dll); second definition ignored
libcrypto_static.lib(x509_vfy.obj) : warning LNK4006: X509_STORE_CTX_set_verify_cb already defined in libcrypto.lib(libcrypto-1_1-x64.dll); second definition ignored
libcrypto_static.lib(x509_vfy.obj) : warning LNK4006: X509_STORE_CTX_get_verify_cb already defined in libcrypto.lib(libcrypto-1_1-x64.dll); second definition ignored
libcrypto_static.lib(x509_vfy.obj) : warning LNK4006: X509_STORE_CTX_get_verify already defined in libcrypto.lib(libcrypto-1_1-x64.dll); second definition ignored
libcrypto_static.lib(x509_vfy.obj) : warning LNK4006: X509_STORE_CTX_get_get_issuer already defined in libcrypto.lib(libcrypto-1_1-x64.dll); second definition ignored
libcrypto_static.lib(x509_vfy.obj) : warning LNK4006: X509_STORE_CTX_get_check_issued already defined in libcrypto.lib(libcrypto-1_1-x64.dll); second definition ignored
libcrypto_static.lib(x509_vfy.obj) : warning LNK4006: X509_STORE_CTX_get_check_revocation already defined in libcrypto.lib(libcrypto-1_1-x64.dll); second definition ignored
libcrypto_static.lib(x509_vfy.obj) : warning LNK4006: X509_STORE_CTX_get_get_crl already defined in libcrypto.lib(libcrypto-1_1-x64.dll); second definition ignored
libcrypto_static.lib(x509_vfy.obj) : warning LNK4006: X509_STORE_CTX_get_check_crl already defined in libcrypto.lib(libcrypto-1_1-x64.dll); second definition ignored
libcrypto_static.lib(x509_vfy.obj) : warning LNK4006: X509_STORE_CTX_get_cert_crl already defined in libcrypto.lib(libcrypto-1_1-x64.dll); second definition ignored
libcrypto_static.lib(x509_vfy.obj) : warning LNK4006: X509_STORE_CTX_get_check_policy already defined in libcrypto.lib(libcrypto-1_1-x64.dll); second definition ignored
libcrypto_static.lib(x509_vfy.obj) : warning LNK4006: X509_STORE_CTX_get_lookup_certs already defined in libcrypto.lib(libcrypto-1_1-x64.dll); second definition ignored
libcrypto_static.lib(x509_vfy.obj) : warning LNK4006: X509_STORE_CTX_get_lookup_crls already defined in libcrypto.lib(libcrypto-1_1-x64.dll); second definition ignored
libcrypto_static.lib(x509_vfy.obj) : warning LNK4006: X509_STORE_CTX_get_cleanup already defined in libcrypto.lib(libcrypto-1_1-x64.dll); second definition ignored
libcrypto_static.lib(x509_vfy.obj) : warning LNK4006: X509_STORE_CTX_set_ex_data already defined in libcrypto.lib(libcrypto-1_1-x64.dll); second definition ignored
libcrypto_static.lib(x509_vfy.obj) : warning LNK4006: X509_STORE_CTX_get_ex_data already defined in libcrypto.lib(libcrypto-1_1-x64.dll); second definition ignored
libcrypto_static.lib(x509_vfy.obj) : warning LNK4006: X509_STORE_CTX_get_error already defined in libcrypto.lib(libcrypto-1_1-x64.dll); second definition ignored
libcrypto_static.lib(x509_vfy.obj) : warning LNK4006: X509_STORE_CTX_set_error already defined in libcrypto.lib(libcrypto-1_1-x64.dll); second definition ignored
libcrypto_static.lib(x509_vfy.obj) : warning LNK4006: X509_STORE_CTX_get_error_depth already defined in libcrypto.lib(libcrypto-1_1-x64.dll); second definition ignored
libcrypto_static.lib(x509_vfy.obj) : warning LNK4006: X509_STORE_CTX_set_error_depth already defined in libcrypto.lib(libcrypto-1_1-x64.dll); second definition ignored
libcrypto_static.lib(x509_vfy.obj) : warning LNK4006: X509_STORE_CTX_get_current_cert already defined in libcrypto.lib(libcrypto-1_1-x64.dll); second definition ignored
libcrypto_static.lib(x509_vfy.obj) : warning LNK4006: X509_STORE_CTX_set_current_cert already defined in libcrypto.lib(libcrypto-1_1-x64.dll); second definition ignored
libcrypto_static.lib(x509_vfy.obj) : warning LNK4006: X509_STORE_CTX_get0_current_issuer already defined in libcrypto.lib(libcrypto-1_1-x64.dll); second definition ignored
libcrypto_static.lib(x509_vfy.obj) : warning LNK4006: X509_STORE_CTX_get0_current_crl already defined in libcrypto.lib(libcrypto-1_1-x64.dll); second definition ignored
libcrypto_static.lib(x509_vfy.obj) : warning LNK4006: X509_STORE_CTX_get0_parent_ctx already defined in libcrypto.lib(libcrypto-1_1-x64.dll); second definition ignored
libcrypto_static.lib(x509_vfy.obj) : warning LNK4006: X509_STORE_CTX_get0_chain already defined in libcrypto.lib(libcrypto-1_1-x64.dll); second definition ignored
libcrypto_static.lib(x509_vfy.obj) : warning LNK4006: X509_STORE_CTX_get1_chain already defined in libcrypto.lib(libcrypto-1_1-x64.dll); second definition ignored
libcrypto_static.lib(x509_vfy.obj) : warning LNK4006: X509_STORE_CTX_set_cert already defined in libcrypto.lib(libcrypto-1_1-x64.dll); second definition ignored
libcrypto_static.lib(x509_vfy.obj) : warning LNK4006: X509_STORE_CTX_set0_verified_chain already defined in libcrypto.lib(libcrypto-1_1-x64.dll); second definition ignored
libcrypto_static.lib(x509_vfy.obj) : warning LNK4006: X509_STORE_CTX_set0_crls already defined in libcrypto.lib(libcrypto-1_1-x64.dll); second definition ignored
libcrypto_static.lib(x509_vfy.obj) : warning LNK4006: X509_STORE_CTX_set_purpose already defined in libcrypto.lib(libcrypto-1_1-x64.dll); second definition ignored
libcrypto_static.lib(x509_vfy.obj) : warning LNK4006: X509_STORE_CTX_set_trust already defined in libcrypto.lib(libcrypto-1_1-x64.dll); second definition ignored
libcrypto_static.lib(x509_vfy.obj) : warning LNK4006: X509_STORE_CTX_purpose_inherit already defined in libcrypto.lib(libcrypto-1_1-x64.dll); second definition ignored
libcrypto_static.lib(x509_vfy.obj) : warning LNK4006: X509_STORE_CTX_set_flags already defined in libcrypto.lib(libcrypto-1_1-x64.dll); second definition ignored
libcrypto_static.lib(x509_vfy.obj) : warning LNK4006: X509_STORE_CTX_set_time already defined in libcrypto.lib(libcrypto-1_1-x64.dll); second definition ignored
libcrypto_static.lib(x509_vfy.obj) : warning LNK4006: X509_STORE_CTX_get0_policy_tree already defined in libcrypto.lib(libcrypto-1_1-x64.dll); second definition ignored
libcrypto_static.lib(x509_vfy.obj) : warning LNK4006: X509_STORE_CTX_get_explicit_policy already defined in libcrypto.lib(libcrypto-1_1-x64.dll); second definition ignored
libcrypto_static.lib(x509_vfy.obj) : warning LNK4006: X509_STORE_CTX_get_num_untrusted already defined in libcrypto.lib(libcrypto-1_1-x64.dll); second definition ignored
libcrypto_static.lib(x509_vfy.obj) : warning LNK4006: X509_STORE_CTX_get0_param already defined in libcrypto.lib(libcrypto-1_1-x64.dll); second definition ignored
libcrypto_static.lib(x509_vfy.obj) : warning LNK4006: X509_STORE_CTX_set0_param already defined in libcrypto.lib(libcrypto-1_1-x64.dll); second definition ignored
libcrypto_static.lib(x509_vfy.obj) : warning LNK4006: X509_STORE_CTX_set_default already defined in libcrypto.lib(libcrypto-1_1-x64.dll); second definition ignored
libcrypto_static.lib(x509_vfy.obj) : warning LNK4006: X509_STORE_CTX_set0_dane already defined in libcrypto.lib(libcrypto-1_1-x64.dll); second definition ignored
libcrypto_static.lib(x509_vfy.obj) : warning LNK4006: X509_cmp_time already defined in libcrypto.lib(libcrypto-1_1-x64.dll); second definition ignored
libcrypto_static.lib(x509_vfy.obj) : warning LNK4006: X509_cmp_current_time already defined in libcrypto.lib(libcrypto-1_1-x64.dll); second definition ignored
libcrypto_static.lib(x509_vfy.obj) : warning LNK4006: X509_time_adj already defined in libcrypto.lib(libcrypto-1_1-x64.dll); second definition ignored
libcrypto_static.lib(x509_vfy.obj) : warning LNK4006: X509_time_adj_ex already defined in libcrypto.lib(libcrypto-1_1-x64.dll); second definition ignored
libcrypto_static.lib(x509_vfy.obj) : warning LNK4006: X509_gmtime_adj already defined in libcrypto.lib(libcrypto-1_1-x64.dll); second definition ignored
libcrypto_static.lib(x509_vfy.obj) : warning LNK4006: X509_get_pubkey_parameters already defined in libcrypto.lib(libcrypto-1_1-x64.dll); second definition ignored
libcrypto_static.lib(x509_vfy.obj) : warning LNK4006: X509_CRL_diff already defined in libcrypto.lib(libcrypto-1_1-x64.dll); second definition ignored
libcrypto_static.lib(x509_vfy.obj) : warning LNK4006: X509_verify_cert already defined in libcrypto.lib(libcrypto-1_1-x64.dll); second definition ignored
libcrypto_static.lib(x509_vpm.obj) : warning LNK4006: X509_VERIFY_PARAM_new already defined in libcrypto.lib(libcrypto-1_1-x64.dll); second definition ignored
libcrypto_static.lib(x509_vpm.obj) : warning LNK4006: X509_VERIFY_PARAM_free already defined in libcrypto.lib(libcrypto-1_1-x64.dll); second definition ignored
libcrypto_static.lib(x509_vpm.obj) : warning LNK4006: X509_VERIFY_PARAM_inherit already defined in libcrypto.lib(libcrypto-1_1-x64.dll); second definition ignored
libcrypto_static.lib(x509_vpm.obj) : warning LNK4006: X509_VERIFY_PARAM_set1 already defined in libcrypto.lib(libcrypto-1_1-x64.dll); second definition ignored
libcrypto_static.lib(x509_vpm.obj) : warning LNK4006: X509_VERIFY_PARAM_set1_name already defined in libcrypto.lib(libcrypto-1_1-x64.dll); second definition ignored
libcrypto_static.lib(x509_vpm.obj) : warning LNK4006: X509_VERIFY_PARAM_set_flags already defined in libcrypto.lib(libcrypto-1_1-x64.dll); second definition ignored
libcrypto_static.lib(x509_vpm.obj) : warning LNK4006: X509_VERIFY_PARAM_clear_flags already defined in libcrypto.lib(libcrypto-1_1-x64.dll); second definition ignored
libcrypto_static.lib(x509_vpm.obj) : warning LNK4006: X509_VERIFY_PARAM_get_flags already defined in libcrypto.lib(libcrypto-1_1-x64.dll); second definition ignored
libcrypto_static.lib(x509_vpm.obj) : warning LNK4006: X509_VERIFY_PARAM_set_purpose already defined in libcrypto.lib(libcrypto-1_1-x64.dll); second definition ignored
libcrypto_static.lib(x509_vpm.obj) : warning LNK4006: X509_VERIFY_PARAM_set_trust already defined in libcrypto.lib(libcrypto-1_1-x64.dll); second definition ignored
libcrypto_static.lib(x509_vpm.obj) : warning LNK4006: X509_VERIFY_PARAM_set_depth already defined in libcrypto.lib(libcrypto-1_1-x64.dll); second definition ignored
libcrypto_static.lib(x509_vpm.obj) : warning LNK4006: X509_VERIFY_PARAM_set_auth_level already defined in libcrypto.lib(libcrypto-1_1-x64.dll); second definition ignored
libcrypto_static.lib(x509_vpm.obj) : warning LNK4006: X509_VERIFY_PARAM_get_time already defined in libcrypto.lib(libcrypto-1_1-x64.dll); second definition ignored
libcrypto_static.lib(x509_vpm.obj) : warning LNK4006: X509_VERIFY_PARAM_set_time already defined in libcrypto.lib(libcrypto-1_1-x64.dll); second definition ignored
libcrypto_static.lib(x509_vpm.obj) : warning LNK4006: X509_VERIFY_PARAM_add0_policy already defined in libcrypto.lib(libcrypto-1_1-x64.dll); second definition ignored
libcrypto_static.lib(x509_vpm.obj) : warning LNK4006: X509_VERIFY_PARAM_set1_policies already defined in libcrypto.lib(libcrypto-1_1-x64.dll); second definition ignored
libcrypto_static.lib(x509_vpm.obj) : warning LNK4006: X509_VERIFY_PARAM_set_inh_flags already defined in libcrypto.lib(libcrypto-1_1-x64.dll); second definition ignored
libcrypto_static.lib(x509_vpm.obj) : warning LNK4006: X509_VERIFY_PARAM_get_inh_flags already defined in libcrypto.lib(libcrypto-1_1-x64.dll); second definition ignored
libcrypto_static.lib(x509_vpm.obj) : warning LNK4006: X509_VERIFY_PARAM_set1_host already defined in libcrypto.lib(libcrypto-1_1-x64.dll); second definition ignored
libcrypto_static.lib(x509_vpm.obj) : warning LNK4006: X509_VERIFY_PARAM_add1_host already defined in libcrypto.lib(libcrypto-1_1-x64.dll); second definition ignored
libcrypto_static.lib(x509_vpm.obj) : warning LNK4006: X509_VERIFY_PARAM_set_hostflags already defined in libcrypto.lib(libcrypto-1_1-x64.dll); second definition ignored
libcrypto_static.lib(x509_vpm.obj) : warning LNK4006: X509_VERIFY_PARAM_get_hostflags already defined in libcrypto.lib(libcrypto-1_1-x64.dll); second definition ignored
libcrypto_static.lib(x509_vpm.obj) : warning LNK4006: X509_VERIFY_PARAM_get0_peername already defined in libcrypto.lib(libcrypto-1_1-x64.dll); second definition ignored
libcrypto_static.lib(x509_vpm.obj) : warning LNK4006: X509_VERIFY_PARAM_move_peername already defined in libcrypto.lib(libcrypto-1_1-x64.dll); second definition ignored
libcrypto_static.lib(x509_vpm.obj) : warning LNK4006: X509_VERIFY_PARAM_set1_email already defined in libcrypto.lib(libcrypto-1_1-x64.dll); second definition ignored
libcrypto_static.lib(x509_vpm.obj) : warning LNK4006: X509_VERIFY_PARAM_set1_ip already defined in libcrypto.lib(libcrypto-1_1-x64.dll); second definition ignored
libcrypto_static.lib(x509_vpm.obj) : warning LNK4006: X509_VERIFY_PARAM_set1_ip_asc already defined in libcrypto.lib(libcrypto-1_1-x64.dll); second definition ignored
libcrypto_static.lib(x509_vpm.obj) : warning LNK4006: X509_VERIFY_PARAM_get_depth already defined in libcrypto.lib(libcrypto-1_1-x64.dll); second definition ignored
libcrypto_static.lib(x509_vpm.obj) : warning LNK4006: X509_VERIFY_PARAM_get_auth_level already defined in libcrypto.lib(libcrypto-1_1-x64.dll); second definition ignored
libcrypto_static.lib(x509_vpm.obj) : warning LNK4006: X509_VERIFY_PARAM_get0_name already defined in libcrypto.lib(libcrypto-1_1-x64.dll); second definition ignored
libcrypto_static.lib(x509_vpm.obj) : warning LNK4006: X509_VERIFY_PARAM_add0_table already defined in libcrypto.lib(libcrypto-1_1-x64.dll); second definition ignored
libcrypto_static.lib(x509_vpm.obj) : warning LNK4006: X509_VERIFY_PARAM_get_count already defined in libcrypto.lib(libcrypto-1_1-x64.dll); second definition ignored
libcrypto_static.lib(x509_vpm.obj) : warning LNK4006: X509_VERIFY_PARAM_get0 already defined in libcrypto.lib(libcrypto-1_1-x64.dll); second definition ignored
libcrypto_static.lib(x509_vpm.obj) : warning LNK4006: X509_VERIFY_PARAM_lookup already defined in libcrypto.lib(libcrypto-1_1-x64.dll); second definition ignored
libcrypto_static.lib(x509_vpm.obj) : warning LNK4006: X509_VERIFY_PARAM_table_cleanup already defined in libcrypto.lib(libcrypto-1_1-x64.dll); second definition ignored
libcrypto_static.lib(x509cset.obj) : warning LNK4006: X509_CRL_set_version already defined in libcrypto.lib(libcrypto-1_1-x64.dll); second definition ignored
libcrypto_static.lib(x509cset.obj) : warning LNK4006: X509_CRL_set_issuer_name already defined in libcrypto.lib(libcrypto-1_1-x64.dll); second definition ignored
libcrypto_static.lib(x509cset.obj) : warning LNK4006: X509_CRL_set1_lastUpdate already defined in libcrypto.lib(libcrypto-1_1-x64.dll); second definition ignored
libcrypto_static.lib(x509cset.obj) : warning LNK4006: X509_CRL_set1_nextUpdate already defined in libcrypto.lib(libcrypto-1_1-x64.dll); second definition ignored
libcrypto_static.lib(x509cset.obj) : warning LNK4006: X509_CRL_sort already defined in libcrypto.lib(libcrypto-1_1-x64.dll); second definition ignored
libcrypto_static.lib(x509cset.obj) : warning LNK4006: X509_CRL_up_ref already defined in libcrypto.lib(libcrypto-1_1-x64.dll); second definition ignored
libcrypto_static.lib(x509cset.obj) : warning LNK4006: X509_CRL_get_version already defined in libcrypto.lib(libcrypto-1_1-x64.dll); second definition ignored
libcrypto_static.lib(x509cset.obj) : warning LNK4006: X509_CRL_get0_lastUpdate already defined in libcrypto.lib(libcrypto-1_1-x64.dll); second definition ignored
libcrypto_static.lib(x509cset.obj) : warning LNK4006: X509_CRL_get0_nextUpdate already defined in libcrypto.lib(libcrypto-1_1-x64.dll); second definition ignored
libcrypto_static.lib(x509cset.obj) : warning LNK4006: X509_CRL_get_lastUpdate already defined in libcrypto.lib(libcrypto-1_1-x64.dll); second definition ignored
libcrypto_static.lib(x509cset.obj) : warning LNK4006: X509_CRL_get_nextUpdate already defined in libcrypto.lib(libcrypto-1_1-x64.dll); second definition ignored
libcrypto_static.lib(x509cset.obj) : warning LNK4006: X509_CRL_get_issuer already defined in libcrypto.lib(libcrypto-1_1-x64.dll); second definition ignored
libcrypto_static.lib(x509cset.obj) : warning LNK4006: X509_CRL_get0_extensions already defined in libcrypto.lib(libcrypto-1_1-x64.dll); second definition ignored
libcrypto_static.lib(x509cset.obj) : warning LNK4006: X509_CRL_get_REVOKED already defined in libcrypto.lib(libcrypto-1_1-x64.dll); second definition ignored
libcrypto_static.lib(x509cset.obj) : warning LNK4006: X509_CRL_get0_signature already defined in libcrypto.lib(libcrypto-1_1-x64.dll); second definition ignored
libcrypto_static.lib(x509cset.obj) : warning LNK4006: X509_CRL_get_signature_nid already defined in libcrypto.lib(libcrypto-1_1-x64.dll); second definition ignored
libcrypto_static.lib(x509cset.obj) : warning LNK4006: i2d_re_X509_CRL_tbs already defined in libcrypto.lib(libcrypto-1_1-x64.dll); second definition ignored
libcrypto_static.lib(x509cset.obj) : warning LNK4006: X509_REVOKED_get0_serialNumber already defined in libcrypto.lib(libcrypto-1_1-x64.dll); second definition ignored
libcrypto_static.lib(x509cset.obj) : warning LNK4006: X509_REVOKED_set_serialNumber already defined in libcrypto.lib(libcrypto-1_1-x64.dll); second definition ignored
libcrypto_static.lib(x509cset.obj) : warning LNK4006: X509_REVOKED_get0_revocationDate already defined in libcrypto.lib(libcrypto-1_1-x64.dll); second definition ignored
libcrypto_static.lib(x509cset.obj) : warning LNK4006: X509_REVOKED_set_revocationDate already defined in libcrypto.lib(libcrypto-1_1-x64.dll); second definition ignored
libcrypto_static.lib(x509cset.obj) : warning LNK4006: X509_REVOKED_get0_extensions already defined in libcrypto.lib(libcrypto-1_1-x64.dll); second definition ignored
libcrypto_static.lib(x509name.obj) : warning LNK4006: X509_NAME_entry_count already defined in libcrypto.lib(libcrypto-1_1-x64.dll); second definition ignored
libcrypto_static.lib(x509name.obj) : warning LNK4006: X509_NAME_get_text_by_NID already defined in libcrypto.lib(libcrypto-1_1-x64.dll); second definition ignored
libcrypto_static.lib(x509name.obj) : warning LNK4006: X509_NAME_get_text_by_OBJ already defined in libcrypto.lib(libcrypto-1_1-x64.dll); second definition ignored
libcrypto_static.lib(x509name.obj) : warning LNK4006: X509_NAME_get_index_by_NID already defined in libcrypto.lib(libcrypto-1_1-x64.dll); second definition ignored
libcrypto_static.lib(x509name.obj) : warning LNK4006: X509_NAME_get_index_by_OBJ already defined in libcrypto.lib(libcrypto-1_1-x64.dll); second definition ignored
libcrypto_static.lib(x509name.obj) : warning LNK4006: X509_NAME_get_entry already defined in libcrypto.lib(libcrypto-1_1-x64.dll); second definition ignored
libcrypto_static.lib(x509name.obj) : warning LNK4006: X509_NAME_delete_entry already defined in libcrypto.lib(libcrypto-1_1-x64.dll); second definition ignored
libcrypto_static.lib(x509name.obj) : warning LNK4006: X509_NAME_add_entry already defined in libcrypto.lib(libcrypto-1_1-x64.dll); second definition ignored
libcrypto_static.lib(x509name.obj) : warning LNK4006: X509_NAME_add_entry_by_OBJ already defined in libcrypto.lib(libcrypto-1_1-x64.dll); second definition ignored
libcrypto_static.lib(x509name.obj) : warning LNK4006: X509_NAME_add_entry_by_NID already defined in libcrypto.lib(libcrypto-1_1-x64.dll); second definition ignored
libcrypto_static.lib(x509name.obj) : warning LNK4006: X509_NAME_ENTRY_create_by_txt already defined in libcrypto.lib(libcrypto-1_1-x64.dll); second definition ignored
libcrypto_static.lib(x509name.obj) : warning LNK4006: X509_NAME_ENTRY_create_by_NID already defined in libcrypto.lib(libcrypto-1_1-x64.dll); second definition ignored
libcrypto_static.lib(x509name.obj) : warning LNK4006: X509_NAME_add_entry_by_txt already defined in libcrypto.lib(libcrypto-1_1-x64.dll); second definition ignored
libcrypto_static.lib(x509name.obj) : warning LNK4006: X509_NAME_ENTRY_create_by_OBJ already defined in libcrypto.lib(libcrypto-1_1-x64.dll); second definition ignored
libcrypto_static.lib(x509name.obj) : warning LNK4006: X509_NAME_ENTRY_set_object already defined in libcrypto.lib(libcrypto-1_1-x64.dll); second definition ignored
libcrypto_static.lib(x509name.obj) : warning LNK4006: X509_NAME_ENTRY_set_data already defined in libcrypto.lib(libcrypto-1_1-x64.dll); second definition ignored
libcrypto_static.lib(x509name.obj) : warning LNK4006: X509_NAME_ENTRY_get_object already defined in libcrypto.lib(libcrypto-1_1-x64.dll); second definition ignored
libcrypto_static.lib(x509name.obj) : warning LNK4006: X509_NAME_ENTRY_get_data already defined in libcrypto.lib(libcrypto-1_1-x64.dll); second definition ignored
libcrypto_static.lib(x509name.obj) : warning LNK4006: X509_NAME_ENTRY_set already defined in libcrypto.lib(libcrypto-1_1-x64.dll); second definition ignored
libcrypto_static.lib(x509rset.obj) : warning LNK4006: X509_REQ_set_version already defined in libcrypto.lib(libcrypto-1_1-x64.dll); second definition ignored
libcrypto_static.lib(x509rset.obj) : warning LNK4006: X509_REQ_set_subject_name already defined in libcrypto.lib(libcrypto-1_1-x64.dll); second definition ignored
libcrypto_static.lib(x509rset.obj) : warning LNK4006: X509_REQ_set_pubkey already defined in libcrypto.lib(libcrypto-1_1-x64.dll); second definition ignored
libcrypto_static.lib(x509spki.obj) : warning LNK4006: NETSCAPE_SPKI_b64_decode already defined in libcrypto.lib(libcrypto-1_1-x64.dll); second definition ignored
libcrypto_static.lib(x509spki.obj) : warning LNK4006: NETSCAPE_SPKI_b64_encode already defined in libcrypto.lib(libcrypto-1_1-x64.dll); second definition ignored
libcrypto_static.lib(x509spki.obj) : warning LNK4006: NETSCAPE_SPKI_get_pubkey already defined in libcrypto.lib(libcrypto-1_1-x64.dll); second definition ignored
libcrypto_static.lib(x509spki.obj) : warning LNK4006: NETSCAPE_SPKI_set_pubkey already defined in libcrypto.lib(libcrypto-1_1-x64.dll); second definition ignored
libcrypto_static.lib(x509type.obj) : warning LNK4006: X509_certificate_type already defined in libcrypto.lib(libcrypto-1_1-x64.dll); second definition ignored
libcrypto_static.lib(x_all.obj) : warning LNK4006: PKCS7_ISSUER_AND_SERIAL_digest already defined in libcrypto.lib(libcrypto-1_1-x64.dll); second definition ignored
libcrypto_static.lib(x_all.obj) : warning LNK4006: d2i_PKCS7_fp already defined in libcrypto.lib(libcrypto-1_1-x64.dll); second definition ignored
libcrypto_static.lib(x_all.obj) : warning LNK4006: i2d_PKCS7_fp already defined in libcrypto.lib(libcrypto-1_1-x64.dll); second definition ignored
libcrypto_static.lib(x_all.obj) : warning LNK4006: d2i_PKCS7_bio already defined in libcrypto.lib(libcrypto-1_1-x64.dll); second definition ignored
libcrypto_static.lib(x_all.obj) : warning LNK4006: i2d_PKCS7_bio already defined in libcrypto.lib(libcrypto-1_1-x64.dll); second definition ignored
libcrypto_static.lib(x_all.obj) : warning LNK4006: X509_verify already defined in libcrypto.lib(libcrypto-1_1-x64.dll); second definition ignored
libcrypto_static.lib(x_all.obj) : warning LNK4006: X509_REQ_verify already defined in libcrypto.lib(libcrypto-1_1-x64.dll); second definition ignored
libcrypto_static.lib(x_all.obj) : warning LNK4006: NETSCAPE_SPKI_verify already defined in libcrypto.lib(libcrypto-1_1-x64.dll); second definition ignored
libcrypto_static.lib(x_all.obj) : warning LNK4006: X509_sign already defined in libcrypto.lib(libcrypto-1_1-x64.dll); second definition ignored
libcrypto_static.lib(x_all.obj) : warning LNK4006: X509_sign_ctx already defined in libcrypto.lib(libcrypto-1_1-x64.dll); second definition ignored
libcrypto_static.lib(x_all.obj) : warning LNK4006: X509_http_nbio already defined in libcrypto.lib(libcrypto-1_1-x64.dll); second definition ignored
libcrypto_static.lib(x_all.obj) : warning LNK4006: X509_REQ_sign already defined in libcrypto.lib(libcrypto-1_1-x64.dll); second definition ignored
libcrypto_static.lib(x_all.obj) : warning LNK4006: X509_REQ_sign_ctx already defined in libcrypto.lib(libcrypto-1_1-x64.dll); second definition ignored
libcrypto_static.lib(x_all.obj) : warning LNK4006: X509_CRL_sign already defined in libcrypto.lib(libcrypto-1_1-x64.dll); second definition ignored
libcrypto_static.lib(x_all.obj) : warning LNK4006: X509_CRL_sign_ctx already defined in libcrypto.lib(libcrypto-1_1-x64.dll); second definition ignored
libcrypto_static.lib(x_all.obj) : warning LNK4006: X509_CRL_http_nbio already defined in libcrypto.lib(libcrypto-1_1-x64.dll); second definition ignored
libcrypto_static.lib(x_all.obj) : warning LNK4006: NETSCAPE_SPKI_sign already defined in libcrypto.lib(libcrypto-1_1-x64.dll); second definition ignored
libcrypto_static.lib(x_all.obj) : warning LNK4006: X509_pubkey_digest already defined in libcrypto.lib(libcrypto-1_1-x64.dll); second definition ignored
libcrypto_static.lib(x_all.obj) : warning LNK4006: X509_digest already defined in libcrypto.lib(libcrypto-1_1-x64.dll); second definition ignored
libcrypto_static.lib(x_all.obj) : warning LNK4006: X509_CRL_digest already defined in libcrypto.lib(libcrypto-1_1-x64.dll); second definition ignored
libcrypto_static.lib(x_all.obj) : warning LNK4006: X509_REQ_digest already defined in libcrypto.lib(libcrypto-1_1-x64.dll); second definition ignored
libcrypto_static.lib(x_all.obj) : warning LNK4006: X509_NAME_digest already defined in libcrypto.lib(libcrypto-1_1-x64.dll); second definition ignored
libcrypto_static.lib(x_all.obj) : warning LNK4006: d2i_X509_fp already defined in libcrypto.lib(libcrypto-1_1-x64.dll); second definition ignored
libcrypto_static.lib(x_all.obj) : warning LNK4006: i2d_X509_fp already defined in libcrypto.lib(libcrypto-1_1-x64.dll); second definition ignored
libcrypto_static.lib(x_all.obj) : warning LNK4006: d2i_X509_CRL_fp already defined in libcrypto.lib(libcrypto-1_1-x64.dll); second definition ignored
libcrypto_static.lib(x_all.obj) : warning LNK4006: i2d_X509_CRL_fp already defined in libcrypto.lib(libcrypto-1_1-x64.dll); second definition ignored
libcrypto_static.lib(x_all.obj) : warning LNK4006: d2i_X509_REQ_fp already defined in libcrypto.lib(libcrypto-1_1-x64.dll); second definition ignored
libcrypto_static.lib(x_all.obj) : warning LNK4006: i2d_X509_REQ_fp already defined in libcrypto.lib(libcrypto-1_1-x64.dll); second definition ignored
libcrypto_static.lib(x_all.obj) : warning LNK4006: d2i_RSAPrivateKey_fp already defined in libcrypto.lib(libcrypto-1_1-x64.dll); second definition ignored
libcrypto_static.lib(x_all.obj) : warning LNK4006: i2d_RSAPrivateKey_fp already defined in libcrypto.lib(libcrypto-1_1-x64.dll); second definition ignored
libcrypto_static.lib(x_all.obj) : warning LNK4006: d2i_RSAPublicKey_fp already defined in libcrypto.lib(libcrypto-1_1-x64.dll); second definition ignored
libcrypto_static.lib(x_all.obj) : warning LNK4006: i2d_RSAPublicKey_fp already defined in libcrypto.lib(libcrypto-1_1-x64.dll); second definition ignored
libcrypto_static.lib(x_all.obj) : warning LNK4006: d2i_RSA_PUBKEY_fp already defined in libcrypto.lib(libcrypto-1_1-x64.dll); second definition ignored
libcrypto_static.lib(x_all.obj) : warning LNK4006: i2d_RSA_PUBKEY_fp already defined in libcrypto.lib(libcrypto-1_1-x64.dll); second definition ignored
libcrypto_static.lib(x_all.obj) : warning LNK4006: d2i_DSA_PUBKEY_fp already defined in libcrypto.lib(libcrypto-1_1-x64.dll); second definition ignored
libcrypto_static.lib(x_all.obj) : warning LNK4006: i2d_DSA_PUBKEY_fp already defined in libcrypto.lib(libcrypto-1_1-x64.dll); second definition ignored
libcrypto_static.lib(x_all.obj) : warning LNK4006: d2i_DSAPrivateKey_fp already defined in libcrypto.lib(libcrypto-1_1-x64.dll); second definition ignored
libcrypto_static.lib(x_all.obj) : warning LNK4006: i2d_DSAPrivateKey_fp already defined in libcrypto.lib(libcrypto-1_1-x64.dll); second definition ignored
libcrypto_static.lib(x_all.obj) : warning LNK4006: d2i_EC_PUBKEY_fp already defined in libcrypto.lib(libcrypto-1_1-x64.dll); second definition ignored
libcrypto_static.lib(x_all.obj) : warning LNK4006: i2d_EC_PUBKEY_fp already defined in libcrypto.lib(libcrypto-1_1-x64.dll); second definition ignored
libcrypto_static.lib(x_all.obj) : warning LNK4006: d2i_ECPrivateKey_fp already defined in libcrypto.lib(libcrypto-1_1-x64.dll); second definition ignored
libcrypto_static.lib(x_all.obj) : warning LNK4006: i2d_ECPrivateKey_fp already defined in libcrypto.lib(libcrypto-1_1-x64.dll); second definition ignored
libcrypto_static.lib(x_all.obj) : warning LNK4006: d2i_PKCS8_fp already defined in libcrypto.lib(libcrypto-1_1-x64.dll); second definition ignored
libcrypto_static.lib(x_all.obj) : warning LNK4006: i2d_PKCS8_fp already defined in libcrypto.lib(libcrypto-1_1-x64.dll); second definition ignored
libcrypto_static.lib(x_all.obj) : warning LNK4006: d2i_PKCS8_PRIV_KEY_INFO_fp already defined in libcrypto.lib(libcrypto-1_1-x64.dll); second definition ignored
libcrypto_static.lib(x_all.obj) : warning LNK4006: i2d_PKCS8_PRIV_KEY_INFO_fp already defined in libcrypto.lib(libcrypto-1_1-x64.dll); second definition ignored
libcrypto_static.lib(x_all.obj) : warning LNK4006: i2d_PKCS8PrivateKeyInfo_fp already defined in libcrypto.lib(libcrypto-1_1-x64.dll); second definition ignored
libcrypto_static.lib(x_all.obj) : warning LNK4006: i2d_PrivateKey_fp already defined in libcrypto.lib(libcrypto-1_1-x64.dll); second definition ignored
libcrypto_static.lib(x_all.obj) : warning LNK4006: d2i_PrivateKey_fp already defined in libcrypto.lib(libcrypto-1_1-x64.dll); second definition ignored
libcrypto_static.lib(x_all.obj) : warning LNK4006: i2d_PUBKEY_fp already defined in libcrypto.lib(libcrypto-1_1-x64.dll); second definition ignored
libcrypto_static.lib(x_all.obj) : warning LNK4006: d2i_PUBKEY_fp already defined in libcrypto.lib(libcrypto-1_1-x64.dll); second definition ignored
libcrypto_static.lib(x_all.obj) : warning LNK4006: d2i_X509_bio already defined in libcrypto.lib(libcrypto-1_1-x64.dll); second definition ignored
libcrypto_static.lib(x_all.obj) : warning LNK4006: i2d_X509_bio already defined in libcrypto.lib(libcrypto-1_1-x64.dll); second definition ignored
libcrypto_static.lib(x_all.obj) : warning LNK4006: d2i_X509_CRL_bio already defined in libcrypto.lib(libcrypto-1_1-x64.dll); second definition ignored
libcrypto_static.lib(x_all.obj) : warning LNK4006: i2d_X509_CRL_bio already defined in libcrypto.lib(libcrypto-1_1-x64.dll); second definition ignored
libcrypto_static.lib(x_all.obj) : warning LNK4006: d2i_X509_REQ_bio already defined in libcrypto.lib(libcrypto-1_1-x64.dll); second definition ignored
libcrypto_static.lib(x_all.obj) : warning LNK4006: i2d_X509_REQ_bio already defined in libcrypto.lib(libcrypto-1_1-x64.dll); second definition ignored
libcrypto_static.lib(x_all.obj) : warning LNK4006: d2i_RSAPrivateKey_bio already defined in libcrypto.lib(libcrypto-1_1-x64.dll); second definition ignored
libcrypto_static.lib(x_all.obj) : warning LNK4006: i2d_RSAPrivateKey_bio already defined in libcrypto.lib(libcrypto-1_1-x64.dll); second definition ignored
libcrypto_static.lib(x_all.obj) : warning LNK4006: d2i_RSAPublicKey_bio already defined in libcrypto.lib(libcrypto-1_1-x64.dll); second definition ignored
libcrypto_static.lib(x_all.obj) : warning LNK4006: i2d_RSAPublicKey_bio already defined in libcrypto.lib(libcrypto-1_1-x64.dll); second definition ignored
libcrypto_static.lib(x_all.obj) : warning LNK4006: d2i_RSA_PUBKEY_bio already defined in libcrypto.lib(libcrypto-1_1-x64.dll); second definition ignored
libcrypto_static.lib(x_all.obj) : warning LNK4006: i2d_RSA_PUBKEY_bio already defined in libcrypto.lib(libcrypto-1_1-x64.dll); second definition ignored
libcrypto_static.lib(x_all.obj) : warning LNK4006: d2i_DSA_PUBKEY_bio already defined in libcrypto.lib(libcrypto-1_1-x64.dll); second definition ignored
libcrypto_static.lib(x_all.obj) : warning LNK4006: i2d_DSA_PUBKEY_bio already defined in libcrypto.lib(libcrypto-1_1-x64.dll); second definition ignored
libcrypto_static.lib(x_all.obj) : warning LNK4006: d2i_DSAPrivateKey_bio already defined in libcrypto.lib(libcrypto-1_1-x64.dll); second definition ignored
libcrypto_static.lib(x_all.obj) : warning LNK4006: i2d_DSAPrivateKey_bio already defined in libcrypto.lib(libcrypto-1_1-x64.dll); second definition ignored
libcrypto_static.lib(x_all.obj) : warning LNK4006: d2i_EC_PUBKEY_bio already defined in libcrypto.lib(libcrypto-1_1-x64.dll); second definition ignored
libcrypto_static.lib(x_all.obj) : warning LNK4006: i2d_EC_PUBKEY_bio already defined in libcrypto.lib(libcrypto-1_1-x64.dll); second definition ignored
libcrypto_static.lib(x_all.obj) : warning LNK4006: d2i_ECPrivateKey_bio already defined in libcrypto.lib(libcrypto-1_1-x64.dll); second definition ignored
libcrypto_static.lib(x_all.obj) : warning LNK4006: i2d_ECPrivateKey_bio already defined in libcrypto.lib(libcrypto-1_1-x64.dll); second definition ignored
libcrypto_static.lib(x_all.obj) : warning LNK4006: d2i_PKCS8_bio already defined in libcrypto.lib(libcrypto-1_1-x64.dll); second definition ignored
libcrypto_static.lib(x_all.obj) : warning LNK4006: i2d_PKCS8_bio already defined in libcrypto.lib(libcrypto-1_1-x64.dll); second definition ignored
libcrypto_static.lib(x_all.obj) : warning LNK4006: d2i_PKCS8_PRIV_KEY_INFO_bio already defined in libcrypto.lib(libcrypto-1_1-x64.dll); second definition ignored
libcrypto_static.lib(x_all.obj) : warning LNK4006: i2d_PKCS8_PRIV_KEY_INFO_bio already defined in libcrypto.lib(libcrypto-1_1-x64.dll); second definition ignored
libcrypto_static.lib(x_all.obj) : warning LNK4006: i2d_PKCS8PrivateKeyInfo_bio already defined in libcrypto.lib(libcrypto-1_1-x64.dll); second definition ignored
libcrypto_static.lib(x_all.obj) : warning LNK4006: i2d_PrivateKey_bio already defined in libcrypto.lib(libcrypto-1_1-x64.dll); second definition ignored
libcrypto_static.lib(x_all.obj) : warning LNK4006: d2i_PrivateKey_bio already defined in libcrypto.lib(libcrypto-1_1-x64.dll); second definition ignored
libcrypto_static.lib(x_all.obj) : warning LNK4006: i2d_PUBKEY_bio already defined in libcrypto.lib(libcrypto-1_1-x64.dll); second definition ignored
libcrypto_static.lib(x_all.obj) : warning LNK4006: d2i_PUBKEY_bio already defined in libcrypto.lib(libcrypto-1_1-x64.dll); second definition ignored
libcrypto_static.lib(x_attrib.obj) : warning LNK4006: X509_ATTRIBUTE_dup already defined in libcrypto.lib(libcrypto-1_1-x64.dll); second definition ignored
libcrypto_static.lib(x_attrib.obj) : warning LNK4006: X509_ATTRIBUTE_new already defined in libcrypto.lib(libcrypto-1_1-x64.dll); second definition ignored
libcrypto_static.lib(x_attrib.obj) : warning LNK4006: X509_ATTRIBUTE_free already defined in libcrypto.lib(libcrypto-1_1-x64.dll); second definition ignored
libcrypto_static.lib(x_attrib.obj) : warning LNK4006: d2i_X509_ATTRIBUTE already defined in libcrypto.lib(libcrypto-1_1-x64.dll); second definition ignored
libcrypto_static.lib(x_attrib.obj) : warning LNK4006: i2d_X509_ATTRIBUTE already defined in libcrypto.lib(libcrypto-1_1-x64.dll); second definition ignored
libcrypto_static.lib(x_attrib.obj) : warning LNK4006: X509_ATTRIBUTE_it already defined in libcrypto.lib(libcrypto-1_1-x64.dll); second definition ignored
libcrypto_static.lib(x_attrib.obj) : warning LNK4006: X509_ATTRIBUTE_create already defined in libcrypto.lib(libcrypto-1_1-x64.dll); second definition ignored
libcrypto_static.lib(x_crl.obj) : warning LNK4006: X509_REVOKED_it already defined in libcrypto.lib(libcrypto-1_1-x64.dll); second definition ignored
libcrypto_static.lib(x_crl.obj) : warning LNK4006: X509_CRL_INFO_it already defined in libcrypto.lib(libcrypto-1_1-x64.dll); second definition ignored
libcrypto_static.lib(x_crl.obj) : warning LNK4006: X509_CRL_set_default_method already defined in libcrypto.lib(libcrypto-1_1-x64.dll); second definition ignored
libcrypto_static.lib(x_crl.obj) : warning LNK4006: X509_CRL_METHOD_new already defined in libcrypto.lib(libcrypto-1_1-x64.dll); second definition ignored
libcrypto_static.lib(x_crl.obj) : warning LNK4006: X509_CRL_METHOD_free already defined in libcrypto.lib(libcrypto-1_1-x64.dll); second definition ignored
libcrypto_static.lib(x_crl.obj) : warning LNK4006: X509_CRL_set_meth_data already defined in libcrypto.lib(libcrypto-1_1-x64.dll); second definition ignored
libcrypto_static.lib(x_crl.obj) : warning LNK4006: X509_CRL_get_meth_data already defined in libcrypto.lib(libcrypto-1_1-x64.dll); second definition ignored
libcrypto_static.lib(x_crl.obj) : warning LNK4006: X509_CRL_verify already defined in libcrypto.lib(libcrypto-1_1-x64.dll); second definition ignored
libcrypto_static.lib(x_crl.obj) : warning LNK4006: X509_CRL_dup already defined in libcrypto.lib(libcrypto-1_1-x64.dll); second definition ignored
libcrypto_static.lib(x_crl.obj) : warning LNK4006: X509_REVOKED_dup already defined in libcrypto.lib(libcrypto-1_1-x64.dll); second definition ignored
libcrypto_static.lib(x_crl.obj) : warning LNK4006: X509_REVOKED_new already defined in libcrypto.lib(libcrypto-1_1-x64.dll); second definition ignored
libcrypto_static.lib(x_crl.obj) : warning LNK4006: X509_REVOKED_free already defined in libcrypto.lib(libcrypto-1_1-x64.dll); second definition ignored
libcrypto_static.lib(x_crl.obj) : warning LNK4006: d2i_X509_REVOKED already defined in libcrypto.lib(libcrypto-1_1-x64.dll); second definition ignored
libcrypto_static.lib(x_crl.obj) : warning LNK4006: i2d_X509_REVOKED already defined in libcrypto.lib(libcrypto-1_1-x64.dll); second definition ignored
libcrypto_static.lib(x_crl.obj) : warning LNK4006: X509_CRL_INFO_new already defined in libcrypto.lib(libcrypto-1_1-x64.dll); second definition ignored
libcrypto_static.lib(x_crl.obj) : warning LNK4006: X509_CRL_INFO_free already defined in libcrypto.lib(libcrypto-1_1-x64.dll); second definition ignored
libcrypto_static.lib(x_crl.obj) : warning LNK4006: d2i_X509_CRL_INFO already defined in libcrypto.lib(libcrypto-1_1-x64.dll); second definition ignored
libcrypto_static.lib(x_crl.obj) : warning LNK4006: i2d_X509_CRL_INFO already defined in libcrypto.lib(libcrypto-1_1-x64.dll); second definition ignored
libcrypto_static.lib(x_crl.obj) : warning LNK4006: X509_CRL_new already defined in libcrypto.lib(libcrypto-1_1-x64.dll); second definition ignored
libcrypto_static.lib(x_crl.obj) : warning LNK4006: X509_CRL_free already defined in libcrypto.lib(libcrypto-1_1-x64.dll); second definition ignored
libcrypto_static.lib(x_crl.obj) : warning LNK4006: d2i_X509_CRL already defined in libcrypto.lib(libcrypto-1_1-x64.dll); second definition ignored
libcrypto_static.lib(x_crl.obj) : warning LNK4006: i2d_X509_CRL already defined in libcrypto.lib(libcrypto-1_1-x64.dll); second definition ignored
libcrypto_static.lib(x_crl.obj) : warning LNK4006: X509_CRL_it already defined in libcrypto.lib(libcrypto-1_1-x64.dll); second definition ignored
libcrypto_static.lib(x_crl.obj) : warning LNK4006: X509_CRL_add0_revoked already defined in libcrypto.lib(libcrypto-1_1-x64.dll); second definition ignored
libcrypto_static.lib(x_crl.obj) : warning LNK4006: X509_CRL_get0_by_serial already defined in libcrypto.lib(libcrypto-1_1-x64.dll); second definition ignored
libcrypto_static.lib(x_crl.obj) : warning LNK4006: X509_CRL_get0_by_cert already defined in libcrypto.lib(libcrypto-1_1-x64.dll); second definition ignored
libcrypto_static.lib(x_exten.obj) : warning LNK4006: X509_EXTENSION_it already defined in libcrypto.lib(libcrypto-1_1-x64.dll); second definition ignored
libcrypto_static.lib(x_exten.obj) : warning LNK4006: X509_EXTENSION_dup already defined in libcrypto.lib(libcrypto-1_1-x64.dll); second definition ignored
libcrypto_static.lib(x_exten.obj) : warning LNK4006: X509_EXTENSION_new already defined in libcrypto.lib(libcrypto-1_1-x64.dll); second definition ignored
libcrypto_static.lib(x_exten.obj) : warning LNK4006: X509_EXTENSION_free already defined in libcrypto.lib(libcrypto-1_1-x64.dll); second definition ignored
libcrypto_static.lib(x_exten.obj) : warning LNK4006: d2i_X509_EXTENSION already defined in libcrypto.lib(libcrypto-1_1-x64.dll); second definition ignored
libcrypto_static.lib(x_exten.obj) : warning LNK4006: i2d_X509_EXTENSION already defined in libcrypto.lib(libcrypto-1_1-x64.dll); second definition ignored
libcrypto_static.lib(x_exten.obj) : warning LNK4006: d2i_X509_EXTENSIONS already defined in libcrypto.lib(libcrypto-1_1-x64.dll); second definition ignored
libcrypto_static.lib(x_exten.obj) : warning LNK4006: i2d_X509_EXTENSIONS already defined in libcrypto.lib(libcrypto-1_1-x64.dll); second definition ignored
libcrypto_static.lib(x_exten.obj) : warning LNK4006: X509_EXTENSIONS_it already defined in libcrypto.lib(libcrypto-1_1-x64.dll); second definition ignored
libcrypto_static.lib(x_name.obj) : warning LNK4006: X509_NAME_ENTRY_it already defined in libcrypto.lib(libcrypto-1_1-x64.dll); second definition ignored
libcrypto_static.lib(x_name.obj) : warning LNK4006: X509_NAME_dup already defined in libcrypto.lib(libcrypto-1_1-x64.dll); second definition ignored
libcrypto_static.lib(x_name.obj) : warning LNK4006: X509_NAME_ENTRY_dup already defined in libcrypto.lib(libcrypto-1_1-x64.dll); second definition ignored
libcrypto_static.lib(x_name.obj) : warning LNK4006: X509_NAME_ENTRY_new already defined in libcrypto.lib(libcrypto-1_1-x64.dll); second definition ignored
libcrypto_static.lib(x_name.obj) : warning LNK4006: X509_NAME_ENTRY_free already defined in libcrypto.lib(libcrypto-1_1-x64.dll); second definition ignored
libcrypto_static.lib(x_name.obj) : warning LNK4006: d2i_X509_NAME_ENTRY already defined in libcrypto.lib(libcrypto-1_1-x64.dll); second definition ignored
libcrypto_static.lib(x_name.obj) : warning LNK4006: i2d_X509_NAME_ENTRY already defined in libcrypto.lib(libcrypto-1_1-x64.dll); second definition ignored
libcrypto_static.lib(x_name.obj) : warning LNK4006: X509_NAME_new already defined in libcrypto.lib(libcrypto-1_1-x64.dll); second definition ignored
libcrypto_static.lib(x_name.obj) : warning LNK4006: X509_NAME_free already defined in libcrypto.lib(libcrypto-1_1-x64.dll); second definition ignored
libcrypto_static.lib(x_name.obj) : warning LNK4006: d2i_X509_NAME already defined in libcrypto.lib(libcrypto-1_1-x64.dll); second definition ignored
libcrypto_static.lib(x_name.obj) : warning LNK4006: i2d_X509_NAME already defined in libcrypto.lib(libcrypto-1_1-x64.dll); second definition ignored
libcrypto_static.lib(x_name.obj) : warning LNK4006: X509_NAME_it already defined in libcrypto.lib(libcrypto-1_1-x64.dll); second definition ignored
libcrypto_static.lib(x_name.obj) : warning LNK4006: X509_NAME_set already defined in libcrypto.lib(libcrypto-1_1-x64.dll); second definition ignored
libcrypto_static.lib(x_name.obj) : warning LNK4006: X509_NAME_print already defined in libcrypto.lib(libcrypto-1_1-x64.dll); second definition ignored
libcrypto_static.lib(x_name.obj) : warning LNK4006: X509_NAME_get0_der already defined in libcrypto.lib(libcrypto-1_1-x64.dll); second definition ignored
libcrypto_static.lib(x_pubkey.obj) : warning LNK4006: X509_PUBKEY_new already defined in libcrypto.lib(libcrypto-1_1-x64.dll); second definition ignored
libcrypto_static.lib(x_pubkey.obj) : warning LNK4006: X509_PUBKEY_free already defined in libcrypto.lib(libcrypto-1_1-x64.dll); second definition ignored
libcrypto_static.lib(x_pubkey.obj) : warning LNK4006: d2i_X509_PUBKEY already defined in libcrypto.lib(libcrypto-1_1-x64.dll); second definition ignored
libcrypto_static.lib(x_pubkey.obj) : warning LNK4006: i2d_X509_PUBKEY already defined in libcrypto.lib(libcrypto-1_1-x64.dll); second definition ignored
libcrypto_static.lib(x_pubkey.obj) : warning LNK4006: X509_PUBKEY_it already defined in libcrypto.lib(libcrypto-1_1-x64.dll); second definition ignored
libcrypto_static.lib(x_pubkey.obj) : warning LNK4006: X509_PUBKEY_set already defined in libcrypto.lib(libcrypto-1_1-x64.dll); second definition ignored
libcrypto_static.lib(x_pubkey.obj) : warning LNK4006: X509_PUBKEY_get0 already defined in libcrypto.lib(libcrypto-1_1-x64.dll); second definition ignored
libcrypto_static.lib(x_pubkey.obj) : warning LNK4006: X509_PUBKEY_get already defined in libcrypto.lib(libcrypto-1_1-x64.dll); second definition ignored
libcrypto_static.lib(x_pubkey.obj) : warning LNK4006: i2d_PUBKEY already defined in libcrypto.lib(libcrypto-1_1-x64.dll); second definition ignored
libcrypto_static.lib(x_pubkey.obj) : warning LNK4006: d2i_PUBKEY already defined in libcrypto.lib(libcrypto-1_1-x64.dll); second definition ignored
libcrypto_static.lib(x_pubkey.obj) : warning LNK4006: i2d_RSA_PUBKEY already defined in libcrypto.lib(libcrypto-1_1-x64.dll); second definition ignored
libcrypto_static.lib(x_pubkey.obj) : warning LNK4006: d2i_RSA_PUBKEY already defined in libcrypto.lib(libcrypto-1_1-x64.dll); second definition ignored
libcrypto_static.lib(x_pubkey.obj) : warning LNK4006: i2d_DSA_PUBKEY already defined in libcrypto.lib(libcrypto-1_1-x64.dll); second definition ignored
libcrypto_static.lib(x_pubkey.obj) : warning LNK4006: d2i_DSA_PUBKEY already defined in libcrypto.lib(libcrypto-1_1-x64.dll); second definition ignored
libcrypto_static.lib(x_pubkey.obj) : warning LNK4006: i2d_EC_PUBKEY already defined in libcrypto.lib(libcrypto-1_1-x64.dll); second definition ignored
libcrypto_static.lib(x_pubkey.obj) : warning LNK4006: d2i_EC_PUBKEY already defined in libcrypto.lib(libcrypto-1_1-x64.dll); second definition ignored
libcrypto_static.lib(x_pubkey.obj) : warning LNK4006: X509_get0_pubkey_bitstr already defined in libcrypto.lib(libcrypto-1_1-x64.dll); second definition ignored
libcrypto_static.lib(x_pubkey.obj) : warning LNK4006: X509_PUBKEY_set0_param already defined in libcrypto.lib(libcrypto-1_1-x64.dll); second definition ignored
libcrypto_static.lib(x_pubkey.obj) : warning LNK4006: X509_PUBKEY_get0_param already defined in libcrypto.lib(libcrypto-1_1-x64.dll); second definition ignored
libcrypto_static.lib(x_req.obj) : warning LNK4006: X509_REQ_INFO_it already defined in libcrypto.lib(libcrypto-1_1-x64.dll); second definition ignored
libcrypto_static.lib(x_req.obj) : warning LNK4006: X509_REQ_dup already defined in libcrypto.lib(libcrypto-1_1-x64.dll); second definition ignored
libcrypto_static.lib(x_req.obj) : warning LNK4006: X509_REQ_INFO_new already defined in libcrypto.lib(libcrypto-1_1-x64.dll); second definition ignored
libcrypto_static.lib(x_req.obj) : warning LNK4006: X509_REQ_INFO_free already defined in libcrypto.lib(libcrypto-1_1-x64.dll); second definition ignored
libcrypto_static.lib(x_req.obj) : warning LNK4006: d2i_X509_REQ_INFO already defined in libcrypto.lib(libcrypto-1_1-x64.dll); second definition ignored
libcrypto_static.lib(x_req.obj) : warning LNK4006: i2d_X509_REQ_INFO already defined in libcrypto.lib(libcrypto-1_1-x64.dll); second definition ignored
libcrypto_static.lib(x_req.obj) : warning LNK4006: X509_REQ_new already defined in libcrypto.lib(libcrypto-1_1-x64.dll); second definition ignored
libcrypto_static.lib(x_req.obj) : warning LNK4006: X509_REQ_free already defined in libcrypto.lib(libcrypto-1_1-x64.dll); second definition ignored
libcrypto_static.lib(x_req.obj) : warning LNK4006: d2i_X509_REQ already defined in libcrypto.lib(libcrypto-1_1-x64.dll); second definition ignored
libcrypto_static.lib(x_req.obj) : warning LNK4006: i2d_X509_REQ already defined in libcrypto.lib(libcrypto-1_1-x64.dll); second definition ignored
libcrypto_static.lib(x_req.obj) : warning LNK4006: X509_REQ_it already defined in libcrypto.lib(libcrypto-1_1-x64.dll); second definition ignored
libcrypto_static.lib(x_x509.obj) : warning LNK4006: X509_CINF_it already defined in libcrypto.lib(libcrypto-1_1-x64.dll); second definition ignored
libcrypto_static.lib(x_x509.obj) : warning LNK4006: X509_dup already defined in libcrypto.lib(libcrypto-1_1-x64.dll); second definition ignored
libcrypto_static.lib(x_x509.obj) : warning LNK4006: X509_CINF_new already defined in libcrypto.lib(libcrypto-1_1-x64.dll); second definition ignored
libcrypto_static.lib(x_x509.obj) : warning LNK4006: X509_CINF_free already defined in libcrypto.lib(libcrypto-1_1-x64.dll); second definition ignored
libcrypto_static.lib(x_x509.obj) : warning LNK4006: d2i_X509_CINF already defined in libcrypto.lib(libcrypto-1_1-x64.dll); second definition ignored
libcrypto_static.lib(x_x509.obj) : warning LNK4006: i2d_X509_CINF already defined in libcrypto.lib(libcrypto-1_1-x64.dll); second definition ignored
libcrypto_static.lib(x_x509.obj) : warning LNK4006: X509_new already defined in libcrypto.lib(libcrypto-1_1-x64.dll); second definition ignored
libcrypto_static.lib(x_x509.obj) : warning LNK4006: X509_free already defined in libcrypto.lib(libcrypto-1_1-x64.dll); second definition ignored
libcrypto_static.lib(x_x509.obj) : warning LNK4006: d2i_X509 already defined in libcrypto.lib(libcrypto-1_1-x64.dll); second definition ignored
libcrypto_static.lib(x_x509.obj) : warning LNK4006: i2d_X509 already defined in libcrypto.lib(libcrypto-1_1-x64.dll); second definition ignored
libcrypto_static.lib(x_x509.obj) : warning LNK4006: X509_it already defined in libcrypto.lib(libcrypto-1_1-x64.dll); second definition ignored
libcrypto_static.lib(x_x509.obj) : warning LNK4006: X509_set_ex_data already defined in libcrypto.lib(libcrypto-1_1-x64.dll); second definition ignored
libcrypto_static.lib(x_x509.obj) : warning LNK4006: X509_get_ex_data already defined in libcrypto.lib(libcrypto-1_1-x64.dll); second definition ignored
libcrypto_static.lib(x_x509.obj) : warning LNK4006: i2d_X509_AUX already defined in libcrypto.lib(libcrypto-1_1-x64.dll); second definition ignored
libcrypto_static.lib(x_x509.obj) : warning LNK4006: d2i_X509_AUX already defined in libcrypto.lib(libcrypto-1_1-x64.dll); second definition ignored
libcrypto_static.lib(x_x509.obj) : warning LNK4006: i2d_re_X509_tbs already defined in libcrypto.lib(libcrypto-1_1-x64.dll); second definition ignored
libcrypto_static.lib(x_x509.obj) : warning LNK4006: X509_get0_signature already defined in libcrypto.lib(libcrypto-1_1-x64.dll); second definition ignored
libcrypto_static.lib(x_x509.obj) : warning LNK4006: X509_get_signature_nid already defined in libcrypto.lib(libcrypto-1_1-x64.dll); second definition ignored
libcrypto_static.lib(x_x509a.obj) : warning LNK4006: X509_CERT_AUX_new already defined in libcrypto.lib(libcrypto-1_1-x64.dll); second definition ignored
libcrypto_static.lib(x_x509a.obj) : warning LNK4006: X509_CERT_AUX_free already defined in libcrypto.lib(libcrypto-1_1-x64.dll); second definition ignored
libcrypto_static.lib(x_x509a.obj) : warning LNK4006: d2i_X509_CERT_AUX already defined in libcrypto.lib(libcrypto-1_1-x64.dll); second definition ignored
libcrypto_static.lib(x_x509a.obj) : warning LNK4006: i2d_X509_CERT_AUX already defined in libcrypto.lib(libcrypto-1_1-x64.dll); second definition ignored
libcrypto_static.lib(x_x509a.obj) : warning LNK4006: X509_CERT_AUX_it already defined in libcrypto.lib(libcrypto-1_1-x64.dll); second definition ignored
libcrypto_static.lib(x_x509a.obj) : warning LNK4006: X509_trusted already defined in libcrypto.lib(libcrypto-1_1-x64.dll); second definition ignored
libcrypto_static.lib(x_x509a.obj) : warning LNK4006: X509_alias_set1 already defined in libcrypto.lib(libcrypto-1_1-x64.dll); second definition ignored
libcrypto_static.lib(x_x509a.obj) : warning LNK4006: X509_keyid_set1 already defined in libcrypto.lib(libcrypto-1_1-x64.dll); second definition ignored
libcrypto_static.lib(x_x509a.obj) : warning LNK4006: X509_alias_get0 already defined in libcrypto.lib(libcrypto-1_1-x64.dll); second definition ignored
libcrypto_static.lib(x_x509a.obj) : warning LNK4006: X509_keyid_get0 already defined in libcrypto.lib(libcrypto-1_1-x64.dll); second definition ignored
libcrypto_static.lib(x_x509a.obj) : warning LNK4006: X509_add1_trust_object already defined in libcrypto.lib(libcrypto-1_1-x64.dll); second definition ignored
libcrypto_static.lib(x_x509a.obj) : warning LNK4006: X509_add1_reject_object already defined in libcrypto.lib(libcrypto-1_1-x64.dll); second definition ignored
libcrypto_static.lib(x_x509a.obj) : warning LNK4006: X509_trust_clear already defined in libcrypto.lib(libcrypto-1_1-x64.dll); second definition ignored
libcrypto_static.lib(x_x509a.obj) : warning LNK4006: X509_reject_clear already defined in libcrypto.lib(libcrypto-1_1-x64.dll); second definition ignored
libcrypto_static.lib(x_x509a.obj) : warning LNK4006: X509_get0_trust_objects already defined in libcrypto.lib(libcrypto-1_1-x64.dll); second definition ignored
libcrypto_static.lib(x_x509a.obj) : warning LNK4006: X509_get0_reject_objects already defined in libcrypto.lib(libcrypto-1_1-x64.dll); second definition ignored
libcrypto_static.lib(pcy_lib.obj) : warning LNK4006: X509_policy_tree_level_count already defined in libcrypto.lib(libcrypto-1_1-x64.dll); second definition ignored
libcrypto_static.lib(pcy_lib.obj) : warning LNK4006: X509_policy_tree_get0_level already defined in libcrypto.lib(libcrypto-1_1-x64.dll); second definition ignored
libcrypto_static.lib(pcy_lib.obj) : warning LNK4006: X509_policy_tree_get0_policies already defined in libcrypto.lib(libcrypto-1_1-x64.dll); second definition ignored
libcrypto_static.lib(pcy_lib.obj) : warning LNK4006: X509_policy_tree_get0_user_policies already defined in libcrypto.lib(libcrypto-1_1-x64.dll); second definition ignored
libcrypto_static.lib(pcy_lib.obj) : warning LNK4006: X509_policy_level_node_count already defined in libcrypto.lib(libcrypto-1_1-x64.dll); second definition ignored
libcrypto_static.lib(pcy_lib.obj) : warning LNK4006: X509_policy_level_get0_node already defined in libcrypto.lib(libcrypto-1_1-x64.dll); second definition ignored
libcrypto_static.lib(pcy_lib.obj) : warning LNK4006: X509_policy_node_get0_policy already defined in libcrypto.lib(libcrypto-1_1-x64.dll); second definition ignored
libcrypto_static.lib(pcy_lib.obj) : warning LNK4006: X509_policy_node_get0_qualifiers already defined in libcrypto.lib(libcrypto-1_1-x64.dll); second definition ignored
libcrypto_static.lib(pcy_lib.obj) : warning LNK4006: X509_policy_node_get0_parent already defined in libcrypto.lib(libcrypto-1_1-x64.dll); second definition ignored
libcrypto_static.lib(pcy_tree.obj) : warning LNK4006: X509_policy_check already defined in libcrypto.lib(libcrypto-1_1-x64.dll); second definition ignored
libcrypto_static.lib(pcy_tree.obj) : warning LNK4006: X509_policy_tree_free already defined in libcrypto.lib(libcrypto-1_1-x64.dll); second definition ignored
libcrypto_static.lib(v3_addr.obj) : warning LNK4006: IPAddressRange_it already defined in libcrypto.lib(libcrypto-1_1-x64.dll); second definition ignored
libcrypto_static.lib(v3_addr.obj) : warning LNK4006: IPAddressOrRange_it already defined in libcrypto.lib(libcrypto-1_1-x64.dll); second definition ignored
libcrypto_static.lib(v3_addr.obj) : warning LNK4006: IPAddressChoice_it already defined in libcrypto.lib(libcrypto-1_1-x64.dll); second definition ignored
libcrypto_static.lib(v3_addr.obj) : warning LNK4006: IPAddressFamily_it already defined in libcrypto.lib(libcrypto-1_1-x64.dll); second definition ignored
libcrypto_static.lib(v3_addr.obj) : warning LNK4006: IPAddressRange_new already defined in libcrypto.lib(libcrypto-1_1-x64.dll); second definition ignored
libcrypto_static.lib(v3_addr.obj) : warning LNK4006: IPAddressRange_free already defined in libcrypto.lib(libcrypto-1_1-x64.dll); second definition ignored
libcrypto_static.lib(v3_addr.obj) : warning LNK4006: d2i_IPAddressRange already defined in libcrypto.lib(libcrypto-1_1-x64.dll); second definition ignored
libcrypto_static.lib(v3_addr.obj) : warning LNK4006: i2d_IPAddressRange already defined in libcrypto.lib(libcrypto-1_1-x64.dll); second definition ignored
libcrypto_static.lib(v3_addr.obj) : warning LNK4006: IPAddressOrRange_new already defined in libcrypto.lib(libcrypto-1_1-x64.dll); second definition ignored
libcrypto_static.lib(v3_addr.obj) : warning LNK4006: IPAddressOrRange_free already defined in libcrypto.lib(libcrypto-1_1-x64.dll); second definition ignored
libcrypto_static.lib(v3_addr.obj) : warning LNK4006: d2i_IPAddressOrRange already defined in libcrypto.lib(libcrypto-1_1-x64.dll); second definition ignored
libcrypto_static.lib(v3_addr.obj) : warning LNK4006: i2d_IPAddressOrRange already defined in libcrypto.lib(libcrypto-1_1-x64.dll); second definition ignored
libcrypto_static.lib(v3_addr.obj) : warning LNK4006: IPAddressChoice_new already defined in libcrypto.lib(libcrypto-1_1-x64.dll); second definition ignored
libcrypto_static.lib(v3_addr.obj) : warning LNK4006: IPAddressChoice_free already defined in libcrypto.lib(libcrypto-1_1-x64.dll); second definition ignored
libcrypto_static.lib(v3_addr.obj) : warning LNK4006: d2i_IPAddressChoice already defined in libcrypto.lib(libcrypto-1_1-x64.dll); second definition ignored
libcrypto_static.lib(v3_addr.obj) : warning LNK4006: i2d_IPAddressChoice already defined in libcrypto.lib(libcrypto-1_1-x64.dll); second definition ignored
libcrypto_static.lib(v3_addr.obj) : warning LNK4006: IPAddressFamily_new already defined in libcrypto.lib(libcrypto-1_1-x64.dll); second definition ignored
libcrypto_static.lib(v3_addr.obj) : warning LNK4006: IPAddressFamily_free already defined in libcrypto.lib(libcrypto-1_1-x64.dll); second definition ignored
libcrypto_static.lib(v3_addr.obj) : warning LNK4006: d2i_IPAddressFamily already defined in libcrypto.lib(libcrypto-1_1-x64.dll); second definition ignored
libcrypto_static.lib(v3_addr.obj) : warning LNK4006: i2d_IPAddressFamily already defined in libcrypto.lib(libcrypto-1_1-x64.dll); second definition ignored
libcrypto_static.lib(v3_addr.obj) : warning LNK4006: X509v3_addr_add_inherit already defined in libcrypto.lib(libcrypto-1_1-x64.dll); second definition ignored
libcrypto_static.lib(v3_addr.obj) : warning LNK4006: X509v3_addr_add_prefix already defined in libcrypto.lib(libcrypto-1_1-x64.dll); second definition ignored
libcrypto_static.lib(v3_addr.obj) : warning LNK4006: X509v3_addr_add_range already defined in libcrypto.lib(libcrypto-1_1-x64.dll); second definition ignored
libcrypto_static.lib(v3_addr.obj) : warning LNK4006: X509v3_addr_get_afi already defined in libcrypto.lib(libcrypto-1_1-x64.dll); second definition ignored
libcrypto_static.lib(v3_addr.obj) : warning LNK4006: X509v3_addr_get_range already defined in libcrypto.lib(libcrypto-1_1-x64.dll); second definition ignored
libcrypto_static.lib(v3_addr.obj) : warning LNK4006: X509v3_addr_is_canonical already defined in libcrypto.lib(libcrypto-1_1-x64.dll); second definition ignored
libcrypto_static.lib(v3_addr.obj) : warning LNK4006: X509v3_addr_canonize already defined in libcrypto.lib(libcrypto-1_1-x64.dll); second definition ignored
libcrypto_static.lib(v3_addr.obj) : warning LNK4006: X509v3_addr_inherits already defined in libcrypto.lib(libcrypto-1_1-x64.dll); second definition ignored
libcrypto_static.lib(v3_addr.obj) : warning LNK4006: X509v3_addr_subset already defined in libcrypto.lib(libcrypto-1_1-x64.dll); second definition ignored
libcrypto_static.lib(v3_addr.obj) : warning LNK4006: X509v3_addr_validate_path already defined in libcrypto.lib(libcrypto-1_1-x64.dll); second definition ignored
libcrypto_static.lib(v3_addr.obj) : warning LNK4006: X509v3_addr_validate_resource_set already defined in libcrypto.lib(libcrypto-1_1-x64.dll); second definition ignored
libcrypto_static.lib(v3_admis.obj) : warning LNK4006: NAMING_AUTHORITY_it already defined in libcrypto.lib(libcrypto-1_1-x64.dll); second definition ignored
libcrypto_static.lib(v3_admis.obj) : warning LNK4006: PROFESSION_INFO_it already defined in libcrypto.lib(libcrypto-1_1-x64.dll); second definition ignored
libcrypto_static.lib(v3_admis.obj) : warning LNK4006: ADMISSIONS_it already defined in libcrypto.lib(libcrypto-1_1-x64.dll); second definition ignored
libcrypto_static.lib(v3_admis.obj) : warning LNK4006: ADMISSION_SYNTAX_it already defined in libcrypto.lib(libcrypto-1_1-x64.dll); second definition ignored
libcrypto_static.lib(v3_admis.obj) : warning LNK4006: NAMING_AUTHORITY_new already defined in libcrypto.lib(libcrypto-1_1-x64.dll); second definition ignored
libcrypto_static.lib(v3_admis.obj) : warning LNK4006: NAMING_AUTHORITY_free already defined in libcrypto.lib(libcrypto-1_1-x64.dll); second definition ignored
libcrypto_static.lib(v3_admis.obj) : warning LNK4006: d2i_NAMING_AUTHORITY already defined in libcrypto.lib(libcrypto-1_1-x64.dll); second definition ignored
libcrypto_static.lib(v3_admis.obj) : warning LNK4006: i2d_NAMING_AUTHORITY already defined in libcrypto.lib(libcrypto-1_1-x64.dll); second definition ignored
libcrypto_static.lib(v3_admis.obj) : warning LNK4006: PROFESSION_INFO_new already defined in libcrypto.lib(libcrypto-1_1-x64.dll); second definition ignored
libcrypto_static.lib(v3_admis.obj) : warning LNK4006: PROFESSION_INFO_free already defined in libcrypto.lib(libcrypto-1_1-x64.dll); second definition ignored
libcrypto_static.lib(v3_admis.obj) : warning LNK4006: d2i_PROFESSION_INFO already defined in libcrypto.lib(libcrypto-1_1-x64.dll); second definition ignored
libcrypto_static.lib(v3_admis.obj) : warning LNK4006: i2d_PROFESSION_INFO already defined in libcrypto.lib(libcrypto-1_1-x64.dll); second definition ignored
libcrypto_static.lib(v3_admis.obj) : warning LNK4006: ADMISSIONS_new already defined in libcrypto.lib(libcrypto-1_1-x64.dll); second definition ignored
libcrypto_static.lib(v3_admis.obj) : warning LNK4006: ADMISSIONS_free already defined in libcrypto.lib(libcrypto-1_1-x64.dll); second definition ignored
libcrypto_static.lib(v3_admis.obj) : warning LNK4006: d2i_ADMISSIONS already defined in libcrypto.lib(libcrypto-1_1-x64.dll); second definition ignored
libcrypto_static.lib(v3_admis.obj) : warning LNK4006: i2d_ADMISSIONS already defined in libcrypto.lib(libcrypto-1_1-x64.dll); second definition ignored
libcrypto_static.lib(v3_admis.obj) : warning LNK4006: ADMISSION_SYNTAX_new already defined in libcrypto.lib(libcrypto-1_1-x64.dll); second definition ignored
libcrypto_static.lib(v3_admis.obj) : warning LNK4006: ADMISSION_SYNTAX_free already defined in libcrypto.lib(libcrypto-1_1-x64.dll); second definition ignored
libcrypto_static.lib(v3_admis.obj) : warning LNK4006: d2i_ADMISSION_SYNTAX already defined in libcrypto.lib(libcrypto-1_1-x64.dll); second definition ignored
libcrypto_static.lib(v3_admis.obj) : warning LNK4006: i2d_ADMISSION_SYNTAX already defined in libcrypto.lib(libcrypto-1_1-x64.dll); second definition ignored
libcrypto_static.lib(v3_admis.obj) : warning LNK4006: NAMING_AUTHORITY_get0_authorityId already defined in libcrypto.lib(libcrypto-1_1-x64.dll); second definition ignored
libcrypto_static.lib(v3_admis.obj) : warning LNK4006: NAMING_AUTHORITY_get0_authorityURL already defined in libcrypto.lib(libcrypto-1_1-x64.dll); second definition ignored
libcrypto_static.lib(v3_admis.obj) : warning LNK4006: NAMING_AUTHORITY_get0_authorityText already defined in libcrypto.lib(libcrypto-1_1-x64.dll); second definition ignored
libcrypto_static.lib(v3_admis.obj) : warning LNK4006: NAMING_AUTHORITY_set0_authorityId already defined in libcrypto.lib(libcrypto-1_1-x64.dll); second definition ignored
libcrypto_static.lib(v3_admis.obj) : warning LNK4006: NAMING_AUTHORITY_set0_authorityURL already defined in libcrypto.lib(libcrypto-1_1-x64.dll); second definition ignored
libcrypto_static.lib(v3_admis.obj) : warning LNK4006: NAMING_AUTHORITY_set0_authorityText already defined in libcrypto.lib(libcrypto-1_1-x64.dll); second definition ignored
libcrypto_static.lib(v3_admis.obj) : warning LNK4006: ADMISSION_SYNTAX_get0_admissionAuthority already defined in libcrypto.lib(libcrypto-1_1-x64.dll); second definition ignored
libcrypto_static.lib(v3_admis.obj) : warning LNK4006: ADMISSION_SYNTAX_set0_admissionAuthority already defined in libcrypto.lib(libcrypto-1_1-x64.dll); second definition ignored
libcrypto_static.lib(v3_admis.obj) : warning LNK4006: ADMISSION_SYNTAX_get0_contentsOfAdmissions already defined in libcrypto.lib(libcrypto-1_1-x64.dll); second definition ignored
libcrypto_static.lib(v3_admis.obj) : warning LNK4006: ADMISSION_SYNTAX_set0_contentsOfAdmissions already defined in libcrypto.lib(libcrypto-1_1-x64.dll); second definition ignored
libcrypto_static.lib(v3_admis.obj) : warning LNK4006: ADMISSIONS_get0_admissionAuthority already defined in libcrypto.lib(libcrypto-1_1-x64.dll); second definition ignored
libcrypto_static.lib(v3_admis.obj) : warning LNK4006: ADMISSIONS_set0_admissionAuthority already defined in libcrypto.lib(libcrypto-1_1-x64.dll); second definition ignored
libcrypto_static.lib(v3_admis.obj) : warning LNK4006: ADMISSIONS_get0_namingAuthority already defined in libcrypto.lib(libcrypto-1_1-x64.dll); second definition ignored
libcrypto_static.lib(v3_admis.obj) : warning LNK4006: ADMISSIONS_set0_namingAuthority already defined in libcrypto.lib(libcrypto-1_1-x64.dll); second definition ignored
libcrypto_static.lib(v3_admis.obj) : warning LNK4006: ADMISSIONS_get0_professionInfos already defined in libcrypto.lib(libcrypto-1_1-x64.dll); second definition ignored
libcrypto_static.lib(v3_admis.obj) : warning LNK4006: ADMISSIONS_set0_professionInfos already defined in libcrypto.lib(libcrypto-1_1-x64.dll); second definition ignored
libcrypto_static.lib(v3_admis.obj) : warning LNK4006: PROFESSION_INFO_get0_addProfessionInfo already defined in libcrypto.lib(libcrypto-1_1-x64.dll); second definition ignored
libcrypto_static.lib(v3_admis.obj) : warning LNK4006: PROFESSION_INFO_set0_addProfessionInfo already defined in libcrypto.lib(libcrypto-1_1-x64.dll); second definition ignored
libcrypto_static.lib(v3_admis.obj) : warning LNK4006: PROFESSION_INFO_get0_namingAuthority already defined in libcrypto.lib(libcrypto-1_1-x64.dll); second definition ignored
libcrypto_static.lib(v3_admis.obj) : warning LNK4006: PROFESSION_INFO_set0_namingAuthority already defined in libcrypto.lib(libcrypto-1_1-x64.dll); second definition ignored
libcrypto_static.lib(v3_admis.obj) : warning LNK4006: PROFESSION_INFO_get0_professionItems already defined in libcrypto.lib(libcrypto-1_1-x64.dll); second definition ignored
libcrypto_static.lib(v3_admis.obj) : warning LNK4006: PROFESSION_INFO_set0_professionItems already defined in libcrypto.lib(libcrypto-1_1-x64.dll); second definition ignored
libcrypto_static.lib(v3_admis.obj) : warning LNK4006: PROFESSION_INFO_get0_professionOIDs already defined in libcrypto.lib(libcrypto-1_1-x64.dll); second definition ignored
libcrypto_static.lib(v3_admis.obj) : warning LNK4006: PROFESSION_INFO_set0_professionOIDs already defined in libcrypto.lib(libcrypto-1_1-x64.dll); second definition ignored
libcrypto_static.lib(v3_admis.obj) : warning LNK4006: PROFESSION_INFO_get0_registrationNumber already defined in libcrypto.lib(libcrypto-1_1-x64.dll); second definition ignored
libcrypto_static.lib(v3_admis.obj) : warning LNK4006: PROFESSION_INFO_set0_registrationNumber already defined in libcrypto.lib(libcrypto-1_1-x64.dll); second definition ignored
libcrypto_static.lib(v3_akeya.obj) : warning LNK4006: AUTHORITY_KEYID_new already defined in libcrypto.lib(libcrypto-1_1-x64.dll); second definition ignored
libcrypto_static.lib(v3_akeya.obj) : warning LNK4006: AUTHORITY_KEYID_free already defined in libcrypto.lib(libcrypto-1_1-x64.dll); second definition ignored
libcrypto_static.lib(v3_akeya.obj) : warning LNK4006: d2i_AUTHORITY_KEYID already defined in libcrypto.lib(libcrypto-1_1-x64.dll); second definition ignored
libcrypto_static.lib(v3_akeya.obj) : warning LNK4006: i2d_AUTHORITY_KEYID already defined in libcrypto.lib(libcrypto-1_1-x64.dll); second definition ignored
libcrypto_static.lib(v3_akeya.obj) : warning LNK4006: AUTHORITY_KEYID_it already defined in libcrypto.lib(libcrypto-1_1-x64.dll); second definition ignored
libcrypto_static.lib(v3_alt.obj) : warning LNK4006: i2v_GENERAL_NAMES already defined in libcrypto.lib(libcrypto-1_1-x64.dll); second definition ignored
libcrypto_static.lib(v3_alt.obj) : warning LNK4006: i2v_GENERAL_NAME already defined in libcrypto.lib(libcrypto-1_1-x64.dll); second definition ignored
libcrypto_static.lib(v3_alt.obj) : warning LNK4006: GENERAL_NAME_print already defined in libcrypto.lib(libcrypto-1_1-x64.dll); second definition ignored
libcrypto_static.lib(v3_alt.obj) : warning LNK4006: v2i_GENERAL_NAMES already defined in libcrypto.lib(libcrypto-1_1-x64.dll); second definition ignored
libcrypto_static.lib(v3_alt.obj) : warning LNK4006: a2i_GENERAL_NAME already defined in libcrypto.lib(libcrypto-1_1-x64.dll); second definition ignored
libcrypto_static.lib(v3_alt.obj) : warning LNK4006: v2i_GENERAL_NAME already defined in libcrypto.lib(libcrypto-1_1-x64.dll); second definition ignored
libcrypto_static.lib(v3_alt.obj) : warning LNK4006: v2i_GENERAL_NAME_ex already defined in libcrypto.lib(libcrypto-1_1-x64.dll); second definition ignored
libcrypto_static.lib(v3_asid.obj) : warning LNK4006: ASRange_it already defined in libcrypto.lib(libcrypto-1_1-x64.dll); second definition ignored
libcrypto_static.lib(v3_asid.obj) : warning LNK4006: ASIdOrRange_it already defined in libcrypto.lib(libcrypto-1_1-x64.dll); second definition ignored
libcrypto_static.lib(v3_asid.obj) : warning LNK4006: ASIdentifierChoice_it already defined in libcrypto.lib(libcrypto-1_1-x64.dll); second definition ignored
libcrypto_static.lib(v3_asid.obj) : warning LNK4006: ASIdentifiers_it already defined in libcrypto.lib(libcrypto-1_1-x64.dll); second definition ignored
libcrypto_static.lib(v3_asid.obj) : warning LNK4006: ASRange_new already defined in libcrypto.lib(libcrypto-1_1-x64.dll); second definition ignored
libcrypto_static.lib(v3_asid.obj) : warning LNK4006: ASRange_free already defined in libcrypto.lib(libcrypto-1_1-x64.dll); second definition ignored
libcrypto_static.lib(v3_asid.obj) : warning LNK4006: d2i_ASRange already defined in libcrypto.lib(libcrypto-1_1-x64.dll); second definition ignored
libcrypto_static.lib(v3_asid.obj) : warning LNK4006: i2d_ASRange already defined in libcrypto.lib(libcrypto-1_1-x64.dll); second definition ignored
libcrypto_static.lib(v3_asid.obj) : warning LNK4006: ASIdOrRange_new already defined in libcrypto.lib(libcrypto-1_1-x64.dll); second definition ignored
libcrypto_static.lib(v3_asid.obj) : warning LNK4006: ASIdOrRange_free already defined in libcrypto.lib(libcrypto-1_1-x64.dll); second definition ignored
libcrypto_static.lib(v3_asid.obj) : warning LNK4006: d2i_ASIdOrRange already defined in libcrypto.lib(libcrypto-1_1-x64.dll); second definition ignored
libcrypto_static.lib(v3_asid.obj) : warning LNK4006: i2d_ASIdOrRange already defined in libcrypto.lib(libcrypto-1_1-x64.dll); second definition ignored
libcrypto_static.lib(v3_asid.obj) : warning LNK4006: ASIdentifierChoice_new already defined in libcrypto.lib(libcrypto-1_1-x64.dll); second definition ignored
libcrypto_static.lib(v3_asid.obj) : warning LNK4006: ASIdentifierChoice_free already defined in libcrypto.lib(libcrypto-1_1-x64.dll); second definition ignored
libcrypto_static.lib(v3_asid.obj) : warning LNK4006: d2i_ASIdentifierChoice already defined in libcrypto.lib(libcrypto-1_1-x64.dll); second definition ignored
libcrypto_static.lib(v3_asid.obj) : warning LNK4006: i2d_ASIdentifierChoice already defined in libcrypto.lib(libcrypto-1_1-x64.dll); second definition ignored
libcrypto_static.lib(v3_asid.obj) : warning LNK4006: ASIdentifiers_new already defined in libcrypto.lib(libcrypto-1_1-x64.dll); second definition ignored
libcrypto_static.lib(v3_asid.obj) : warning LNK4006: ASIdentifiers_free already defined in libcrypto.lib(libcrypto-1_1-x64.dll); second definition ignored
libcrypto_static.lib(v3_asid.obj) : warning LNK4006: d2i_ASIdentifiers already defined in libcrypto.lib(libcrypto-1_1-x64.dll); second definition ignored
libcrypto_static.lib(v3_asid.obj) : warning LNK4006: i2d_ASIdentifiers already defined in libcrypto.lib(libcrypto-1_1-x64.dll); second definition ignored
libcrypto_static.lib(v3_asid.obj) : warning LNK4006: X509v3_asid_add_inherit already defined in libcrypto.lib(libcrypto-1_1-x64.dll); second definition ignored
libcrypto_static.lib(v3_asid.obj) : warning LNK4006: X509v3_asid_add_id_or_range already defined in libcrypto.lib(libcrypto-1_1-x64.dll); second definition ignored
libcrypto_static.lib(v3_asid.obj) : warning LNK4006: X509v3_asid_is_canonical already defined in libcrypto.lib(libcrypto-1_1-x64.dll); second definition ignored
libcrypto_static.lib(v3_asid.obj) : warning LNK4006: X509v3_asid_canonize already defined in libcrypto.lib(libcrypto-1_1-x64.dll); second definition ignored
libcrypto_static.lib(v3_asid.obj) : warning LNK4006: X509v3_asid_inherits already defined in libcrypto.lib(libcrypto-1_1-x64.dll); second definition ignored
libcrypto_static.lib(v3_asid.obj) : warning LNK4006: X509v3_asid_subset already defined in libcrypto.lib(libcrypto-1_1-x64.dll); second definition ignored
libcrypto_static.lib(v3_asid.obj) : warning LNK4006: X509v3_asid_validate_path already defined in libcrypto.lib(libcrypto-1_1-x64.dll); second definition ignored
libcrypto_static.lib(v3_asid.obj) : warning LNK4006: X509v3_asid_validate_resource_set already defined in libcrypto.lib(libcrypto-1_1-x64.dll); second definition ignored
libcrypto_static.lib(v3_bcons.obj) : warning LNK4006: BASIC_CONSTRAINTS_it already defined in libcrypto.lib(libcrypto-1_1-x64.dll); second definition ignored
libcrypto_static.lib(v3_bcons.obj) : warning LNK4006: BASIC_CONSTRAINTS_new already defined in libcrypto.lib(libcrypto-1_1-x64.dll); second definition ignored
libcrypto_static.lib(v3_bcons.obj) : warning LNK4006: BASIC_CONSTRAINTS_free already defined in libcrypto.lib(libcrypto-1_1-x64.dll); second definition ignored
libcrypto_static.lib(v3_bcons.obj) : warning LNK4006: d2i_BASIC_CONSTRAINTS already defined in libcrypto.lib(libcrypto-1_1-x64.dll); second definition ignored
libcrypto_static.lib(v3_bcons.obj) : warning LNK4006: i2d_BASIC_CONSTRAINTS already defined in libcrypto.lib(libcrypto-1_1-x64.dll); second definition ignored
libcrypto_static.lib(v3_bitst.obj) : warning LNK4006: v2i_ASN1_BIT_STRING already defined in libcrypto.lib(libcrypto-1_1-x64.dll); second definition ignored
libcrypto_static.lib(v3_bitst.obj) : warning LNK4006: i2v_ASN1_BIT_STRING already defined in libcrypto.lib(libcrypto-1_1-x64.dll); second definition ignored
libcrypto_static.lib(v3_conf.obj) : warning LNK4006: X509V3_EXT_nconf_nid already defined in libcrypto.lib(libcrypto-1_1-x64.dll); second definition ignored
libcrypto_static.lib(v3_conf.obj) : warning LNK4006: X509V3_EXT_nconf already defined in libcrypto.lib(libcrypto-1_1-x64.dll); second definition ignored
libcrypto_static.lib(v3_conf.obj) : warning LNK4006: X509V3_EXT_add_nconf_sk already defined in libcrypto.lib(libcrypto-1_1-x64.dll); second definition ignored
libcrypto_static.lib(v3_conf.obj) : warning LNK4006: X509V3_EXT_add_nconf already defined in libcrypto.lib(libcrypto-1_1-x64.dll); second definition ignored
libcrypto_static.lib(v3_conf.obj) : warning LNK4006: X509V3_EXT_REQ_add_nconf already defined in libcrypto.lib(libcrypto-1_1-x64.dll); second definition ignored
libcrypto_static.lib(v3_conf.obj) : warning LNK4006: X509V3_EXT_CRL_add_nconf already defined in libcrypto.lib(libcrypto-1_1-x64.dll); second definition ignored
libcrypto_static.lib(v3_conf.obj) : warning LNK4006: X509V3_EXT_conf_nid already defined in libcrypto.lib(libcrypto-1_1-x64.dll); second definition ignored
libcrypto_static.lib(v3_conf.obj) : warning LNK4006: X509V3_EXT_conf already defined in libcrypto.lib(libcrypto-1_1-x64.dll); second definition ignored
libcrypto_static.lib(v3_conf.obj) : warning LNK4006: X509V3_EXT_add_conf already defined in libcrypto.lib(libcrypto-1_1-x64.dll); second definition ignored
libcrypto_static.lib(v3_conf.obj) : warning LNK4006: X509V3_EXT_REQ_add_conf already defined in libcrypto.lib(libcrypto-1_1-x64.dll); second definition ignored
libcrypto_static.lib(v3_conf.obj) : warning LNK4006: X509V3_EXT_CRL_add_conf already defined in libcrypto.lib(libcrypto-1_1-x64.dll); second definition ignored
libcrypto_static.lib(v3_conf.obj) : warning LNK4006: X509V3_set_nconf already defined in libcrypto.lib(libcrypto-1_1-x64.dll); second definition ignored
libcrypto_static.lib(v3_conf.obj) : warning LNK4006: X509V3_set_conf_lhash already defined in libcrypto.lib(libcrypto-1_1-x64.dll); second definition ignored
libcrypto_static.lib(v3_conf.obj) : warning LNK4006: X509V3_get_string already defined in libcrypto.lib(libcrypto-1_1-x64.dll); second definition ignored
libcrypto_static.lib(v3_conf.obj) : warning LNK4006: X509V3_get_section already defined in libcrypto.lib(libcrypto-1_1-x64.dll); second definition ignored
libcrypto_static.lib(v3_conf.obj) : warning LNK4006: X509V3_string_free already defined in libcrypto.lib(libcrypto-1_1-x64.dll); second definition ignored
libcrypto_static.lib(v3_conf.obj) : warning LNK4006: X509V3_section_free already defined in libcrypto.lib(libcrypto-1_1-x64.dll); second definition ignored
libcrypto_static.lib(v3_conf.obj) : warning LNK4006: X509V3_set_ctx already defined in libcrypto.lib(libcrypto-1_1-x64.dll); second definition ignored
libcrypto_static.lib(v3_conf.obj) : warning LNK4006: X509V3_EXT_i2d already defined in libcrypto.lib(libcrypto-1_1-x64.dll); second definition ignored
libcrypto_static.lib(v3_cpols.obj) : warning LNK4006: CERTIFICATEPOLICIES_it already defined in libcrypto.lib(libcrypto-1_1-x64.dll); second definition ignored
libcrypto_static.lib(v3_cpols.obj) : warning LNK4006: POLICYINFO_it already defined in libcrypto.lib(libcrypto-1_1-x64.dll); second definition ignored
libcrypto_static.lib(v3_cpols.obj) : warning LNK4006: POLICYQUALINFO_it already defined in libcrypto.lib(libcrypto-1_1-x64.dll); second definition ignored
libcrypto_static.lib(v3_cpols.obj) : warning LNK4006: USERNOTICE_it already defined in libcrypto.lib(libcrypto-1_1-x64.dll); second definition ignored
libcrypto_static.lib(v3_cpols.obj) : warning LNK4006: NOTICEREF_it already defined in libcrypto.lib(libcrypto-1_1-x64.dll); second definition ignored
libcrypto_static.lib(v3_cpols.obj) : warning LNK4006: CERTIFICATEPOLICIES_new already defined in libcrypto.lib(libcrypto-1_1-x64.dll); second definition ignored
libcrypto_static.lib(v3_cpols.obj) : warning LNK4006: CERTIFICATEPOLICIES_free already defined in libcrypto.lib(libcrypto-1_1-x64.dll); second definition ignored
libcrypto_static.lib(v3_cpols.obj) : warning LNK4006: d2i_CERTIFICATEPOLICIES already defined in libcrypto.lib(libcrypto-1_1-x64.dll); second definition ignored
libcrypto_static.lib(v3_cpols.obj) : warning LNK4006: i2d_CERTIFICATEPOLICIES already defined in libcrypto.lib(libcrypto-1_1-x64.dll); second definition ignored
libcrypto_static.lib(v3_cpols.obj) : warning LNK4006: POLICYINFO_new already defined in libcrypto.lib(libcrypto-1_1-x64.dll); second definition ignored
libcrypto_static.lib(v3_cpols.obj) : warning LNK4006: POLICYINFO_free already defined in libcrypto.lib(libcrypto-1_1-x64.dll); second definition ignored
libcrypto_static.lib(v3_cpols.obj) : warning LNK4006: d2i_POLICYINFO already defined in libcrypto.lib(libcrypto-1_1-x64.dll); second definition ignored
libcrypto_static.lib(v3_cpols.obj) : warning LNK4006: i2d_POLICYINFO already defined in libcrypto.lib(libcrypto-1_1-x64.dll); second definition ignored
libcrypto_static.lib(v3_cpols.obj) : warning LNK4006: POLICYQUALINFO_new already defined in libcrypto.lib(libcrypto-1_1-x64.dll); second definition ignored
libcrypto_static.lib(v3_cpols.obj) : warning LNK4006: POLICYQUALINFO_free already defined in libcrypto.lib(libcrypto-1_1-x64.dll); second definition ignored
libcrypto_static.lib(v3_cpols.obj) : warning LNK4006: d2i_POLICYQUALINFO already defined in libcrypto.lib(libcrypto-1_1-x64.dll); second definition ignored
libcrypto_static.lib(v3_cpols.obj) : warning LNK4006: i2d_POLICYQUALINFO already defined in libcrypto.lib(libcrypto-1_1-x64.dll); second definition ignored
libcrypto_static.lib(v3_cpols.obj) : warning LNK4006: USERNOTICE_new already defined in libcrypto.lib(libcrypto-1_1-x64.dll); second definition ignored
libcrypto_static.lib(v3_cpols.obj) : warning LNK4006: USERNOTICE_free already defined in libcrypto.lib(libcrypto-1_1-x64.dll); second definition ignored
libcrypto_static.lib(v3_cpols.obj) : warning LNK4006: d2i_USERNOTICE already defined in libcrypto.lib(libcrypto-1_1-x64.dll); second definition ignored
libcrypto_static.lib(v3_cpols.obj) : warning LNK4006: i2d_USERNOTICE already defined in libcrypto.lib(libcrypto-1_1-x64.dll); second definition ignored
libcrypto_static.lib(v3_cpols.obj) : warning LNK4006: NOTICEREF_new already defined in libcrypto.lib(libcrypto-1_1-x64.dll); second definition ignored
libcrypto_static.lib(v3_cpols.obj) : warning LNK4006: NOTICEREF_free already defined in libcrypto.lib(libcrypto-1_1-x64.dll); second definition ignored
libcrypto_static.lib(v3_cpols.obj) : warning LNK4006: d2i_NOTICEREF already defined in libcrypto.lib(libcrypto-1_1-x64.dll); second definition ignored
libcrypto_static.lib(v3_cpols.obj) : warning LNK4006: i2d_NOTICEREF already defined in libcrypto.lib(libcrypto-1_1-x64.dll); second definition ignored
libcrypto_static.lib(v3_cpols.obj) : warning LNK4006: X509_POLICY_NODE_print already defined in libcrypto.lib(libcrypto-1_1-x64.dll); second definition ignored
libcrypto_static.lib(v3_crld.obj) : warning LNK4006: CRL_DIST_POINTS_it already defined in libcrypto.lib(libcrypto-1_1-x64.dll); second definition ignored
libcrypto_static.lib(v3_crld.obj) : warning LNK4006: DIST_POINT_it already defined in libcrypto.lib(libcrypto-1_1-x64.dll); second definition ignored
libcrypto_static.lib(v3_crld.obj) : warning LNK4006: DIST_POINT_NAME_it already defined in libcrypto.lib(libcrypto-1_1-x64.dll); second definition ignored
libcrypto_static.lib(v3_crld.obj) : warning LNK4006: ISSUING_DIST_POINT_it already defined in libcrypto.lib(libcrypto-1_1-x64.dll); second definition ignored
libcrypto_static.lib(v3_crld.obj) : warning LNK4006: CRL_DIST_POINTS_new already defined in libcrypto.lib(libcrypto-1_1-x64.dll); second definition ignored
libcrypto_static.lib(v3_crld.obj) : warning LNK4006: CRL_DIST_POINTS_free already defined in libcrypto.lib(libcrypto-1_1-x64.dll); second definition ignored
libcrypto_static.lib(v3_crld.obj) : warning LNK4006: d2i_CRL_DIST_POINTS already defined in libcrypto.lib(libcrypto-1_1-x64.dll); second definition ignored
libcrypto_static.lib(v3_crld.obj) : warning LNK4006: i2d_CRL_DIST_POINTS already defined in libcrypto.lib(libcrypto-1_1-x64.dll); second definition ignored
libcrypto_static.lib(v3_crld.obj) : warning LNK4006: DIST_POINT_new already defined in libcrypto.lib(libcrypto-1_1-x64.dll); second definition ignored
libcrypto_static.lib(v3_crld.obj) : warning LNK4006: DIST_POINT_free already defined in libcrypto.lib(libcrypto-1_1-x64.dll); second definition ignored
libcrypto_static.lib(v3_crld.obj) : warning LNK4006: d2i_DIST_POINT already defined in libcrypto.lib(libcrypto-1_1-x64.dll); second definition ignored
libcrypto_static.lib(v3_crld.obj) : warning LNK4006: i2d_DIST_POINT already defined in libcrypto.lib(libcrypto-1_1-x64.dll); second definition ignored
libcrypto_static.lib(v3_crld.obj) : warning LNK4006: DIST_POINT_NAME_new already defined in libcrypto.lib(libcrypto-1_1-x64.dll); second definition ignored
libcrypto_static.lib(v3_crld.obj) : warning LNK4006: DIST_POINT_NAME_free already defined in libcrypto.lib(libcrypto-1_1-x64.dll); second definition ignored
libcrypto_static.lib(v3_crld.obj) : warning LNK4006: d2i_DIST_POINT_NAME already defined in libcrypto.lib(libcrypto-1_1-x64.dll); second definition ignored
libcrypto_static.lib(v3_crld.obj) : warning LNK4006: i2d_DIST_POINT_NAME already defined in libcrypto.lib(libcrypto-1_1-x64.dll); second definition ignored
libcrypto_static.lib(v3_crld.obj) : warning LNK4006: ISSUING_DIST_POINT_new already defined in libcrypto.lib(libcrypto-1_1-x64.dll); second definition ignored
libcrypto_static.lib(v3_crld.obj) : warning LNK4006: ISSUING_DIST_POINT_free already defined in libcrypto.lib(libcrypto-1_1-x64.dll); second definition ignored
libcrypto_static.lib(v3_crld.obj) : warning LNK4006: d2i_ISSUING_DIST_POINT already defined in libcrypto.lib(libcrypto-1_1-x64.dll); second definition ignored
libcrypto_static.lib(v3_crld.obj) : warning LNK4006: i2d_ISSUING_DIST_POINT already defined in libcrypto.lib(libcrypto-1_1-x64.dll); second definition ignored
libcrypto_static.lib(v3_crld.obj) : warning LNK4006: DIST_POINT_set_dpname already defined in libcrypto.lib(libcrypto-1_1-x64.dll); second definition ignored
libcrypto_static.lib(v3_enum.obj) : warning LNK4006: i2s_ASN1_ENUMERATED_TABLE already defined in libcrypto.lib(libcrypto-1_1-x64.dll); second definition ignored
libcrypto_static.lib(v3_extku.obj) : warning LNK4006: EXTENDED_KEY_USAGE_it already defined in libcrypto.lib(libcrypto-1_1-x64.dll); second definition ignored
libcrypto_static.lib(v3_extku.obj) : warning LNK4006: EXTENDED_KEY_USAGE_new already defined in libcrypto.lib(libcrypto-1_1-x64.dll); second definition ignored
libcrypto_static.lib(v3_extku.obj) : warning LNK4006: EXTENDED_KEY_USAGE_free already defined in libcrypto.lib(libcrypto-1_1-x64.dll); second definition ignored
libcrypto_static.lib(v3_extku.obj) : warning LNK4006: d2i_EXTENDED_KEY_USAGE already defined in libcrypto.lib(libcrypto-1_1-x64.dll); second definition ignored
libcrypto_static.lib(v3_extku.obj) : warning LNK4006: i2d_EXTENDED_KEY_USAGE already defined in libcrypto.lib(libcrypto-1_1-x64.dll); second definition ignored
libcrypto_static.lib(v3_genn.obj) : warning LNK4006: GENERAL_NAME_it already defined in libcrypto.lib(libcrypto-1_1-x64.dll); second definition ignored
libcrypto_static.lib(v3_genn.obj) : warning LNK4006: OTHERNAME_it already defined in libcrypto.lib(libcrypto-1_1-x64.dll); second definition ignored
libcrypto_static.lib(v3_genn.obj) : warning LNK4006: EDIPARTYNAME_it already defined in libcrypto.lib(libcrypto-1_1-x64.dll); second definition ignored
libcrypto_static.lib(v3_genn.obj) : warning LNK4006: GENERAL_NAME_new already defined in libcrypto.lib(libcrypto-1_1-x64.dll); second definition ignored
libcrypto_static.lib(v3_genn.obj) : warning LNK4006: GENERAL_NAME_free already defined in libcrypto.lib(libcrypto-1_1-x64.dll); second definition ignored
libcrypto_static.lib(v3_genn.obj) : warning LNK4006: d2i_GENERAL_NAME already defined in libcrypto.lib(libcrypto-1_1-x64.dll); second definition ignored
libcrypto_static.lib(v3_genn.obj) : warning LNK4006: i2d_GENERAL_NAME already defined in libcrypto.lib(libcrypto-1_1-x64.dll); second definition ignored
libcrypto_static.lib(v3_genn.obj) : warning LNK4006: GENERAL_NAME_dup already defined in libcrypto.lib(libcrypto-1_1-x64.dll); second definition ignored
libcrypto_static.lib(v3_genn.obj) : warning LNK4006: GENERAL_NAME_cmp already defined in libcrypto.lib(libcrypto-1_1-x64.dll); second definition ignored
libcrypto_static.lib(v3_genn.obj) : warning LNK4006: GENERAL_NAMES_new already defined in libcrypto.lib(libcrypto-1_1-x64.dll); second definition ignored
libcrypto_static.lib(v3_genn.obj) : warning LNK4006: GENERAL_NAMES_free already defined in libcrypto.lib(libcrypto-1_1-x64.dll); second definition ignored
libcrypto_static.lib(v3_genn.obj) : warning LNK4006: d2i_GENERAL_NAMES already defined in libcrypto.lib(libcrypto-1_1-x64.dll); second definition ignored
libcrypto_static.lib(v3_genn.obj) : warning LNK4006: i2d_GENERAL_NAMES already defined in libcrypto.lib(libcrypto-1_1-x64.dll); second definition ignored
libcrypto_static.lib(v3_genn.obj) : warning LNK4006: GENERAL_NAMES_it already defined in libcrypto.lib(libcrypto-1_1-x64.dll); second definition ignored
libcrypto_static.lib(v3_genn.obj) : warning LNK4006: OTHERNAME_new already defined in libcrypto.lib(libcrypto-1_1-x64.dll); second definition ignored
libcrypto_static.lib(v3_genn.obj) : warning LNK4006: OTHERNAME_free already defined in libcrypto.lib(libcrypto-1_1-x64.dll); second definition ignored
libcrypto_static.lib(v3_genn.obj) : warning LNK4006: d2i_OTHERNAME already defined in libcrypto.lib(libcrypto-1_1-x64.dll); second definition ignored
libcrypto_static.lib(v3_genn.obj) : warning LNK4006: i2d_OTHERNAME already defined in libcrypto.lib(libcrypto-1_1-x64.dll); second definition ignored
libcrypto_static.lib(v3_genn.obj) : warning LNK4006: EDIPARTYNAME_new already defined in libcrypto.lib(libcrypto-1_1-x64.dll); second definition ignored
libcrypto_static.lib(v3_genn.obj) : warning LNK4006: EDIPARTYNAME_free already defined in libcrypto.lib(libcrypto-1_1-x64.dll); second definition ignored
libcrypto_static.lib(v3_genn.obj) : warning LNK4006: d2i_EDIPARTYNAME already defined in libcrypto.lib(libcrypto-1_1-x64.dll); second definition ignored
libcrypto_static.lib(v3_genn.obj) : warning LNK4006: i2d_EDIPARTYNAME already defined in libcrypto.lib(libcrypto-1_1-x64.dll); second definition ignored
libcrypto_static.lib(v3_genn.obj) : warning LNK4006: OTHERNAME_cmp already defined in libcrypto.lib(libcrypto-1_1-x64.dll); second definition ignored
libcrypto_static.lib(v3_genn.obj) : warning LNK4006: GENERAL_NAME_set0_value already defined in libcrypto.lib(libcrypto-1_1-x64.dll); second definition ignored
libcrypto_static.lib(v3_genn.obj) : warning LNK4006: GENERAL_NAME_get0_value already defined in libcrypto.lib(libcrypto-1_1-x64.dll); second definition ignored
libcrypto_static.lib(v3_genn.obj) : warning LNK4006: GENERAL_NAME_set0_othername already defined in libcrypto.lib(libcrypto-1_1-x64.dll); second definition ignored
libcrypto_static.lib(v3_genn.obj) : warning LNK4006: GENERAL_NAME_get0_otherName already defined in libcrypto.lib(libcrypto-1_1-x64.dll); second definition ignored
libcrypto_static.lib(v3_ia5.obj) : warning LNK4006: i2s_ASN1_IA5STRING already defined in libcrypto.lib(libcrypto-1_1-x64.dll); second definition ignored
libcrypto_static.lib(v3_ia5.obj) : warning LNK4006: s2i_ASN1_IA5STRING already defined in libcrypto.lib(libcrypto-1_1-x64.dll); second definition ignored
libcrypto_static.lib(v3_info.obj) : warning LNK4006: ACCESS_DESCRIPTION_it already defined in libcrypto.lib(libcrypto-1_1-x64.dll); second definition ignored
libcrypto_static.lib(v3_info.obj) : warning LNK4006: AUTHORITY_INFO_ACCESS_it already defined in libcrypto.lib(libcrypto-1_1-x64.dll); second definition ignored
libcrypto_static.lib(v3_info.obj) : warning LNK4006: i2a_ACCESS_DESCRIPTION already defined in libcrypto.lib(libcrypto-1_1-x64.dll); second definition ignored
libcrypto_static.lib(v3_info.obj) : warning LNK4006: ACCESS_DESCRIPTION_new already defined in libcrypto.lib(libcrypto-1_1-x64.dll); second definition ignored
libcrypto_static.lib(v3_info.obj) : warning LNK4006: ACCESS_DESCRIPTION_free already defined in libcrypto.lib(libcrypto-1_1-x64.dll); second definition ignored
libcrypto_static.lib(v3_info.obj) : warning LNK4006: d2i_ACCESS_DESCRIPTION already defined in libcrypto.lib(libcrypto-1_1-x64.dll); second definition ignored
libcrypto_static.lib(v3_info.obj) : warning LNK4006: i2d_ACCESS_DESCRIPTION already defined in libcrypto.lib(libcrypto-1_1-x64.dll); second definition ignored
libcrypto_static.lib(v3_info.obj) : warning LNK4006: AUTHORITY_INFO_ACCESS_new already defined in libcrypto.lib(libcrypto-1_1-x64.dll); second definition ignored
libcrypto_static.lib(v3_info.obj) : warning LNK4006: AUTHORITY_INFO_ACCESS_free already defined in libcrypto.lib(libcrypto-1_1-x64.dll); second definition ignored
libcrypto_static.lib(v3_info.obj) : warning LNK4006: d2i_AUTHORITY_INFO_ACCESS already defined in libcrypto.lib(libcrypto-1_1-x64.dll); second definition ignored
libcrypto_static.lib(v3_info.obj) : warning LNK4006: i2d_AUTHORITY_INFO_ACCESS already defined in libcrypto.lib(libcrypto-1_1-x64.dll); second definition ignored
libcrypto_static.lib(v3_lib.obj) : warning LNK4006: X509V3_EXT_add already defined in libcrypto.lib(libcrypto-1_1-x64.dll); second definition ignored
libcrypto_static.lib(v3_lib.obj) : warning LNK4006: X509V3_EXT_add_list already defined in libcrypto.lib(libcrypto-1_1-x64.dll); second definition ignored
libcrypto_static.lib(v3_lib.obj) : warning LNK4006: X509V3_EXT_add_alias already defined in libcrypto.lib(libcrypto-1_1-x64.dll); second definition ignored
libcrypto_static.lib(v3_lib.obj) : warning LNK4006: X509V3_EXT_cleanup already defined in libcrypto.lib(libcrypto-1_1-x64.dll); second definition ignored
libcrypto_static.lib(v3_lib.obj) : warning LNK4006: X509V3_EXT_get already defined in libcrypto.lib(libcrypto-1_1-x64.dll); second definition ignored
libcrypto_static.lib(v3_lib.obj) : warning LNK4006: X509V3_EXT_get_nid already defined in libcrypto.lib(libcrypto-1_1-x64.dll); second definition ignored
libcrypto_static.lib(v3_lib.obj) : warning LNK4006: X509V3_add_standard_extensions already defined in libcrypto.lib(libcrypto-1_1-x64.dll); second definition ignored
libcrypto_static.lib(v3_lib.obj) : warning LNK4006: X509V3_EXT_d2i already defined in libcrypto.lib(libcrypto-1_1-x64.dll); second definition ignored
libcrypto_static.lib(v3_lib.obj) : warning LNK4006: X509V3_get_d2i already defined in libcrypto.lib(libcrypto-1_1-x64.dll); second definition ignored
libcrypto_static.lib(v3_lib.obj) : warning LNK4006: X509V3_add1_i2d already defined in libcrypto.lib(libcrypto-1_1-x64.dll); second definition ignored
libcrypto_static.lib(v3_ncons.obj) : warning LNK4006: GENERAL_SUBTREE_it already defined in libcrypto.lib(libcrypto-1_1-x64.dll); second definition ignored
libcrypto_static.lib(v3_ncons.obj) : warning LNK4006: NAME_CONSTRAINTS_it already defined in libcrypto.lib(libcrypto-1_1-x64.dll); second definition ignored
libcrypto_static.lib(v3_ncons.obj) : warning LNK4006: NAME_CONSTRAINTS_check already defined in libcrypto.lib(libcrypto-1_1-x64.dll); second definition ignored
libcrypto_static.lib(v3_ncons.obj) : warning LNK4006: NAME_CONSTRAINTS_check_CN already defined in libcrypto.lib(libcrypto-1_1-x64.dll); second definition ignored
libcrypto_static.lib(v3_ncons.obj) : warning LNK4006: GENERAL_SUBTREE_new already defined in libcrypto.lib(libcrypto-1_1-x64.dll); second definition ignored
libcrypto_static.lib(v3_ncons.obj) : warning LNK4006: GENERAL_SUBTREE_free already defined in libcrypto.lib(libcrypto-1_1-x64.dll); second definition ignored
libcrypto_static.lib(v3_ncons.obj) : warning LNK4006: NAME_CONSTRAINTS_new already defined in libcrypto.lib(libcrypto-1_1-x64.dll); second definition ignored
libcrypto_static.lib(v3_ncons.obj) : warning LNK4006: NAME_CONSTRAINTS_free already defined in libcrypto.lib(libcrypto-1_1-x64.dll); second definition ignored
libcrypto_static.lib(v3_pcia.obj) : warning LNK4006: PROXY_POLICY_it already defined in libcrypto.lib(libcrypto-1_1-x64.dll); second definition ignored
libcrypto_static.lib(v3_pcia.obj) : warning LNK4006: PROXY_POLICY_new already defined in libcrypto.lib(libcrypto-1_1-x64.dll); second definition ignored
libcrypto_static.lib(v3_pcia.obj) : warning LNK4006: PROXY_POLICY_free already defined in libcrypto.lib(libcrypto-1_1-x64.dll); second definition ignored
libcrypto_static.lib(v3_pcia.obj) : warning LNK4006: d2i_PROXY_POLICY already defined in libcrypto.lib(libcrypto-1_1-x64.dll); second definition ignored
libcrypto_static.lib(v3_pcia.obj) : warning LNK4006: i2d_PROXY_POLICY already defined in libcrypto.lib(libcrypto-1_1-x64.dll); second definition ignored
libcrypto_static.lib(v3_pcia.obj) : warning LNK4006: PROXY_CERT_INFO_EXTENSION_new already defined in libcrypto.lib(libcrypto-1_1-x64.dll); second definition ignored
libcrypto_static.lib(v3_pcia.obj) : warning LNK4006: PROXY_CERT_INFO_EXTENSION_free already defined in libcrypto.lib(libcrypto-1_1-x64.dll); second definition ignored
libcrypto_static.lib(v3_pcia.obj) : warning LNK4006: d2i_PROXY_CERT_INFO_EXTENSION already defined in libcrypto.lib(libcrypto-1_1-x64.dll); second definition ignored
libcrypto_static.lib(v3_pcia.obj) : warning LNK4006: i2d_PROXY_CERT_INFO_EXTENSION already defined in libcrypto.lib(libcrypto-1_1-x64.dll); second definition ignored
libcrypto_static.lib(v3_pcia.obj) : warning LNK4006: PROXY_CERT_INFO_EXTENSION_it already defined in libcrypto.lib(libcrypto-1_1-x64.dll); second definition ignored
libcrypto_static.lib(v3_pcons.obj) : warning LNK4006: POLICY_CONSTRAINTS_it already defined in libcrypto.lib(libcrypto-1_1-x64.dll); second definition ignored
libcrypto_static.lib(v3_pcons.obj) : warning LNK4006: POLICY_CONSTRAINTS_new already defined in libcrypto.lib(libcrypto-1_1-x64.dll); second definition ignored
libcrypto_static.lib(v3_pcons.obj) : warning LNK4006: POLICY_CONSTRAINTS_free already defined in libcrypto.lib(libcrypto-1_1-x64.dll); second definition ignored
libcrypto_static.lib(v3_pku.obj) : warning LNK4006: PKEY_USAGE_PERIOD_it already defined in libcrypto.lib(libcrypto-1_1-x64.dll); second definition ignored
libcrypto_static.lib(v3_pku.obj) : warning LNK4006: PKEY_USAGE_PERIOD_new already defined in libcrypto.lib(libcrypto-1_1-x64.dll); second definition ignored
libcrypto_static.lib(v3_pku.obj) : warning LNK4006: PKEY_USAGE_PERIOD_free already defined in libcrypto.lib(libcrypto-1_1-x64.dll); second definition ignored
libcrypto_static.lib(v3_pku.obj) : warning LNK4006: d2i_PKEY_USAGE_PERIOD already defined in libcrypto.lib(libcrypto-1_1-x64.dll); second definition ignored
libcrypto_static.lib(v3_pku.obj) : warning LNK4006: i2d_PKEY_USAGE_PERIOD already defined in libcrypto.lib(libcrypto-1_1-x64.dll); second definition ignored
libcrypto_static.lib(v3_pmaps.obj) : warning LNK4006: POLICY_MAPPING_it already defined in libcrypto.lib(libcrypto-1_1-x64.dll); second definition ignored
libcrypto_static.lib(v3_pmaps.obj) : warning LNK4006: POLICY_MAPPINGS_it already defined in libcrypto.lib(libcrypto-1_1-x64.dll); second definition ignored
libcrypto_static.lib(v3_pmaps.obj) : warning LNK4006: POLICY_MAPPING_new already defined in libcrypto.lib(libcrypto-1_1-x64.dll); second definition ignored
libcrypto_static.lib(v3_pmaps.obj) : warning LNK4006: POLICY_MAPPING_free already defined in libcrypto.lib(libcrypto-1_1-x64.dll); second definition ignored
libcrypto_static.lib(v3_prn.obj) : warning LNK4006: X509V3_EXT_val_prn already defined in libcrypto.lib(libcrypto-1_1-x64.dll); second definition ignored
libcrypto_static.lib(v3_prn.obj) : warning LNK4006: X509V3_EXT_print already defined in libcrypto.lib(libcrypto-1_1-x64.dll); second definition ignored
libcrypto_static.lib(v3_prn.obj) : warning LNK4006: X509V3_EXT_print_fp already defined in libcrypto.lib(libcrypto-1_1-x64.dll); second definition ignored
libcrypto_static.lib(v3_prn.obj) : warning LNK4006: X509V3_extensions_print already defined in libcrypto.lib(libcrypto-1_1-x64.dll); second definition ignored
libcrypto_static.lib(v3_purp.obj) : warning LNK4006: X509_get_pathlen already defined in libcrypto.lib(libcrypto-1_1-x64.dll); second definition ignored
libcrypto_static.lib(v3_purp.obj) : warning LNK4006: X509_check_ca already defined in libcrypto.lib(libcrypto-1_1-x64.dll); second definition ignored
libcrypto_static.lib(v3_purp.obj) : warning LNK4006: X509_check_purpose already defined in libcrypto.lib(libcrypto-1_1-x64.dll); second definition ignored
libcrypto_static.lib(v3_purp.obj) : warning LNK4006: X509_supported_extension already defined in libcrypto.lib(libcrypto-1_1-x64.dll); second definition ignored
libcrypto_static.lib(v3_purp.obj) : warning LNK4006: X509_PURPOSE_set already defined in libcrypto.lib(libcrypto-1_1-x64.dll); second definition ignored
libcrypto_static.lib(v3_purp.obj) : warning LNK4006: X509_check_issued already defined in libcrypto.lib(libcrypto-1_1-x64.dll); second definition ignored
libcrypto_static.lib(v3_purp.obj) : warning LNK4006: X509_check_akid already defined in libcrypto.lib(libcrypto-1_1-x64.dll); second definition ignored
libcrypto_static.lib(v3_purp.obj) : warning LNK4006: X509_set_proxy_flag already defined in libcrypto.lib(libcrypto-1_1-x64.dll); second definition ignored
libcrypto_static.lib(v3_purp.obj) : warning LNK4006: X509_set_proxy_pathlen already defined in libcrypto.lib(libcrypto-1_1-x64.dll); second definition ignored
libcrypto_static.lib(v3_purp.obj) : warning LNK4006: X509_get_proxy_pathlen already defined in libcrypto.lib(libcrypto-1_1-x64.dll); second definition ignored
libcrypto_static.lib(v3_purp.obj) : warning LNK4006: X509_get_extension_flags already defined in libcrypto.lib(libcrypto-1_1-x64.dll); second definition ignored
libcrypto_static.lib(v3_purp.obj) : warning LNK4006: X509_get_key_usage already defined in libcrypto.lib(libcrypto-1_1-x64.dll); second definition ignored
libcrypto_static.lib(v3_purp.obj) : warning LNK4006: X509_get_extended_key_usage already defined in libcrypto.lib(libcrypto-1_1-x64.dll); second definition ignored
libcrypto_static.lib(v3_purp.obj) : warning LNK4006: X509_get0_subject_key_id already defined in libcrypto.lib(libcrypto-1_1-x64.dll); second definition ignored
libcrypto_static.lib(v3_purp.obj) : warning LNK4006: X509_get0_authority_key_id already defined in libcrypto.lib(libcrypto-1_1-x64.dll); second definition ignored
libcrypto_static.lib(v3_purp.obj) : warning LNK4006: X509_PURPOSE_get_count already defined in libcrypto.lib(libcrypto-1_1-x64.dll); second definition ignored
libcrypto_static.lib(v3_purp.obj) : warning LNK4006: X509_PURPOSE_get0 already defined in libcrypto.lib(libcrypto-1_1-x64.dll); second definition ignored
libcrypto_static.lib(v3_purp.obj) : warning LNK4006: X509_PURPOSE_get_by_sname already defined in libcrypto.lib(libcrypto-1_1-x64.dll); second definition ignored
libcrypto_static.lib(v3_purp.obj) : warning LNK4006: X509_PURPOSE_get_by_id already defined in libcrypto.lib(libcrypto-1_1-x64.dll); second definition ignored
libcrypto_static.lib(v3_purp.obj) : warning LNK4006: X509_PURPOSE_add already defined in libcrypto.lib(libcrypto-1_1-x64.dll); second definition ignored
libcrypto_static.lib(v3_purp.obj) : warning LNK4006: X509_PURPOSE_get0_name already defined in libcrypto.lib(libcrypto-1_1-x64.dll); second definition ignored
libcrypto_static.lib(v3_purp.obj) : warning LNK4006: X509_PURPOSE_get0_sname already defined in libcrypto.lib(libcrypto-1_1-x64.dll); second definition ignored
libcrypto_static.lib(v3_purp.obj) : warning LNK4006: X509_PURPOSE_get_trust already defined in libcrypto.lib(libcrypto-1_1-x64.dll); second definition ignored
libcrypto_static.lib(v3_purp.obj) : warning LNK4006: X509_PURPOSE_cleanup already defined in libcrypto.lib(libcrypto-1_1-x64.dll); second definition ignored
libcrypto_static.lib(v3_purp.obj) : warning LNK4006: X509_PURPOSE_get_id already defined in libcrypto.lib(libcrypto-1_1-x64.dll); second definition ignored
libcrypto_static.lib(v3_skey.obj) : warning LNK4006: i2s_ASN1_OCTET_STRING already defined in libcrypto.lib(libcrypto-1_1-x64.dll); second definition ignored
libcrypto_static.lib(v3_skey.obj) : warning LNK4006: s2i_ASN1_OCTET_STRING already defined in libcrypto.lib(libcrypto-1_1-x64.dll); second definition ignored
libcrypto_static.lib(v3_sxnet.obj) : warning LNK4006: SXNET_it already defined in libcrypto.lib(libcrypto-1_1-x64.dll); second definition ignored
libcrypto_static.lib(v3_sxnet.obj) : warning LNK4006: SXNETID_it already defined in libcrypto.lib(libcrypto-1_1-x64.dll); second definition ignored
libcrypto_static.lib(v3_sxnet.obj) : warning LNK4006: SXNET_new already defined in libcrypto.lib(libcrypto-1_1-x64.dll); second definition ignored
libcrypto_static.lib(v3_sxnet.obj) : warning LNK4006: SXNET_free already defined in libcrypto.lib(libcrypto-1_1-x64.dll); second definition ignored
libcrypto_static.lib(v3_sxnet.obj) : warning LNK4006: d2i_SXNET already defined in libcrypto.lib(libcrypto-1_1-x64.dll); second definition ignored
libcrypto_static.lib(v3_sxnet.obj) : warning LNK4006: i2d_SXNET already defined in libcrypto.lib(libcrypto-1_1-x64.dll); second definition ignored
libcrypto_static.lib(v3_sxnet.obj) : warning LNK4006: SXNETID_new already defined in libcrypto.lib(libcrypto-1_1-x64.dll); second definition ignored
libcrypto_static.lib(v3_sxnet.obj) : warning LNK4006: SXNETID_free already defined in libcrypto.lib(libcrypto-1_1-x64.dll); second definition ignored
libcrypto_static.lib(v3_sxnet.obj) : warning LNK4006: d2i_SXNETID already defined in libcrypto.lib(libcrypto-1_1-x64.dll); second definition ignored
libcrypto_static.lib(v3_sxnet.obj) : warning LNK4006: i2d_SXNETID already defined in libcrypto.lib(libcrypto-1_1-x64.dll); second definition ignored
libcrypto_static.lib(v3_sxnet.obj) : warning LNK4006: SXNET_add_id_asc already defined in libcrypto.lib(libcrypto-1_1-x64.dll); second definition ignored
libcrypto_static.lib(v3_sxnet.obj) : warning LNK4006: SXNET_add_id_ulong already defined in libcrypto.lib(libcrypto-1_1-x64.dll); second definition ignored
libcrypto_static.lib(v3_sxnet.obj) : warning LNK4006: SXNET_add_id_INTEGER already defined in libcrypto.lib(libcrypto-1_1-x64.dll); second definition ignored
libcrypto_static.lib(v3_sxnet.obj) : warning LNK4006: SXNET_get_id_asc already defined in libcrypto.lib(libcrypto-1_1-x64.dll); second definition ignored
libcrypto_static.lib(v3_sxnet.obj) : warning LNK4006: SXNET_get_id_ulong already defined in libcrypto.lib(libcrypto-1_1-x64.dll); second definition ignored
libcrypto_static.lib(v3_sxnet.obj) : warning LNK4006: SXNET_get_id_INTEGER already defined in libcrypto.lib(libcrypto-1_1-x64.dll); second definition ignored
libcrypto_static.lib(v3_tlsf.obj) : warning LNK4006: TLS_FEATURE_new already defined in libcrypto.lib(libcrypto-1_1-x64.dll); second definition ignored
libcrypto_static.lib(v3_tlsf.obj) : warning LNK4006: TLS_FEATURE_free already defined in libcrypto.lib(libcrypto-1_1-x64.dll); second definition ignored
libcrypto_static.lib(v3_utl.obj) : warning LNK4006: X509V3_conf_free already defined in libcrypto.lib(libcrypto-1_1-x64.dll); second definition ignored
libcrypto_static.lib(v3_utl.obj) : warning LNK4006: X509V3_add_value_bool_nf already defined in libcrypto.lib(libcrypto-1_1-x64.dll); second definition ignored
libcrypto_static.lib(v3_utl.obj) : warning LNK4006: X509V3_get_value_bool already defined in libcrypto.lib(libcrypto-1_1-x64.dll); second definition ignored
libcrypto_static.lib(v3_utl.obj) : warning LNK4006: X509V3_get_value_int already defined in libcrypto.lib(libcrypto-1_1-x64.dll); second definition ignored
libcrypto_static.lib(v3_utl.obj) : warning LNK4006: X509V3_add_value already defined in libcrypto.lib(libcrypto-1_1-x64.dll); second definition ignored
libcrypto_static.lib(v3_utl.obj) : warning LNK4006: X509V3_add_value_uchar already defined in libcrypto.lib(libcrypto-1_1-x64.dll); second definition ignored
libcrypto_static.lib(v3_utl.obj) : warning LNK4006: X509V3_add_value_bool already defined in libcrypto.lib(libcrypto-1_1-x64.dll); second definition ignored
libcrypto_static.lib(v3_utl.obj) : warning LNK4006: X509V3_add_value_int already defined in libcrypto.lib(libcrypto-1_1-x64.dll); second definition ignored
libcrypto_static.lib(v3_utl.obj) : warning LNK4006: i2s_ASN1_INTEGER already defined in libcrypto.lib(libcrypto-1_1-x64.dll); second definition ignored
libcrypto_static.lib(v3_utl.obj) : warning LNK4006: s2i_ASN1_INTEGER already defined in libcrypto.lib(libcrypto-1_1-x64.dll); second definition ignored
libcrypto_static.lib(v3_utl.obj) : warning LNK4006: i2s_ASN1_ENUMERATED already defined in libcrypto.lib(libcrypto-1_1-x64.dll); second definition ignored
libcrypto_static.lib(v3_utl.obj) : warning LNK4006: X509V3_parse_list already defined in libcrypto.lib(libcrypto-1_1-x64.dll); second definition ignored
libcrypto_static.lib(v3_utl.obj) : warning LNK4006: X509_get1_email already defined in libcrypto.lib(libcrypto-1_1-x64.dll); second definition ignored
libcrypto_static.lib(v3_utl.obj) : warning LNK4006: X509_REQ_get1_email already defined in libcrypto.lib(libcrypto-1_1-x64.dll); second definition ignored
libcrypto_static.lib(v3_utl.obj) : warning LNK4006: X509_email_free already defined in libcrypto.lib(libcrypto-1_1-x64.dll); second definition ignored
libcrypto_static.lib(v3_utl.obj) : warning LNK4006: X509_get1_ocsp already defined in libcrypto.lib(libcrypto-1_1-x64.dll); second definition ignored
libcrypto_static.lib(v3_utl.obj) : warning LNK4006: X509_check_host already defined in libcrypto.lib(libcrypto-1_1-x64.dll); second definition ignored
libcrypto_static.lib(v3_utl.obj) : warning LNK4006: X509_check_email already defined in libcrypto.lib(libcrypto-1_1-x64.dll); second definition ignored
libcrypto_static.lib(v3_utl.obj) : warning LNK4006: X509_check_ip already defined in libcrypto.lib(libcrypto-1_1-x64.dll); second definition ignored
libcrypto_static.lib(v3_utl.obj) : warning LNK4006: X509_check_ip_asc already defined in libcrypto.lib(libcrypto-1_1-x64.dll); second definition ignored
libcrypto_static.lib(v3_utl.obj) : warning LNK4006: a2i_IPADDRESS already defined in libcrypto.lib(libcrypto-1_1-x64.dll); second definition ignored
libcrypto_static.lib(v3_utl.obj) : warning LNK4006: a2i_IPADDRESS_NC already defined in libcrypto.lib(libcrypto-1_1-x64.dll); second definition ignored
libcrypto_static.lib(v3_utl.obj) : warning LNK4006: X509V3_NAME_from_section already defined in libcrypto.lib(libcrypto-1_1-x64.dll); second definition ignored
libcrypto_static.lib(v3err.obj) : warning LNK4006: ERR_load_X509V3_strings already defined in libcrypto.lib(libcrypto-1_1-x64.dll); second definition ignored
libcrypto_static.lib(x86_64cpuid.obj) : warning LNK4006: OPENSSL_cleanse already defined in libcrypto.lib(libcrypto-1_1-x64.dll); second definition ignored
libcrypto_static.lib(x86_64cpuid.obj) : warning LNK4006: CRYPTO_memcmp already defined in libcrypto.lib(libcrypto-1_1-x64.dll); second definition ignored
  aes-static.vcxproj -> E:\VS_Projects\TCPAES\x64\Debug\aes-static.lib
